SET TRACE_LEVEL_FILE 1;
SET WRITE_DELAY 500;
SET CLUSTER '';
SET DEFAULT_TABLE_TYPE 0;
SET LOCK_MODE 1;
SET DEFAULT_LOCK_TIMEOUT 1000;
SET TRACE_LEVEL_SYSTEM_OUT 0;
SET CACHE_SIZE 65536;
CREATE USER IF NOT EXISTS SA SALT '4d4bde24451b39fc' HASH 'a138910b3498aca98a74ce90991fcfd645af369ef0f0d7d2d2cb4b723a44685a' ADMIN;
CREATE SEQUENCE PUBLIC.OUTPUTPROPTYPEID START WITH 9;
CREATE SEQUENCE PUBLIC.OUTPUTID START WITH 222;
CREATE SEQUENCE PUBLIC.WORKTYPEID START WITH 16;
CREATE SEQUENCE PUBLIC.DOCID START WITH 2860;
CREATE SEQUENCE PUBLIC.OUTPUTTYPEID START WITH 26;
CREATE SEQUENCE PUBLIC.CHECKPOINTID START WITH 14;
CREATE CACHED TABLE PUBLIC.DOC(
    DOCID INT NOT NULL,
    DOCTYPEID INT,
    DOCTITLE VARCHAR(100) NOT NULL,
    DOCCONT VARCHAR(65535),
    NEWDATE TIMESTAMP,
    USERNAME VARCHAR(50),
    SORTTYPEID INT,
    VERSIONNO INT
);
-- 558 = SELECT COUNT(*) FROM PUBLIC.DOC;
INSERT INTO PUBLIC.DOC(DOCID, DOCTYPEID, DOCTITLE, DOCCONT, NEWDATE, USERNAME, SORTTYPEID, VERSIONNO) VALUES(82, 1, 'test', '', TIMESTAMP '2009-07-17 00:26:00.0', STRINGDECODE('\u30aa\u30ed\u30c1\u30e7\u30f3'), 0, 4);
INSERT INTO PUBLIC.DOC(DOCID, DOCTYPEID, DOCTITLE, DOCCONT, NEWDATE, USERNAME, SORTTYPEID, VERSIONNO) VALUES(83, 0, STRINGDECODE('\u6a5f\u80fd\u8981\u4ef6'), '', TIMESTAMP '2030-12-12 00:00:00.0', STRINGDECODE('\u30de\u30c3\u30ae\u30fc'), 20, 8);
INSERT INTO PUBLIC.DOC(DOCID, DOCTYPEID, DOCTITLE, DOCCONT, NEWDATE, USERNAME, SORTTYPEID, VERSIONNO) VALUES(86, 0, STRINGDECODE('\u30af\u30e9\u30a4\u30a2\u30f3\u30c8'), '', TIMESTAMP '2006-12-12 18:26:48.0', STRINGDECODE('\u30de\u30c3\u30ae\u30fc'), 20, 1);
INSERT INTO PUBLIC.DOC(DOCID, DOCTYPEID, DOCTITLE, DOCCONT, NEWDATE, USERNAME, SORTTYPEID, VERSIONNO) VALUES(141, 0, STRINGDECODE('\u6cbf\u7dda/\u6700\u5bc4\u99c5'), NULL, TIMESTAMP '2006-12-14 11:53:04.0', STRINGDECODE('\u6ff1\u5cf6'), 0, 0);
INSERT INTO PUBLIC.DOC(DOCID, DOCTYPEID, DOCTITLE, DOCCONT, NEWDATE, USERNAME, SORTTYPEID, VERSIONNO) VALUES(142, 0, STRINGDECODE('\u81ea\u5b85\u756a\u53f7'), NULL, TIMESTAMP '2006-12-14 11:53:13.0', STRINGDECODE('\u6ff1\u5cf6'), 0, 0);
INSERT INTO PUBLIC.DOC(DOCID, DOCTYPEID, DOCTITLE, DOCCONT, NEWDATE, USERNAME, SORTTYPEID, VERSIONNO) VALUES(143, 0, STRINGDECODE('\u643a\u5e2f\u756a\u53f7'), NULL, TIMESTAMP '2006-12-14 11:53:21.0', STRINGDECODE('\u6ff1\u5cf6'), 0, 0);
INSERT INTO PUBLIC.DOC(DOCID, DOCTYPEID, DOCTITLE, DOCCONT, NEWDATE, USERNAME, SORTTYPEID, VERSIONNO) VALUES(144, 0, STRINGDECODE('\u30e1\u30fc\u30eb\u30a2\u30c9\u30ec\u30b9'), NULL, TIMESTAMP '2006-12-14 11:53:34.0', STRINGDECODE('\u6ff1\u5cf6'), 0, 0);
INSERT INTO PUBLIC.DOC(DOCID, DOCTYPEID, DOCTITLE, DOCCONT, NEWDATE, USERNAME, SORTTYPEID, VERSIONNO) VALUES(145, 0, STRINGDECODE('\u643a\u5e2f\u30e1\u30fc\u30eb'), NULL, TIMESTAMP '2006-12-14 11:53:37.0', STRINGDECODE('\u6ff1\u5cf6'), 0, 0);
INSERT INTO PUBLIC.DOC(DOCID, DOCTYPEID, DOCTITLE, DOCCONT, NEWDATE, USERNAME, SORTTYPEID, VERSIONNO) VALUES(146, 0, STRINGDECODE('\u6700\u7d42\u5b66\u6b74'), NULL, TIMESTAMP '2006-12-14 11:53:51.0', STRINGDECODE('\u6ff1\u5cf6'), 0, 0);
INSERT INTO PUBLIC.DOC(DOCID, DOCTYPEID, DOCTITLE, DOCCONT, NEWDATE, USERNAME, SORTTYPEID, VERSIONNO) VALUES(147, 0, STRINGDECODE('\u5b66\u6821\u533a\u5206'), NULL, TIMESTAMP '2006-12-14 11:54:23.0', STRINGDECODE('\u6ff1\u5cf6'), 0, 0);
INSERT INTO PUBLIC.DOC(DOCID, DOCTYPEID, DOCTITLE, DOCCONT, NEWDATE, USERNAME, SORTTYPEID, VERSIONNO) VALUES(148, 0, STRINGDECODE('\u5352\u696d\u5e74'), NULL, TIMESTAMP '2006-12-14 11:54:34.0', STRINGDECODE('\u6ff1\u5cf6'), 0, 0);
INSERT INTO PUBLIC.DOC(DOCID, DOCTYPEID, DOCTITLE, DOCCONT, NEWDATE, USERNAME, SORTTYPEID, VERSIONNO) VALUES(149, 0, STRINGDECODE('\u5b66\u6821\u540d'), NULL, TIMESTAMP '2006-12-14 11:54:46.0', STRINGDECODE('\u6ff1\u5cf6'), 0, 0);
INSERT INTO PUBLIC.DOC(DOCID, DOCTYPEID, DOCTITLE, DOCCONT, NEWDATE, USERNAME, SORTTYPEID, VERSIONNO) VALUES(150, 0, STRINGDECODE('\u5c31\u696d\u7d4c\u9a13\uff11\uff5eN'), NULL, TIMESTAMP '2006-12-14 11:54:59.0', STRINGDECODE('\u6ff1\u5cf6'), 0, 0);
INSERT INTO PUBLIC.DOC(DOCID, DOCTYPEID, DOCTITLE, DOCCONT, NEWDATE, USERNAME, SORTTYPEID, VERSIONNO) VALUES(151, 0, STRINGDECODE('\u52e4\u52d9\u671f\u9593'), NULL, TIMESTAMP '2006-12-14 11:55:21.0', STRINGDECODE('\u6ff1\u5cf6'), 0, 0);
INSERT INTO PUBLIC.DOC(DOCID, DOCTYPEID, DOCTITLE, DOCCONT, NEWDATE, USERNAME, SORTTYPEID, VERSIONNO) VALUES(152, 0, STRINGDECODE('\u96c7\u7528\u5f62\u614b'), NULL, TIMESTAMP '2006-12-14 11:55:38.0', STRINGDECODE('\u6ff1\u5cf6'), 0, 0);
INSERT INTO PUBLIC.DOC(DOCID, DOCTYPEID, DOCTITLE, DOCCONT, NEWDATE, USERNAME, SORTTYPEID, VERSIONNO) VALUES(153, 0, STRINGDECODE('\u696d\u7a2e'), NULL, TIMESTAMP '2006-12-14 11:55:48.0', STRINGDECODE('\u6ff1\u5cf6'), 0, 0);
INSERT INTO PUBLIC.DOC(DOCID, DOCTYPEID, DOCTITLE, DOCCONT, NEWDATE, USERNAME, SORTTYPEID, VERSIONNO) VALUES(154, 0, STRINGDECODE('\u8077\u7a2e'), NULL, TIMESTAMP '2006-12-14 11:56:01.0', STRINGDECODE('\u6ff1\u5cf6'), 0, 0);
INSERT INTO PUBLIC.DOC(DOCID, DOCTYPEID, DOCTITLE, DOCCONT, NEWDATE, USERNAME, SORTTYPEID, VERSIONNO) VALUES(155, 0, STRINGDECODE('\u4ed5\u4e8b\u5185\u5bb9'), NULL, TIMESTAMP '2006-12-14 11:56:16.0', STRINGDECODE('\u6ff1\u5cf6'), 0, 0);
INSERT INTO PUBLIC.DOC(DOCID, DOCTYPEID, DOCTITLE, DOCCONT, NEWDATE, USERNAME, SORTTYPEID, VERSIONNO) VALUES(156, 0, STRINGDECODE('\uff2f\uff21\u30b9\u30ad\u30eb'), NULL, TIMESTAMP '2006-12-14 11:56:36.0', STRINGDECODE('\u6ff1\u5cf6'), 0, 0);
INSERT INTO PUBLIC.DOC(DOCID, DOCTYPEID, DOCTITLE, DOCCONT, NEWDATE, USERNAME, SORTTYPEID, VERSIONNO) VALUES(157, 0, STRINGDECODE('\u8a9e\u5b66\u30b9\u30ad\u30eb'), NULL, TIMESTAMP '2006-12-14 11:56:46.0', STRINGDECODE('\u6ff1\u5cf6'), 0, 0);
INSERT INTO PUBLIC.DOC(DOCID, DOCTYPEID, DOCTITLE, DOCCONT, NEWDATE, USERNAME, SORTTYPEID, VERSIONNO) VALUES(158, 0, STRINGDECODE('\u8cc7\u683c\uff11\uff5eN'), NULL, TIMESTAMP '2006-12-14 11:56:55.0', STRINGDECODE('\u6ff1\u5cf6'), 0, 0);
INSERT INTO PUBLIC.DOC(DOCID, DOCTYPEID, DOCTITLE, DOCCONT, NEWDATE, USERNAME, SORTTYPEID, VERSIONNO) VALUES(159, 0, STRINGDECODE('\u305d\u306e\u4ed6\u30a2\u30d4\u30fc\u30eb'), NULL, TIMESTAMP '2006-12-14 11:57:13.0', STRINGDECODE('\u6ff1\u5cf6'), 0, 0);
INSERT INTO PUBLIC.DOC(DOCID, DOCTYPEID, DOCTITLE, DOCCONT, NEWDATE, USERNAME, SORTTYPEID, VERSIONNO) VALUES(160, 0, STRINGDECODE('\u6b63\u5f0f\u540d\u79f0'), NULL, TIMESTAMP '2006-12-14 11:57:44.0', STRINGDECODE('\u6ff1\u5cf6'), 0, 0);
INSERT INTO PUBLIC.DOC(DOCID, DOCTYPEID, DOCTITLE, DOCCONT, NEWDATE, USERNAME, SORTTYPEID, VERSIONNO) VALUES(161, 0, STRINGDECODE('\u53d6\u5f97\u65e5'), NULL, TIMESTAMP '2006-12-14 11:57:52.0', STRINGDECODE('\u6ff1\u5cf6'), 0, 0);
INSERT INTO PUBLIC.DOC(DOCID, DOCTYPEID, DOCTITLE, DOCCONT, NEWDATE, USERNAME, SORTTYPEID, VERSIONNO) VALUES(162, 0, STRINGDECODE('\u5e0c\u671b\u6761\u4ef6\u540d'), NULL, TIMESTAMP '2006-12-14 11:58:56.0', STRINGDECODE('\u6ff1\u5cf6'), 0, 0);
INSERT INTO PUBLIC.DOC(DOCID, DOCTYPEID, DOCTITLE, DOCCONT, NEWDATE, USERNAME, SORTTYPEID, VERSIONNO) VALUES(163, 0, STRINGDECODE('\u52e4\u52d9\u5730'), NULL, TIMESTAMP '2006-12-14 11:59:02.0', STRINGDECODE('\u6ff1\u5cf6'), 0, 0);
INSERT INTO PUBLIC.DOC(DOCID, DOCTYPEID, DOCTITLE, DOCCONT, NEWDATE, USERNAME, SORTTYPEID, VERSIONNO) VALUES(164, 0, STRINGDECODE('\u8077\u7a2e'), NULL, TIMESTAMP '2006-12-14 11:59:10.0', STRINGDECODE('\u6ff1\u5cf6'), 0, 0);
INSERT INTO PUBLIC.DOC(DOCID, DOCTYPEID, DOCTITLE, DOCCONT, NEWDATE, USERNAME, SORTTYPEID, VERSIONNO) VALUES(165, 0, STRINGDECODE('\u7279\u5fb4'), NULL, TIMESTAMP '2006-12-14 11:59:20.0', STRINGDECODE('\u6ff1\u5cf6'), 0, 0);
INSERT INTO PUBLIC.DOC(DOCID, DOCTYPEID, DOCTITLE, DOCCONT, NEWDATE, USERNAME, SORTTYPEID, VERSIONNO) VALUES(166, 0, STRINGDECODE('\u30ad\u30fc\u30ef\u30fc\u30c9'), NULL, TIMESTAMP '2006-12-14 11:59:29.0', STRINGDECODE('\u6ff1\u5cf6'), 0, 0);
INSERT INTO PUBLIC.DOC(DOCID, DOCTYPEID, DOCTITLE, DOCCONT, NEWDATE, USERNAME, SORTTYPEID, VERSIONNO) VALUES(167, 0, STRINGDECODE('\u671f\u9593'), NULL, TIMESTAMP '2006-12-14 11:59:38.0', STRINGDECODE('\u6ff1\u5cf6'), 0, 0);
INSERT INTO PUBLIC.DOC(DOCID, DOCTYPEID, DOCTITLE, DOCCONT, NEWDATE, USERNAME, SORTTYPEID, VERSIONNO) VALUES(168, 0, STRINGDECODE('\u7d66\u4e0e'), NULL, TIMESTAMP '2006-12-14 11:59:51.0', STRINGDECODE('\u6ff1\u5cf6'), 0, 0);
INSERT INTO PUBLIC.DOC(DOCID, DOCTYPEID, DOCTITLE, DOCCONT, NEWDATE, USERNAME, SORTTYPEID, VERSIONNO) VALUES(169, 0, STRINGDECODE('\u96c7\u7528\u5f62\u614b'), NULL, TIMESTAMP '2006-12-14 12:00:00.0', STRINGDECODE('\u6ff1\u5cf6'), 0, 0);
INSERT INTO PUBLIC.DOC(DOCID, DOCTYPEID, DOCTITLE, DOCCONT, NEWDATE, USERNAME, SORTTYPEID, VERSIONNO) VALUES(173, 0, STRINGDECODE('Data\u30a8\u30f3\u30c8\u30ea\u60c5\u5831'), NULL, TIMESTAMP '2006-12-19 17:15:21.0', STRINGDECODE('\u6ff1\u5cf6'), 0, 0);
INSERT INTO PUBLIC.DOC(DOCID, DOCTYPEID, DOCTITLE, DOCCONT, NEWDATE, USERNAME, SORTTYPEID, VERSIONNO) VALUES(788, 0, STRINGDECODE('\u73fe\u884c\u30b7\u30b9\u30c6\u30e0\u3092\u30ea\u30d7\u30ec\u30fc\u30b9\u3057\u305f\u3044'), '', TIMESTAMP '2007-02-26 16:32:00.0', '', 0, 1);
INSERT INTO PUBLIC.DOC(DOCID, DOCTYPEID, DOCTITLE, DOCCONT, NEWDATE, USERNAME, SORTTYPEID, VERSIONNO) VALUES(790, 0, STRINGDECODE('\u30d1\u30d5\u30a9\u30fc\u30de\u30f3\u30b9\u306e\u5411\u4e0a'), NULL, TIMESTAMP '2007-02-26 16:33:51.0', '', 0, 0);
INSERT INTO PUBLIC.DOC(DOCID, DOCTYPEID, DOCTITLE, DOCCONT, NEWDATE, USERNAME, SORTTYPEID, VERSIONNO) VALUES(125, 0, STRINGDECODE('Data\u500b\u4eba\u60c5\u5831'), NULL, TIMESTAMP '2006-12-13 10:56:08.0', STRINGDECODE('\u6ff1\u5cf6'), 0, 0);
INSERT INTO PUBLIC.DOC(DOCID, DOCTYPEID, DOCTITLE, DOCCONT, NEWDATE, USERNAME, SORTTYPEID, VERSIONNO) VALUES(126, 0, STRINGDECODE('Data\u30ad\u30e3\u30ea\u30a2'), NULL, TIMESTAMP '2006-12-13 11:01:02.0', STRINGDECODE('\u6ff1\u5cf6'), 0, 0);
INSERT INTO PUBLIC.DOC(DOCID, DOCTYPEID, DOCTITLE, DOCCONT, NEWDATE, USERNAME, SORTTYPEID, VERSIONNO) VALUES(127, 0, STRINGDECODE('Data\u30b9\u30ad\u30eb'), NULL, TIMESTAMP '2006-12-13 11:01:14.0', STRINGDECODE('\u6ff1\u5cf6'), 0, 0);
INSERT INTO PUBLIC.DOC(DOCID, DOCTYPEID, DOCTITLE, DOCCONT, NEWDATE, USERNAME, SORTTYPEID, VERSIONNO) VALUES(128, 0, STRINGDECODE('Data\u5c31\u696d\u958b\u59cb\u53ef\u80fd\u65e5'), NULL, TIMESTAMP '2006-12-13 11:01:51.0', STRINGDECODE('\u6ff1\u5cf6'), 0, 0);
INSERT INTO PUBLIC.DOC(DOCID, DOCTYPEID, DOCTITLE, DOCCONT, NEWDATE, USERNAME, SORTTYPEID, VERSIONNO) VALUES(129, 0, STRINGDECODE('Data\u5e0c\u671b\u6761\u4ef6\uff11\uff5eN'), NULL, TIMESTAMP '2006-12-13 11:02:09.0', STRINGDECODE('\u6ff1\u5cf6'), 0, 0);
INSERT INTO PUBLIC.DOC(DOCID, DOCTYPEID, DOCTITLE, DOCCONT, NEWDATE, USERNAME, SORTTYPEID, VERSIONNO) VALUES(1050, 0, 'a', '', TIMESTAMP '2007-03-28 09:52:12.156', NULL, 0, 0);
INSERT INTO PUBLIC.DOC(DOCID, DOCTYPEID, DOCTITLE, DOCCONT, NEWDATE, USERNAME, SORTTYPEID, VERSIONNO) VALUES(1051, 0, 'b', '', TIMESTAMP '2007-03-28 09:52:15.437', NULL, 0, 0);
INSERT INTO PUBLIC.DOC(DOCID, DOCTYPEID, DOCTITLE, DOCCONT, NEWDATE, USERNAME, SORTTYPEID, VERSIONNO) VALUES(1052, 0, 'c', '', TIMESTAMP '2007-03-28 09:52:17.593', NULL, 0, 0);
INSERT INTO PUBLIC.DOC(DOCID, DOCTYPEID, DOCTITLE, DOCCONT, NEWDATE, USERNAME, SORTTYPEID, VERSIONNO) VALUES(1053, 0, 'd', '', TIMESTAMP '2007-03-28 09:52:19.687', NULL, 0, 0);
INSERT INTO PUBLIC.DOC(DOCID, DOCTYPEID, DOCTITLE, DOCCONT, NEWDATE, USERNAME, SORTTYPEID, VERSIONNO) VALUES(1054, 0, 'e', '', TIMESTAMP '2007-03-28 09:52:21.796', NULL, 0, 0);
INSERT INTO PUBLIC.DOC(DOCID, DOCTYPEID, DOCTITLE, DOCCONT, NEWDATE, USERNAME, SORTTYPEID, VERSIONNO) VALUES(1055, 0, 'f', '', TIMESTAMP '2007-03-28 09:52:23.671', NULL, 0, 0);
INSERT INTO PUBLIC.DOC(DOCID, DOCTYPEID, DOCTITLE, DOCCONT, NEWDATE, USERNAME, SORTTYPEID, VERSIONNO) VALUES(1056, 0, '8888', '', TIMESTAMP '2007-03-28 00:00:00.0', NULL, 0, 2);
INSERT INTO PUBLIC.DOC(DOCID, DOCTYPEID, DOCTITLE, DOCCONT, NEWDATE, USERNAME, SORTTYPEID, VERSIONNO) VALUES(787, 0, STRINGDECODE('\u3042\u307a\u307d'), STRINGDECODE('\n\n'), TIMESTAMP '2099-03-23 00:00:00.0', NULL, 0, 7);
INSERT INTO PUBLIC.DOC(DOCID, DOCTYPEID, DOCTITLE, DOCCONT, NEWDATE, USERNAME, SORTTYPEID, VERSIONNO) VALUES(1162, 0, 'import java.awt.event.KeyEvent;', NULL, TIMESTAMP '2007-03-30 00:21:12.046', NULL, 0, 0);
INSERT INTO PUBLIC.DOC(DOCID, DOCTYPEID, DOCTITLE, DOCCONT, NEWDATE, USERNAME, SORTTYPEID, VERSIONNO) VALUES(1167, 0, 'import javax.swing.JDialog;', NULL, TIMESTAMP '2007-03-30 00:21:12.046', NULL, 0, 0);
INSERT INTO PUBLIC.DOC(DOCID, DOCTYPEID, DOCTITLE, DOCCONT, NEWDATE, USERNAME, SORTTYPEID, VERSIONNO) VALUES(1159, 0, 'package jp.tokyo.selj.view;', NULL, TIMESTAMP '2007-03-30 00:21:12.046', NULL, 0, 0);
INSERT INTO PUBLIC.DOC(DOCID, DOCTYPEID, DOCTITLE, DOCCONT, NEWDATE, USERNAME, SORTTYPEID, VERSIONNO) VALUES(1160, 0, 'import java.awt.BorderLayout;', NULL, TIMESTAMP '2007-03-30 00:21:12.046', NULL, 0, 0);
INSERT INTO PUBLIC.DOC(DOCID, DOCTYPEID, DOCTITLE, DOCCONT, NEWDATE, USERNAME, SORTTYPEID, VERSIONNO) VALUES(1161, 0, 'import java.awt.event.ActionEvent;', NULL, TIMESTAMP '2007-03-30 00:21:12.046', NULL, 0, 0);
INSERT INTO PUBLIC.DOC(DOCID, DOCTYPEID, DOCTITLE, DOCCONT, NEWDATE, USERNAME, SORTTYPEID, VERSIONNO) VALUES(1166, 0, 'import javax.swing.Action;', NULL, TIMESTAMP '2007-03-30 00:21:12.046', NULL, 0, 0);
INSERT INTO PUBLIC.DOC(DOCID, DOCTYPEID, DOCTITLE, DOCCONT, NEWDATE, USERNAME, SORTTYPEID, VERSIONNO) VALUES(1163, 0, 'import java.awt.event.MouseEvent;', NULL, TIMESTAMP '2007-03-30 00:21:12.046', NULL, 0, 0);
INSERT INTO PUBLIC.DOC(DOCID, DOCTYPEID, DOCTITLE, DOCCONT, NEWDATE, USERNAME, SORTTYPEID, VERSIONNO) VALUES(1164, 0, 'import java.util.List;', NULL, TIMESTAMP '2007-03-30 00:21:12.046', NULL, 0, 0);
INSERT INTO PUBLIC.DOC(DOCID, DOCTYPEID, DOCTITLE, DOCCONT, NEWDATE, USERNAME, SORTTYPEID, VERSIONNO) VALUES(1165, 0, 'import javax.swing.AbstractAction;', NULL, TIMESTAMP '2007-03-30 00:21:12.046', NULL, 0, 0);
INSERT INTO PUBLIC.DOC(DOCID, DOCTYPEID, DOCTITLE, DOCCONT, NEWDATE, USERNAME, SORTTYPEID, VERSIONNO) VALUES(1057, 0, STRINGDECODE('\u21d2\u30c6\u30b9\u30c8'), '', TIMESTAMP '2007-03-28 10:47:11.296', NULL, 0, 0);
INSERT INTO PUBLIC.DOC(DOCID, DOCTYPEID, DOCTITLE, DOCCONT, NEWDATE, USERNAME, SORTTYPEID, VERSIONNO) VALUES(1059, 0, STRINGDECODE('\u21d2\u3042\u3042\u3042'), '', TIMESTAMP '2007-03-28 11:12:46.015', NULL, 0, 2);
INSERT INTO PUBLIC.DOC(DOCID, DOCTYPEID, DOCTITLE, DOCCONT, NEWDATE, USERNAME, SORTTYPEID, VERSIONNO) VALUES(134, 0, STRINGDECODE('\u4f1a\u54e1\uff2e\uff2f'), NULL, TIMESTAMP '2006-12-14 11:51:51.0', STRINGDECODE('\u30de\u30c3\u30ae\u30fc'), 0, 0);
INSERT INTO PUBLIC.DOC(DOCID, DOCTYPEID, DOCTITLE, DOCCONT, NEWDATE, USERNAME, SORTTYPEID, VERSIONNO) VALUES(135, 0, STRINGDECODE('\u540d\u524d'), NULL, TIMESTAMP '2006-12-14 11:52:06.0', STRINGDECODE('\u6ff1\u5cf6'), 0, 0);
INSERT INTO PUBLIC.DOC(DOCID, DOCTYPEID, DOCTITLE, DOCCONT, NEWDATE, USERNAME, SORTTYPEID, VERSIONNO) VALUES(136, 0, STRINGDECODE('\u30d5\u30ea\u30ac\u30ca'), NULL, TIMESTAMP '2006-12-14 11:52:16.0', STRINGDECODE('\u6ff1\u5cf6'), 0, 0);
INSERT INTO PUBLIC.DOC(DOCID, DOCTYPEID, DOCTITLE, DOCCONT, NEWDATE, USERNAME, SORTTYPEID, VERSIONNO) VALUES(1060, 0, STRINGDECODE('\u21d2\u3044\u3044\u3044'), STRINGDECODE('\n\n'), TIMESTAMP '2088-03-28 11:14:00.0', NULL, 0, 2);
INSERT INTO PUBLIC.DOC(DOCID, DOCTYPEID, DOCTITLE, DOCCONT, NEWDATE, USERNAME, SORTTYPEID, VERSIONNO) VALUES(1183, 0, 'import jp.tokyo.selj.dao.SelJDaoContainer;', NULL, TIMESTAMP '2007-03-30 00:21:12.046', NULL, 0, 0);
INSERT INTO PUBLIC.DOC(DOCID, DOCTYPEID, DOCTITLE, DOCCONT, NEWDATE, USERNAME, SORTTYPEID, VERSIONNO) VALUES(1184, 0, 'import jp.tokyo.selj.model.DocModel;', NULL, TIMESTAMP '2007-03-30 00:21:12.046', NULL, 0, 0);
INSERT INTO PUBLIC.DOC(DOCID, DOCTYPEID, DOCTITLE, DOCCONT, NEWDATE, USERNAME, SORTTYPEID, VERSIONNO) VALUES(1185, 0, 'import jp.tokyo.selj.model.DocNode;', NULL, TIMESTAMP '2007-03-30 00:21:12.046', NULL, 0, 0);
INSERT INTO PUBLIC.DOC(DOCID, DOCTYPEID, DOCTITLE, DOCCONT, NEWDATE, USERNAME, SORTTYPEID, VERSIONNO) VALUES(1186, 0, 'import org.apache.log4j.Logger;', NULL, TIMESTAMP '2007-03-30 00:21:12.046', NULL, 0, 0);
INSERT INTO PUBLIC.DOC(DOCID, DOCTYPEID, DOCTITLE, DOCCONT, NEWDATE, USERNAME, SORTTYPEID, VERSIONNO) VALUES(1187, 0, 'import org.seasar.framework.container.S2Container;', NULL, TIMESTAMP '2007-03-30 00:21:12.046', NULL, 0, 0);
INSERT INTO PUBLIC.DOC(DOCID, DOCTYPEID, DOCTITLE, DOCCONT, NEWDATE, USERNAME, SORTTYPEID, VERSIONNO) VALUES(1188, 0, 'public class DlgLinkDocTree extends JDialog implements ListSelectionListener{', NULL, TIMESTAMP '2007-03-30 00:21:12.046', NULL, 0, 0);
INSERT INTO PUBLIC.DOC(DOCID, DOCTYPEID, DOCTITLE, DOCCONT, NEWDATE, USERNAME, SORTTYPEID, VERSIONNO) VALUES(1189, 0, 'Logger log = Logger.getLogger(this.getClass());', NULL, TIMESTAMP '2007-03-30 00:21:12.046', NULL, 0, 0);
INSERT INTO PUBLIC.DOC(DOCID, DOCTYPEID, DOCTITLE, DOCCONT, NEWDATE, USERNAME, SORTTYPEID, VERSIONNO) VALUES(1190, 0, 'static final int ROOT_ID = -100;', NULL, TIMESTAMP '2007-03-30 00:21:12.046', NULL, 0, 0);
INSERT INTO PUBLIC.DOC(DOCID, DOCTYPEID, DOCTITLE, DOCCONT, NEWDATE, USERNAME, SORTTYPEID, VERSIONNO) VALUES(1191, 0, 'private static final long serialVersionUID = 1L;', NULL, TIMESTAMP '2007-03-30 00:21:12.046', NULL, 0, 0);
INSERT INTO PUBLIC.DOC(DOCID, DOCTYPEID, DOCTITLE, DOCCONT, NEWDATE, USERNAME, SORTTYPEID, VERSIONNO) VALUES(1192, 0, 'private JPanel jContentPane = null;', NULL, TIMESTAMP '2007-03-30 00:21:12.046', NULL, 0, 0);
INSERT INTO PUBLIC.DOC(DOCID, DOCTYPEID, DOCTITLE, DOCCONT, NEWDATE, USERNAME, SORTTYPEID, VERSIONNO) VALUES(1193, 0, 'private JScrollPane jScrollPane = null;', NULL, TIMESTAMP '2007-03-30 00:21:12.046', NULL, 0, 0);
INSERT INTO PUBLIC.DOC(DOCID, DOCTYPEID, DOCTITLE, DOCCONT, NEWDATE, USERNAME, SORTTYPEID, VERSIONNO) VALUES(1194, 0, 'private JTree jTree = null;', NULL, TIMESTAMP '2007-03-30 00:21:12.046', NULL, 0, 0);
INSERT INTO PUBLIC.DOC(DOCID, DOCTYPEID, DOCTITLE, DOCCONT, NEWDATE, USERNAME, SORTTYPEID, VERSIONNO) VALUES(1195, 0, 'PreferenceWindowHelper pref_;', NULL, TIMESTAMP '2007-03-30 00:21:12.046', NULL, 0, 0);
INSERT INTO PUBLIC.DOC(DOCID, DOCTYPEID, DOCTITLE, DOCCONT, NEWDATE, USERNAME, SORTTYPEID, VERSIONNO) VALUES(1196, 0, 'FrmZeetaMain mainView_ = null;', NULL, TIMESTAMP '2007-03-30 00:21:12.046', NULL, 0, 0);
INSERT INTO PUBLIC.DOC(DOCID, DOCTYPEID, DOCTITLE, DOCCONT, NEWDATE, USERNAME, SORTTYPEID, VERSIONNO) VALUES(1197, 0, 'S2Container daoCont_ = SelJDaoContainer.SEL_DAO_CONT;', NULL, TIMESTAMP '2007-03-30 00:21:12.046', NULL, 0, 0);
INSERT INTO PUBLIC.DOC(DOCID, DOCTYPEID, DOCTITLE, DOCCONT, NEWDATE, USERNAME, SORTTYPEID, VERSIONNO) VALUES(1198, 0, 'DocDao docDao_ = null;', NULL, TIMESTAMP '2007-03-30 00:21:12.046', NULL, 0, 0);
INSERT INTO PUBLIC.DOC(DOCID, DOCTYPEID, DOCTITLE, DOCCONT, NEWDATE, USERNAME, SORTTYPEID, VERSIONNO) VALUES(1199, 0, 'Output lastSelected_ = null;', NULL, TIMESTAMP '2007-03-30 00:21:12.046', NULL, 0, 0);
INSERT INTO PUBLIC.DOC(DOCID, DOCTYPEID, DOCTITLE, DOCCONT, NEWDATE, USERNAME, SORTTYPEID, VERSIONNO) VALUES(1200, 0, 'private class ActSelect extends AbstractAction {', NULL, TIMESTAMP '2007-03-30 00:21:12.046', NULL, 0, 0);
INSERT INTO PUBLIC.DOC(DOCID, DOCTYPEID, DOCTITLE, DOCCONT, NEWDATE, USERNAME, SORTTYPEID, VERSIONNO) VALUES(1201, 0, 'public ActSelect() {', NULL, TIMESTAMP '2007-03-30 00:21:12.046', NULL, 0, 0);
INSERT INTO PUBLIC.DOC(DOCID, DOCTYPEID, DOCTITLE, DOCCONT, NEWDATE, USERNAME, SORTTYPEID, VERSIONNO) VALUES(1202, 0, 'putValue(Action.NAME, "point main tree");', NULL, TIMESTAMP '2007-03-30 00:21:12.046', NULL, 0, 0);
INSERT INTO PUBLIC.DOC(DOCID, DOCTYPEID, DOCTITLE, DOCCONT, NEWDATE, USERNAME, SORTTYPEID, VERSIONNO) VALUES(1203, 0, '}', NULL, TIMESTAMP '2007-03-30 00:21:12.046', NULL, 0, 0);
INSERT INTO PUBLIC.DOC(DOCID, DOCTYPEID, DOCTITLE, DOCCONT, NEWDATE, USERNAME, SORTTYPEID, VERSIONNO) VALUES(1204, 0, 'public void actionPerformed(ActionEvent e) {', NULL, TIMESTAMP '2007-03-30 00:21:12.046', NULL, 0, 0);
INSERT INTO PUBLIC.DOC(DOCID, DOCTYPEID, DOCTITLE, DOCCONT, NEWDATE, USERNAME, SORTTYPEID, VERSIONNO) VALUES(1205, 0, 'JTree tree = jTree;', NULL, TIMESTAMP '2007-03-30 00:21:12.046', NULL, 0, 0);
INSERT INTO PUBLIC.DOC(DOCID, DOCTYPEID, DOCTITLE, DOCCONT, NEWDATE, USERNAME, SORTTYPEID, VERSIONNO) VALUES(1206, 0, STRINGDECODE('if(jTree.getSelectionPath() == null ){\t//\u4f55\u3082\u9078\u629e\u3055\u308c\u3066\u3044\u306a\u3044'), NULL, TIMESTAMP '2007-03-30 00:21:12.046', NULL, 0, 0);
INSERT INTO PUBLIC.DOC(DOCID, DOCTYPEID, DOCTITLE, DOCCONT, NEWDATE, USERNAME, SORTTYPEID, VERSIONNO) VALUES(1207, 0, 'return;', NULL, TIMESTAMP '2007-03-30 00:21:12.046', NULL, 0, 0);
INSERT INTO PUBLIC.DOC(DOCID, DOCTYPEID, DOCTITLE, DOCCONT, NEWDATE, USERNAME, SORTTYPEID, VERSIONNO) VALUES(1208, 0, '}', NULL, TIMESTAMP '2007-03-30 00:21:12.046', NULL, 0, 0);
INSERT INTO PUBLIC.DOC(DOCID, DOCTYPEID, DOCTITLE, DOCCONT, NEWDATE, USERNAME, SORTTYPEID, VERSIONNO) VALUES(1209, 0, 'DocNode node = (DocNode)tree.getSelectionPath().getLastPathComponent();', NULL, TIMESTAMP '2007-03-30 00:21:12.046', NULL, 0, 0);
INSERT INTO PUBLIC.DOC(DOCID, DOCTYPEID, DOCTITLE, DOCCONT, NEWDATE, USERNAME, SORTTYPEID, VERSIONNO) VALUES(1210, 0, 'if(node.getDoc().getDocId() == ROOT_ID){', NULL, TIMESTAMP '2007-03-30 00:21:12.046', NULL, 0, 0);
INSERT INTO PUBLIC.DOC(DOCID, DOCTYPEID, DOCTITLE, DOCCONT, NEWDATE, USERNAME, SORTTYPEID, VERSIONNO) VALUES(1211, 0, STRINGDECODE('return;\t\t//root\u306f\u6210\u679c\u7269\u306a\u306e\u3067\u30b9\u30ad\u30c3\u30d7'), NULL, TIMESTAMP '2007-03-30 00:21:12.046', NULL, 0, 0);
INSERT INTO PUBLIC.DOC(DOCID, DOCTYPEID, DOCTITLE, DOCCONT, NEWDATE, USERNAME, SORTTYPEID, VERSIONNO) VALUES(1212, 0, '}', NULL, TIMESTAMP '2007-03-30 00:21:12.046', NULL, 0, 0);
INSERT INTO PUBLIC.DOC(DOCID, DOCTYPEID, DOCTITLE, DOCCONT, NEWDATE, USERNAME, SORTTYPEID, VERSIONNO) VALUES(1213, 0, 'mainView_.showDocNode(node.getDoc().getDocId(), true);', NULL, TIMESTAMP '2007-03-30 00:21:12.046', NULL, 0, 0);
INSERT INTO PUBLIC.DOC(DOCID, DOCTYPEID, DOCTITLE, DOCCONT, NEWDATE, USERNAME, SORTTYPEID, VERSIONNO) VALUES(1214, 0, '}', NULL, TIMESTAMP '2007-03-30 00:21:12.046', NULL, 0, 0);
INSERT INTO PUBLIC.DOC(DOCID, DOCTYPEID, DOCTITLE, DOCCONT, NEWDATE, USERNAME, SORTTYPEID, VERSIONNO) VALUES(1215, 0, '}', NULL, TIMESTAMP '2007-03-30 00:21:12.046', NULL, 0, 0);
INSERT INTO PUBLIC.DOC(DOCID, DOCTYPEID, DOCTITLE, DOCCONT, NEWDATE, USERNAME, SORTTYPEID, VERSIONNO) VALUES(1216, 0, 'ActSelect actSelect_ = new ActSelect();', NULL, TIMESTAMP '2007-03-30 00:21:12.046', NULL, 0, 0);
INSERT INTO PUBLIC.DOC(DOCID, DOCTYPEID, DOCTITLE, DOCCONT, NEWDATE, USERNAME, SORTTYPEID, VERSIONNO) VALUES(1217, 0, '/**', NULL, TIMESTAMP '2007-03-30 00:21:12.046', NULL, 0, 0);
INSERT INTO PUBLIC.DOC(DOCID, DOCTYPEID, DOCTITLE, DOCCONT, NEWDATE, USERNAME, SORTTYPEID, VERSIONNO) VALUES(1218, 0, '* @param owner', NULL, TIMESTAMP '2007-03-30 00:21:12.046', NULL, 0, 0);
INSERT INTO PUBLIC.DOC(DOCID, DOCTYPEID, DOCTITLE, DOCCONT, NEWDATE, USERNAME, SORTTYPEID, VERSIONNO) VALUES(1219, 0, '*/', NULL, TIMESTAMP '2007-03-30 00:21:12.046', NULL, 0, 0);
INSERT INTO PUBLIC.DOC(DOCID, DOCTYPEID, DOCTITLE, DOCCONT, NEWDATE, USERNAME, SORTTYPEID, VERSIONNO) VALUES(1220, 0, 'public DlgLinkDocTree(JDialog owner) {', NULL, TIMESTAMP '2007-03-30 00:21:12.046', NULL, 0, 0);
INSERT INTO PUBLIC.DOC(DOCID, DOCTYPEID, DOCTITLE, DOCCONT, NEWDATE, USERNAME, SORTTYPEID, VERSIONNO) VALUES(1221, 0, 'super(owner);', NULL, TIMESTAMP '2007-03-30 00:21:12.046', NULL, 0, 0);
INSERT INTO PUBLIC.DOC(DOCID, DOCTYPEID, DOCTITLE, DOCCONT, NEWDATE, USERNAME, SORTTYPEID, VERSIONNO) VALUES(1222, 0, 'initialize();', NULL, TIMESTAMP '2007-03-30 00:21:12.046', NULL, 0, 0);
INSERT INTO PUBLIC.DOC(DOCID, DOCTYPEID, DOCTITLE, DOCCONT, NEWDATE, USERNAME, SORTTYPEID, VERSIONNO) VALUES(1223, 0, '}', NULL, TIMESTAMP '2007-03-30 00:21:12.046', NULL, 0, 0);
INSERT INTO PUBLIC.DOC(DOCID, DOCTYPEID, DOCTITLE, DOCCONT, NEWDATE, USERNAME, SORTTYPEID, VERSIONNO) VALUES(1224, 0, '/**', NULL, TIMESTAMP '2007-03-30 00:21:12.046', NULL, 0, 0);
INSERT INTO PUBLIC.DOC(DOCID, DOCTYPEID, DOCTITLE, DOCCONT, NEWDATE, USERNAME, SORTTYPEID, VERSIONNO) VALUES(1225, 0, '* @param owner', NULL, TIMESTAMP '2007-03-30 00:21:12.046', NULL, 0, 0);
INSERT INTO PUBLIC.DOC(DOCID, DOCTYPEID, DOCTITLE, DOCCONT, NEWDATE, USERNAME, SORTTYPEID, VERSIONNO) VALUES(1226, 0, '*/', NULL, TIMESTAMP '2007-03-30 00:21:12.046', NULL, 0, 0);
INSERT INTO PUBLIC.DOC(DOCID, DOCTYPEID, DOCTITLE, DOCCONT, NEWDATE, USERNAME, SORTTYPEID, VERSIONNO) VALUES(1227, 0, 'public DlgLinkDocTree(JFrame owner) {', NULL, TIMESTAMP '2007-03-30 00:21:12.046', NULL, 0, 0);
INSERT INTO PUBLIC.DOC(DOCID, DOCTYPEID, DOCTITLE, DOCCONT, NEWDATE, USERNAME, SORTTYPEID, VERSIONNO) VALUES(1228, 0, 'super(owner);', NULL, TIMESTAMP '2007-03-30 00:21:12.046', NULL, 0, 0);
INSERT INTO PUBLIC.DOC(DOCID, DOCTYPEID, DOCTITLE, DOCCONT, NEWDATE, USERNAME, SORTTYPEID, VERSIONNO) VALUES(1229, 0, 'initialize();', NULL, TIMESTAMP '2007-03-30 00:21:12.046', NULL, 0, 0);
INSERT INTO PUBLIC.DOC(DOCID, DOCTYPEID, DOCTITLE, DOCCONT, NEWDATE, USERNAME, SORTTYPEID, VERSIONNO) VALUES(1230, 0, '}', NULL, TIMESTAMP '2007-03-30 00:21:12.046', NULL, 0, 0);
INSERT INTO PUBLIC.DOC(DOCID, DOCTYPEID, DOCTITLE, DOCCONT, NEWDATE, USERNAME, SORTTYPEID, VERSIONNO) VALUES(1231, 0, '/**', NULL, TIMESTAMP '2007-03-30 00:21:12.046', NULL, 0, 0);
INSERT INTO PUBLIC.DOC(DOCID, DOCTYPEID, DOCTITLE, DOCCONT, NEWDATE, USERNAME, SORTTYPEID, VERSIONNO) VALUES(1232, 0, '* This method initializes this', NULL, TIMESTAMP '2007-03-30 00:21:12.046', NULL, 0, 0);
INSERT INTO PUBLIC.DOC(DOCID, DOCTYPEID, DOCTITLE, DOCCONT, NEWDATE, USERNAME, SORTTYPEID, VERSIONNO) VALUES(1233, 0, '*', NULL, TIMESTAMP '2007-03-30 00:21:12.046', NULL, 0, 0);
INSERT INTO PUBLIC.DOC(DOCID, DOCTYPEID, DOCTITLE, DOCCONT, NEWDATE, USERNAME, SORTTYPEID, VERSIONNO) VALUES(1234, 0, '* @return void', NULL, TIMESTAMP '2007-03-30 00:21:12.046', NULL, 0, 0);
INSERT INTO PUBLIC.DOC(DOCID, DOCTYPEID, DOCTITLE, DOCCONT, NEWDATE, USERNAME, SORTTYPEID, VERSIONNO) VALUES(1235, 0, '*/', NULL, TIMESTAMP '2007-03-30 00:21:12.046', NULL, 0, 0);
INSERT INTO PUBLIC.DOC(DOCID, DOCTYPEID, DOCTITLE, DOCCONT, NEWDATE, USERNAME, SORTTYPEID, VERSIONNO) VALUES(1236, 0, 'private void initialize() {', NULL, TIMESTAMP '2007-03-30 00:21:12.046', NULL, 0, 0);
INSERT INTO PUBLIC.DOC(DOCID, DOCTYPEID, DOCTITLE, DOCCONT, NEWDATE, USERNAME, SORTTYPEID, VERSIONNO) VALUES(1237, 0, 'this.setSize(300, 400);', NULL, TIMESTAMP '2007-03-30 00:21:12.046', NULL, 0, 0);
INSERT INTO PUBLIC.DOC(DOCID, DOCTYPEID, DOCTITLE, DOCCONT, NEWDATE, USERNAME, SORTTYPEID, VERSIONNO) VALUES(1238, 0, 'this.setContentPane(getJContentPane());', NULL, TIMESTAMP '2007-03-30 00:21:12.046', NULL, 0, 0);
INSERT INTO PUBLIC.DOC(DOCID, DOCTYPEID, DOCTITLE, DOCCONT, NEWDATE, USERNAME, SORTTYPEID, VERSIONNO) VALUES(1239, 0, 'this.setTitle("Linked Doc Tree");', NULL, TIMESTAMP '2007-03-30 00:21:12.046', NULL, 0, 0);
INSERT INTO PUBLIC.DOC(DOCID, DOCTYPEID, DOCTITLE, DOCCONT, NEWDATE, USERNAME, SORTTYPEID, VERSIONNO) VALUES(385, 0, STRINGDECODE('Data\u30a8\u30f3\u30c8\u30ea\u30e1\u30c3\u30bb\u30fc\u30b8'), NULL, TIMESTAMP '2006-12-21 13:58:46.0', STRINGDECODE('\u6ff1\u5cf6'), 0, 0);
INSERT INTO PUBLIC.DOC(DOCID, DOCTYPEID, DOCTITLE, DOCCONT, NEWDATE, USERNAME, SORTTYPEID, VERSIONNO) VALUES(1240, 0, 'jLabel.setFont(getFont());', NULL, TIMESTAMP '2007-03-30 00:21:12.046', NULL, 0, 0);
INSERT INTO PUBLIC.DOC(DOCID, DOCTYPEID, DOCTITLE, DOCCONT, NEWDATE, USERNAME, SORTTYPEID, VERSIONNO) VALUES(1241, 0, '}', NULL, TIMESTAMP '2007-03-30 00:21:12.046', NULL, 0, 0);
INSERT INTO PUBLIC.DOC(DOCID, DOCTYPEID, DOCTITLE, DOCCONT, NEWDATE, USERNAME, SORTTYPEID, VERSIONNO) VALUES(1242, 0, '/**', NULL, TIMESTAMP '2007-03-30 00:21:12.046', NULL, 0, 0);
INSERT INTO PUBLIC.DOC(DOCID, DOCTYPEID, DOCTITLE, DOCCONT, NEWDATE, USERNAME, SORTTYPEID, VERSIONNO) VALUES(1243, 0, '* This method initializes jContentPane', NULL, TIMESTAMP '2007-03-30 00:21:12.046', NULL, 0, 0);
INSERT INTO PUBLIC.DOC(DOCID, DOCTYPEID, DOCTITLE, DOCCONT, NEWDATE, USERNAME, SORTTYPEID, VERSIONNO) VALUES(1244, 0, '*', NULL, TIMESTAMP '2007-03-30 00:21:12.046', NULL, 0, 0);
INSERT INTO PUBLIC.DOC(DOCID, DOCTYPEID, DOCTITLE, DOCCONT, NEWDATE, USERNAME, SORTTYPEID, VERSIONNO) VALUES(1245, 0, '* @return javax.swing.JPanel', NULL, TIMESTAMP '2007-03-30 00:21:12.046', NULL, 0, 0);
INSERT INTO PUBLIC.DOC(DOCID, DOCTYPEID, DOCTITLE, DOCCONT, NEWDATE, USERNAME, SORTTYPEID, VERSIONNO) VALUES(1246, 0, '*/', NULL, TIMESTAMP '2007-03-30 00:21:12.046', NULL, 0, 0);
INSERT INTO PUBLIC.DOC(DOCID, DOCTYPEID, DOCTITLE, DOCCONT, NEWDATE, USERNAME, SORTTYPEID, VERSIONNO) VALUES(1247, 0, 'private JPanel getJContentPane() {', NULL, TIMESTAMP '2007-03-30 00:21:12.046', NULL, 0, 0);
INSERT INTO PUBLIC.DOC(DOCID, DOCTYPEID, DOCTITLE, DOCCONT, NEWDATE, USERNAME, SORTTYPEID, VERSIONNO) VALUES(1248, 0, 'if (jContentPane == null) {', NULL, TIMESTAMP '2007-03-30 00:21:12.046', NULL, 0, 0);
INSERT INTO PUBLIC.DOC(DOCID, DOCTYPEID, DOCTITLE, DOCCONT, NEWDATE, USERNAME, SORTTYPEID, VERSIONNO) VALUES(1249, 0, 'jLabel = new JLabel();', NULL, TIMESTAMP '2007-03-30 00:21:12.046', NULL, 0, 0);
INSERT INTO PUBLIC.DOC(DOCID, DOCTYPEID, DOCTITLE, DOCCONT, NEWDATE, USERNAME, SORTTYPEID, VERSIONNO) VALUES(1250, 0, STRINGDECODE('jLabel.setText(\"Enter\u30ad\u30fc\u304bpopup menu\u3067\u6b63Tree\u3092\u30dd\u30a4\u30f3\u30c8\");'), NULL, TIMESTAMP '2007-03-30 00:21:12.046', NULL, 0, 0);
INSERT INTO PUBLIC.DOC(DOCID, DOCTYPEID, DOCTITLE, DOCCONT, NEWDATE, USERNAME, SORTTYPEID, VERSIONNO) VALUES(1251, 0, 'jContentPane = new JPanel();', NULL, TIMESTAMP '2007-03-30 00:21:12.046', NULL, 0, 0);
INSERT INTO PUBLIC.DOC(DOCID, DOCTYPEID, DOCTITLE, DOCCONT, NEWDATE, USERNAME, SORTTYPEID, VERSIONNO) VALUES(1252, 0, 'jContentPane.setLayout(new BorderLayout());', NULL, TIMESTAMP '2007-03-30 00:21:12.046', NULL, 0, 0);
INSERT INTO PUBLIC.DOC(DOCID, DOCTYPEID, DOCTITLE, DOCCONT, NEWDATE, USERNAME, SORTTYPEID, VERSIONNO) VALUES(1253, 0, 'jContentPane.add(getJScrollPane(), BorderLayout.CENTER);', NULL, TIMESTAMP '2007-03-30 00:21:12.046', NULL, 0, 0);
INSERT INTO PUBLIC.DOC(DOCID, DOCTYPEID, DOCTITLE, DOCCONT, NEWDATE, USERNAME, SORTTYPEID, VERSIONNO) VALUES(1254, 0, 'jContentPane.add(jLabel, BorderLayout.NORTH);', NULL, TIMESTAMP '2007-03-30 00:21:12.046', NULL, 0, 0);
INSERT INTO PUBLIC.DOC(DOCID, DOCTYPEID, DOCTITLE, DOCCONT, NEWDATE, USERNAME, SORTTYPEID, VERSIONNO) VALUES(1255, 0, '}', NULL, TIMESTAMP '2007-03-30 00:21:12.046', NULL, 0, 0);
INSERT INTO PUBLIC.DOC(DOCID, DOCTYPEID, DOCTITLE, DOCCONT, NEWDATE, USERNAME, SORTTYPEID, VERSIONNO) VALUES(1256, 0, 'return jContentPane;', NULL, TIMESTAMP '2007-03-30 00:21:12.046', NULL, 0, 0);
INSERT INTO PUBLIC.DOC(DOCID, DOCTYPEID, DOCTITLE, DOCCONT, NEWDATE, USERNAME, SORTTYPEID, VERSIONNO) VALUES(1257, 0, '}', NULL, TIMESTAMP '2007-03-30 00:21:12.046', NULL, 0, 0);
INSERT INTO PUBLIC.DOC(DOCID, DOCTYPEID, DOCTITLE, DOCCONT, NEWDATE, USERNAME, SORTTYPEID, VERSIONNO) VALUES(1258, 0, '/**', NULL, TIMESTAMP '2007-03-30 00:21:12.046', NULL, 0, 0);
INSERT INTO PUBLIC.DOC(DOCID, DOCTYPEID, DOCTITLE, DOCCONT, NEWDATE, USERNAME, SORTTYPEID, VERSIONNO) VALUES(1259, 0, '* This method initializes jScrollPane', NULL, TIMESTAMP '2007-03-30 00:21:12.046', NULL, 0, 0);
INSERT INTO PUBLIC.DOC(DOCID, DOCTYPEID, DOCTITLE, DOCCONT, NEWDATE, USERNAME, SORTTYPEID, VERSIONNO) VALUES(1260, 0, '*', NULL, TIMESTAMP '2007-03-30 00:21:12.046', NULL, 0, 0);
INSERT INTO PUBLIC.DOC(DOCID, DOCTYPEID, DOCTITLE, DOCCONT, NEWDATE, USERNAME, SORTTYPEID, VERSIONNO) VALUES(1261, 0, '* @return javax.swing.JScrollPane', NULL, TIMESTAMP '2007-03-30 00:21:12.046', NULL, 0, 0);
INSERT INTO PUBLIC.DOC(DOCID, DOCTYPEID, DOCTITLE, DOCCONT, NEWDATE, USERNAME, SORTTYPEID, VERSIONNO) VALUES(1262, 0, '*/', NULL, TIMESTAMP '2007-03-30 00:21:12.046', NULL, 0, 0);
INSERT INTO PUBLIC.DOC(DOCID, DOCTYPEID, DOCTITLE, DOCCONT, NEWDATE, USERNAME, SORTTYPEID, VERSIONNO) VALUES(1263, 0, 'private JScrollPane getJScrollPane() {', NULL, TIMESTAMP '2007-03-30 00:21:12.046', NULL, 0, 0);
INSERT INTO PUBLIC.DOC(DOCID, DOCTYPEID, DOCTITLE, DOCCONT, NEWDATE, USERNAME, SORTTYPEID, VERSIONNO) VALUES(1264, 0, 'if (jScrollPane == null) {', NULL, TIMESTAMP '2007-03-30 00:21:12.046', NULL, 0, 0);
INSERT INTO PUBLIC.DOC(DOCID, DOCTYPEID, DOCTITLE, DOCCONT, NEWDATE, USERNAME, SORTTYPEID, VERSIONNO) VALUES(1265, 0, 'jScrollPane = new JScrollPane();', NULL, TIMESTAMP '2007-03-30 00:21:12.046', NULL, 0, 0);
INSERT INTO PUBLIC.DOC(DOCID, DOCTYPEID, DOCTITLE, DOCCONT, NEWDATE, USERNAME, SORTTYPEID, VERSIONNO) VALUES(1266, 0, 'jScrollPane.setViewportView(getJTree());', NULL, TIMESTAMP '2007-03-30 00:21:12.046', NULL, 0, 0);
INSERT INTO PUBLIC.DOC(DOCID, DOCTYPEID, DOCTITLE, DOCCONT, NEWDATE, USERNAME, SORTTYPEID, VERSIONNO) VALUES(1267, 0, '}', NULL, TIMESTAMP '2007-03-30 00:21:12.046', NULL, 0, 0);
INSERT INTO PUBLIC.DOC(DOCID, DOCTYPEID, DOCTITLE, DOCCONT, NEWDATE, USERNAME, SORTTYPEID, VERSIONNO) VALUES(1268, 0, 'return jScrollPane;', NULL, TIMESTAMP '2007-03-30 00:21:12.046', NULL, 0, 0);
INSERT INTO PUBLIC.DOC(DOCID, DOCTYPEID, DOCTITLE, DOCCONT, NEWDATE, USERNAME, SORTTYPEID, VERSIONNO) VALUES(1269, 0, '}', NULL, TIMESTAMP '2007-03-30 00:21:12.046', NULL, 0, 0);
INSERT INTO PUBLIC.DOC(DOCID, DOCTYPEID, DOCTITLE, DOCCONT, NEWDATE, USERNAME, SORTTYPEID, VERSIONNO) VALUES(1270, 0, '/**', NULL, TIMESTAMP '2007-03-30 00:21:12.046', NULL, 0, 0);
INSERT INTO PUBLIC.DOC(DOCID, DOCTYPEID, DOCTITLE, DOCCONT, NEWDATE, USERNAME, SORTTYPEID, VERSIONNO) VALUES(1271, 0, '* This method initializes jTree', NULL, TIMESTAMP '2007-03-30 00:21:12.046', NULL, 0, 0);
INSERT INTO PUBLIC.DOC(DOCID, DOCTYPEID, DOCTITLE, DOCCONT, NEWDATE, USERNAME, SORTTYPEID, VERSIONNO) VALUES(1272, 0, '*', NULL, TIMESTAMP '2007-03-30 00:21:12.046', NULL, 0, 0);
INSERT INTO PUBLIC.DOC(DOCID, DOCTYPEID, DOCTITLE, DOCCONT, NEWDATE, USERNAME, SORTTYPEID, VERSIONNO) VALUES(1273, 0, '* @return javax.swing.JTree', NULL, TIMESTAMP '2007-03-30 00:21:12.046', NULL, 0, 0);
INSERT INTO PUBLIC.DOC(DOCID, DOCTYPEID, DOCTITLE, DOCCONT, NEWDATE, USERNAME, SORTTYPEID, VERSIONNO) VALUES(1274, 0, '*/', NULL, TIMESTAMP '2007-03-30 00:21:12.046', NULL, 0, 0);
INSERT INTO PUBLIC.DOC(DOCID, DOCTYPEID, DOCTITLE, DOCCONT, NEWDATE, USERNAME, SORTTYPEID, VERSIONNO) VALUES(1275, 0, 'private JTree getJTree() {', NULL, TIMESTAMP '2007-03-30 00:21:12.046', NULL, 0, 0);
INSERT INTO PUBLIC.DOC(DOCID, DOCTYPEID, DOCTITLE, DOCCONT, NEWDATE, USERNAME, SORTTYPEID, VERSIONNO) VALUES(1276, 0, 'if (jTree == null) {', NULL, TIMESTAMP '2007-03-30 00:21:12.046', NULL, 0, 0);
INSERT INTO PUBLIC.DOC(DOCID, DOCTYPEID, DOCTITLE, DOCCONT, NEWDATE, USERNAME, SORTTYPEID, VERSIONNO) VALUES(1277, 0, 'jTree = new JTree();', NULL, TIMESTAMP '2007-03-30 00:21:12.046', NULL, 0, 0);
INSERT INTO PUBLIC.DOC(DOCID, DOCTYPEID, DOCTITLE, DOCCONT, NEWDATE, USERNAME, SORTTYPEID, VERSIONNO) VALUES(1278, 0, 'jTree.setShowsRootHandles(true);', NULL, TIMESTAMP '2007-03-30 00:21:12.046', NULL, 0, 0);
INSERT INTO PUBLIC.DOC(DOCID, DOCTYPEID, DOCTITLE, DOCCONT, NEWDATE, USERNAME, SORTTYPEID, VERSIONNO) VALUES(1279, 0, 'jTree.setRootVisible(true);', NULL, TIMESTAMP '2007-03-30 00:21:12.046', NULL, 0, 0);
INSERT INTO PUBLIC.DOC(DOCID, DOCTYPEID, DOCTITLE, DOCCONT, NEWDATE, USERNAME, SORTTYPEID, VERSIONNO) VALUES(1280, 0, 'jTree.setToggleClickCount(0);', NULL, TIMESTAMP '2007-03-30 00:21:12.046', NULL, 0, 0);
INSERT INTO PUBLIC.DOC(DOCID, DOCTYPEID, DOCTITLE, DOCCONT, NEWDATE, USERNAME, SORTTYPEID, VERSIONNO) VALUES(1281, 0, STRINGDECODE('jTree.setToolTipText(\"Enter\u30ad\u30fc\u3067\u6b63\u30c4\u30ea\u30fc\u3092\u30dd\u30a4\u30f3\u30c8\u3057\u307e\u3059\u3002\");'), NULL, TIMESTAMP '2007-03-30 00:21:12.046', NULL, 0, 0);
INSERT INTO PUBLIC.DOC(DOCID, DOCTYPEID, DOCTITLE, DOCCONT, NEWDATE, USERNAME, SORTTYPEID, VERSIONNO) VALUES(1282, 0, 'jTree.addMouseListener(new java.awt.event.MouseAdapter() {', NULL, TIMESTAMP '2007-03-30 00:21:12.046', NULL, 0, 0);
INSERT INTO PUBLIC.DOC(DOCID, DOCTYPEID, DOCTITLE, DOCCONT, NEWDATE, USERNAME, SORTTYPEID, VERSIONNO) VALUES(1283, 0, 'public void mouseClicked(MouseEvent e) {', NULL, TIMESTAMP '2007-03-30 00:21:12.046', NULL, 0, 0);
INSERT INTO PUBLIC.DOC(DOCID, DOCTYPEID, DOCTITLE, DOCCONT, NEWDATE, USERNAME, SORTTYPEID, VERSIONNO) VALUES(1284, 0, STRINGDECODE('if(e.getButton() == MouseEvent.BUTTON3){\t//\u53f3\u30dc\u30bf\u30f3'), NULL, TIMESTAMP '2007-03-30 00:21:12.046', NULL, 0, 0);
INSERT INTO PUBLIC.DOC(DOCID, DOCTYPEID, DOCTITLE, DOCCONT, NEWDATE, USERNAME, SORTTYPEID, VERSIONNO) VALUES(1285, 0, 'if(jTree.getSelectionPath() != null){', NULL, TIMESTAMP '2007-03-30 00:21:12.046', NULL, 0, 0);
INSERT INTO PUBLIC.DOC(DOCID, DOCTYPEID, DOCTITLE, DOCCONT, NEWDATE, USERNAME, SORTTYPEID, VERSIONNO) VALUES(1286, 0, 'getMnuTreePopup().show(jTree, e.getX(), e.getY());', NULL, TIMESTAMP '2007-03-30 00:21:12.046', NULL, 0, 0);
INSERT INTO PUBLIC.DOC(DOCID, DOCTYPEID, DOCTITLE, DOCCONT, NEWDATE, USERNAME, SORTTYPEID, VERSIONNO) VALUES(1287, 0, '}', NULL, TIMESTAMP '2007-03-30 00:21:12.046', NULL, 0, 0);
INSERT INTO PUBLIC.DOC(DOCID, DOCTYPEID, DOCTITLE, DOCCONT, NEWDATE, USERNAME, SORTTYPEID, VERSIONNO) VALUES(1288, 0, '}else if(e.getClickCount() >= 2){', NULL, TIMESTAMP '2007-03-30 00:21:12.046', NULL, 0, 0);
INSERT INTO PUBLIC.DOC(DOCID, DOCTYPEID, DOCTITLE, DOCCONT, NEWDATE, USERNAME, SORTTYPEID, VERSIONNO) VALUES(1289, 0, 'actSelect_.actionPerformed(null);', NULL, TIMESTAMP '2007-03-30 00:21:12.046', NULL, 0, 0);
INSERT INTO PUBLIC.DOC(DOCID, DOCTYPEID, DOCTITLE, DOCCONT, NEWDATE, USERNAME, SORTTYPEID, VERSIONNO) VALUES(1290, 0, '}', NULL, TIMESTAMP '2007-03-30 00:21:12.046', NULL, 0, 0);
INSERT INTO PUBLIC.DOC(DOCID, DOCTYPEID, DOCTITLE, DOCCONT, NEWDATE, USERNAME, SORTTYPEID, VERSIONNO) VALUES(1291, 0, '}', NULL, TIMESTAMP '2007-03-30 00:21:12.046', NULL, 0, 0);
INSERT INTO PUBLIC.DOC(DOCID, DOCTYPEID, DOCTITLE, DOCCONT, NEWDATE, USERNAME, SORTTYPEID, VERSIONNO) VALUES(1292, 0, '});', NULL, TIMESTAMP '2007-03-30 00:21:12.046', NULL, 0, 0);
INSERT INTO PUBLIC.DOC(DOCID, DOCTYPEID, DOCTITLE, DOCCONT, NEWDATE, USERNAME, SORTTYPEID, VERSIONNO) VALUES(1293, 0, STRINGDECODE('//Enter\u30ad\u30fc\u3067jump'), NULL, TIMESTAMP '2007-03-30 00:21:12.046', NULL, 0, 0);
INSERT INTO PUBLIC.DOC(DOCID, DOCTYPEID, DOCTITLE, DOCCONT, NEWDATE, USERNAME, SORTTYPEID, VERSIONNO) VALUES(1294, 0, 'jTree.getInputMap().', NULL, TIMESTAMP '2007-03-30 00:21:12.046', NULL, 0, 0);
INSERT INTO PUBLIC.DOC(DOCID, DOCTYPEID, DOCTITLE, DOCCONT, NEWDATE, USERNAME, SORTTYPEID, VERSIONNO) VALUES(1295, 0, 'put(KeyStroke.getKeyStroke(KeyEvent.VK_ENTER,0), "select");', NULL, TIMESTAMP '2007-03-30 00:21:12.046', NULL, 0, 0);
INSERT INTO PUBLIC.DOC(DOCID, DOCTYPEID, DOCTITLE, DOCCONT, NEWDATE, USERNAME, SORTTYPEID, VERSIONNO) VALUES(1296, 0, 'jTree.getActionMap().put("select", actSelect_);', NULL, TIMESTAMP '2007-03-30 00:21:12.046', NULL, 0, 0);
INSERT INTO PUBLIC.DOC(DOCID, DOCTYPEID, DOCTITLE, DOCCONT, NEWDATE, USERNAME, SORTTYPEID, VERSIONNO) VALUES(1297, 0, '}', NULL, TIMESTAMP '2007-03-30 00:21:12.046', NULL, 0, 0);
INSERT INTO PUBLIC.DOC(DOCID, DOCTYPEID, DOCTITLE, DOCCONT, NEWDATE, USERNAME, SORTTYPEID, VERSIONNO) VALUES(1298, 0, 'return jTree;', NULL, TIMESTAMP '2007-03-30 00:21:12.046', NULL, 0, 0);
INSERT INTO PUBLIC.DOC(DOCID, DOCTYPEID, DOCTITLE, DOCCONT, NEWDATE, USERNAME, SORTTYPEID, VERSIONNO) VALUES(1299, 0, '}', NULL, TIMESTAMP '2007-03-30 00:21:12.046', NULL, 0, 0);
INSERT INTO PUBLIC.DOC(DOCID, DOCTYPEID, DOCTITLE, DOCCONT, NEWDATE, USERNAME, SORTTYPEID, VERSIONNO) VALUES(1300, 0, 'DocModel docModel_;', NULL, TIMESTAMP '2007-03-30 00:21:12.046', NULL, 0, 0);
INSERT INTO PUBLIC.DOC(DOCID, DOCTYPEID, DOCTITLE, DOCCONT, NEWDATE, USERNAME, SORTTYPEID, VERSIONNO) VALUES(1302, 0, 'private JMenuItem mnuPointTree = null;', NULL, TIMESTAMP '2007-03-30 00:21:12.046', NULL, 0, 0);
INSERT INTO PUBLIC.DOC(DOCID, DOCTYPEID, DOCTITLE, DOCCONT, NEWDATE, USERNAME, SORTTYPEID, VERSIONNO) VALUES(578, 0, STRINGDECODE('\u304a\u77e5\u3089\u305b'), NULL, TIMESTAMP '2006-12-22 11:15:54.0', STRINGDECODE('\u6ff1\u5cf6'), 0, 0);
INSERT INTO PUBLIC.DOC(DOCID, DOCTYPEID, DOCTITLE, DOCCONT, NEWDATE, USERNAME, SORTTYPEID, VERSIONNO) VALUES(579, 0, STRINGDECODE('\u30a8\u30f3\u30c8\u30ea'), '', TIMESTAMP '2006-12-22 11:16:13.0', STRINGDECODE('\u6ff1\u5cf6'), 10, 1);
INSERT INTO PUBLIC.DOC(DOCID, DOCTYPEID, DOCTITLE, DOCCONT, NEWDATE, USERNAME, SORTTYPEID, VERSIONNO) VALUES(580, 0, STRINGDECODE('\u30b9\u30ab\u30a6\u30c8'), '', TIMESTAMP '2006-12-22 11:16:31.0', STRINGDECODE('\u6ff1\u5cf6'), 21, 1);
INSERT INTO PUBLIC.DOC(DOCID, DOCTYPEID, DOCTITLE, DOCCONT, NEWDATE, USERNAME, SORTTYPEID, VERSIONNO) VALUES(581, 0, STRINGDECODE('\u4ed5\u4e8b\u60c5\u5831'), NULL, TIMESTAMP '2006-12-22 11:16:44.0', STRINGDECODE('\u6ff1\u5cf6'), 0, 0);
INSERT INTO PUBLIC.DOC(DOCID, DOCTYPEID, DOCTITLE, DOCCONT, NEWDATE, USERNAME, SORTTYPEID, VERSIONNO) VALUES(582, 0, STRINGDECODE('\u4f01\u696d\u60c5\u5831'), NULL, TIMESTAMP '2006-12-22 11:16:59.0', STRINGDECODE('\u6ff1\u5cf6'), 0, 0);
INSERT INTO PUBLIC.DOC(DOCID, DOCTYPEID, DOCTITLE, DOCCONT, NEWDATE, USERNAME, SORTTYPEID, VERSIONNO) VALUES(583, 0, STRINGDECODE('\u5951\u7d04\u60c5\u5831'), NULL, TIMESTAMP '2006-12-22 11:17:12.0', STRINGDECODE('\u6ff1\u5cf6'), 0, 0);
INSERT INTO PUBLIC.DOC(DOCID, DOCTYPEID, DOCTITLE, DOCCONT, NEWDATE, USERNAME, SORTTYPEID, VERSIONNO) VALUES(584, 0, STRINGDECODE('\u30c6\u30f3\u30d7\u30ec\u30fc\u30c8'), NULL, TIMESTAMP '2006-12-22 11:17:26.0', STRINGDECODE('\u6ff1\u5cf6'), 0, 0);
INSERT INTO PUBLIC.DOC(DOCID, DOCTYPEID, DOCTITLE, DOCCONT, NEWDATE, USERNAME, SORTTYPEID, VERSIONNO) VALUES(585, 0, STRINGDECODE('\u62c5\u5f53\u8005'), NULL, TIMESTAMP '2006-12-22 11:17:37.0', STRINGDECODE('\u6ff1\u5cf6'), 0, 0);
INSERT INTO PUBLIC.DOC(DOCID, DOCTYPEID, DOCTITLE, DOCCONT, NEWDATE, USERNAME, SORTTYPEID, VERSIONNO) VALUES(586, 0, STRINGDECODE('\u52b9\u679c\u5206\u6790'), NULL, TIMESTAMP '2006-12-22 11:17:49.0', STRINGDECODE('\u6ff1\u5cf6'), 0, 0);
INSERT INTO PUBLIC.DOC(DOCID, DOCTYPEID, DOCTITLE, DOCCONT, NEWDATE, USERNAME, SORTTYPEID, VERSIONNO) VALUES(589, 0, STRINGDECODE('Data\u304a\u77e5\u3089\u305b'), NULL, TIMESTAMP '2006-12-22 11:21:01.0', STRINGDECODE('\u6ff1\u5cf6'), 0, 0);
INSERT INTO PUBLIC.DOC(DOCID, DOCTYPEID, DOCTITLE, DOCCONT, NEWDATE, USERNAME, SORTTYPEID, VERSIONNO) VALUES(590, 0, STRINGDECODE('route\u4e00\u89a7\u7167\u4f1a'), NULL, TIMESTAMP '2006-12-22 11:21:39.0', STRINGDECODE('\u6ff1\u5cf6'), 0, 0);
INSERT INTO PUBLIC.DOC(DOCID, DOCTYPEID, DOCTITLE, DOCCONT, NEWDATE, USERNAME, SORTTYPEID, VERSIONNO) VALUES(591, 0, STRINGDECODE('route\u5358\u7968\u7167\u4f1a'), NULL, TIMESTAMP '2006-12-22 11:23:02.0', STRINGDECODE('\u6ff1\u5cf6'), 0, 0);
INSERT INTO PUBLIC.DOC(DOCID, DOCTYPEID, DOCTITLE, DOCCONT, NEWDATE, USERNAME, SORTTYPEID, VERSIONNO) VALUES(592, 0, STRINGDECODE('3011\u21923014'), NULL, TIMESTAMP '2006-12-22 11:23:17.0', STRINGDECODE('\u6ff1\u5cf6'), 0, 0);
INSERT INTO PUBLIC.DOC(DOCID, DOCTYPEID, DOCTITLE, DOCCONT, NEWDATE, USERNAME, SORTTYPEID, VERSIONNO) VALUES(593, 0, STRINGDECODE('3014\u21923016'), NULL, TIMESTAMP '2006-12-22 11:23:49.0', STRINGDECODE('\u6ff1\u5cf6'), 0, 0);
INSERT INTO PUBLIC.DOC(DOCID, DOCTYPEID, DOCTITLE, DOCCONT, NEWDATE, USERNAME, SORTTYPEID, VERSIONNO) VALUES(594, 0, STRINGDECODE('3014\u21923017'), NULL, TIMESTAMP '2006-12-22 11:24:13.0', STRINGDECODE('\u6ff1\u5cf6'), 0, 0);
INSERT INTO PUBLIC.DOC(DOCID, DOCTYPEID, DOCTITLE, DOCCONT, NEWDATE, USERNAME, SORTTYPEID, VERSIONNO) VALUES(595, 0, STRINGDECODE('3016\u21923017'), NULL, TIMESTAMP '2006-12-22 11:24:29.0', STRINGDECODE('\u6ff1\u5cf6'), 0, 0);
INSERT INTO PUBLIC.DOC(DOCID, DOCTYPEID, DOCTITLE, DOCCONT, NEWDATE, USERNAME, SORTTYPEID, VERSIONNO) VALUES(596, 0, STRINGDECODE('\u30a8\u30f3\u30c8\u30ea\u60c5\u5831'), NULL, TIMESTAMP '2006-12-22 11:26:31.0', STRINGDECODE('\u6ff1\u5cf6'), 0, 0);
INSERT INTO PUBLIC.DOC(DOCID, DOCTYPEID, DOCTITLE, DOCCONT, NEWDATE, USERNAME, SORTTYPEID, VERSIONNO) VALUES(597, 0, STRINGDECODE('route\u4e00\u89a7\u7167\u4f1a'), NULL, TIMESTAMP '2006-12-22 11:26:44.0', STRINGDECODE('\u6ff1\u5cf6'), 0, 0);
INSERT INTO PUBLIC.DOC(DOCID, DOCTYPEID, DOCTITLE, DOCCONT, NEWDATE, USERNAME, SORTTYPEID, VERSIONNO) VALUES(598, 0, STRINGDECODE('route\u5358\u7968\u7167\u4f1a'), NULL, TIMESTAMP '2006-12-22 11:27:02.0', STRINGDECODE('\u6ff1\u5cf6'), 0, 0);
INSERT INTO PUBLIC.DOC(DOCID, DOCTYPEID, DOCTITLE, DOCCONT, NEWDATE, USERNAME, SORTTYPEID, VERSIONNO) VALUES(599, 0, STRINGDECODE('3011\u21923019'), NULL, TIMESTAMP '2006-12-22 11:28:08.0', STRINGDECODE('\u6ff1\u5cf6'), 0, 0);
INSERT INTO PUBLIC.DOC(DOCID, DOCTYPEID, DOCTITLE, DOCCONT, NEWDATE, USERNAME, SORTTYPEID, VERSIONNO) VALUES(600, 0, STRINGDECODE('3019\u21923020'), NULL, TIMESTAMP '2006-12-22 11:28:24.0', STRINGDECODE('\u6ff1\u5cf6'), 0, 0);
INSERT INTO PUBLIC.DOC(DOCID, DOCTYPEID, DOCTITLE, DOCCONT, NEWDATE, USERNAME, SORTTYPEID, VERSIONNO) VALUES(601, 0, STRINGDECODE('\u30a8\u30f3\u30c8\u30ea\u30e1\u30c3\u30bb\u30fc\u30b8'), NULL, TIMESTAMP '2006-12-22 11:37:28.0', STRINGDECODE('\u6ff1\u5cf6'), 0, 0);
INSERT INTO PUBLIC.DOC(DOCID, DOCTYPEID, DOCTITLE, DOCCONT, NEWDATE, USERNAME, SORTTYPEID, VERSIONNO) VALUES(602, 0, STRINGDECODE('route\u65b0\u898f\u78ba\u8a8d'), NULL, TIMESTAMP '2006-12-22 11:38:11.0', STRINGDECODE('\u6ff1\u5cf6'), 0, 0);
INSERT INTO PUBLIC.DOC(DOCID, DOCTYPEID, DOCTITLE, DOCCONT, NEWDATE, USERNAME, SORTTYPEID, VERSIONNO) VALUES(603, 0, STRINGDECODE('route\u65b0\u898f\u66f4\u65b0'), NULL, TIMESTAMP '2006-12-22 11:38:33.0', STRINGDECODE('\u6ff1\u5cf6'), 0, 0);
INSERT INTO PUBLIC.DOC(DOCID, DOCTYPEID, DOCTITLE, DOCCONT, NEWDATE, USERNAME, SORTTYPEID, VERSIONNO) VALUES(604, 0, STRINGDECODE('3020\u21923034'), NULL, TIMESTAMP '2006-12-22 11:39:36.0', STRINGDECODE('\u6ff1\u5cf6'), 0, 0);
INSERT INTO PUBLIC.DOC(DOCID, DOCTYPEID, DOCTITLE, DOCCONT, NEWDATE, USERNAME, SORTTYPEID, VERSIONNO) VALUES(605, 0, STRINGDECODE('3034\u21923035'), NULL, TIMESTAMP '2006-12-22 11:40:04.0', STRINGDECODE('\u6ff1\u5cf6'), 0, 0);
INSERT INTO PUBLIC.DOC(DOCID, DOCTYPEID, DOCTITLE, DOCCONT, NEWDATE, USERNAME, SORTTYPEID, VERSIONNO) VALUES(606, 0, STRINGDECODE('\u30c6\u30f3\u30d7\u30ec\u30fc\u30c8'), NULL, TIMESTAMP '2006-12-22 11:50:05.0', STRINGDECODE('\u6ff1\u5cf6'), 0, 0);
INSERT INTO PUBLIC.DOC(DOCID, DOCTYPEID, DOCTITLE, DOCCONT, NEWDATE, USERNAME, SORTTYPEID, VERSIONNO) VALUES(607, 0, STRINGDECODE('\u53c2\u7167\u7cfb'), NULL, TIMESTAMP '2006-12-22 11:51:42.0', STRINGDECODE('\u6ff1\u5cf6'), 0, 0);
INSERT INTO PUBLIC.DOC(DOCID, DOCTYPEID, DOCTITLE, DOCCONT, NEWDATE, USERNAME, SORTTYPEID, VERSIONNO) VALUES(608, 0, STRINGDECODE('\u66f4\u65b0\u7cfb'), NULL, TIMESTAMP '2006-12-22 11:51:49.0', STRINGDECODE('\u6ff1\u5cf6'), 0, 0);
INSERT INTO PUBLIC.DOC(DOCID, DOCTYPEID, DOCTITLE, DOCCONT, NEWDATE, USERNAME, SORTTYPEID, VERSIONNO) VALUES(609, 0, STRINGDECODE('route\u4e00\u89a7\u7167\u4f1a'), NULL, TIMESTAMP '2006-12-22 11:52:00.0', STRINGDECODE('\u6ff1\u5cf6'), 0, 0);
INSERT INTO PUBLIC.DOC(DOCID, DOCTYPEID, DOCTITLE, DOCCONT, NEWDATE, USERNAME, SORTTYPEID, VERSIONNO) VALUES(610, 0, STRINGDECODE('route\u5358\u7968\u7167\u4f1a'), NULL, TIMESTAMP '2006-12-22 11:52:10.0', STRINGDECODE('\u6ff1\u5cf6'), 0, 0);
INSERT INTO PUBLIC.DOC(DOCID, DOCTYPEID, DOCTITLE, DOCCONT, NEWDATE, USERNAME, SORTTYPEID, VERSIONNO) VALUES(611, 0, STRINGDECODE('route\u5909\u66f4\u691c\u7d22'), NULL, TIMESTAMP '2006-12-22 11:52:23.0', STRINGDECODE('\u6ff1\u5cf6'), 0, 0);
INSERT INTO PUBLIC.DOC(DOCID, DOCTYPEID, DOCTITLE, DOCCONT, NEWDATE, USERNAME, SORTTYPEID, VERSIONNO) VALUES(612, 0, STRINGDECODE('route\u5909\u66f4\u66f4\u65b0'), NULL, TIMESTAMP '2006-12-22 11:52:46.0', STRINGDECODE('\u6ff1\u5cf6'), 0, 0);
INSERT INTO PUBLIC.DOC(DOCID, DOCTYPEID, DOCTITLE, DOCCONT, NEWDATE, USERNAME, SORTTYPEID, VERSIONNO) VALUES(613, 0, STRINGDECODE('3020\u21923028'), NULL, TIMESTAMP '2006-12-22 11:53:43.0', STRINGDECODE('\u6ff1\u5cf6'), 0, 0);
INSERT INTO PUBLIC.DOC(DOCID, DOCTYPEID, DOCTITLE, DOCCONT, NEWDATE, USERNAME, SORTTYPEID, VERSIONNO) VALUES(614, 0, STRINGDECODE('3033\u21923028'), NULL, TIMESTAMP '2006-12-22 11:55:55.0', STRINGDECODE('\u6ff1\u5cf6'), 0, 0);
INSERT INTO PUBLIC.DOC(DOCID, DOCTYPEID, DOCTITLE, DOCCONT, NEWDATE, USERNAME, SORTTYPEID, VERSIONNO) VALUES(615, 0, STRINGDECODE('3028\u21923029'), NULL, TIMESTAMP '2006-12-22 11:56:20.0', STRINGDECODE('\u6ff1\u5cf6'), 0, 0);
INSERT INTO PUBLIC.DOC(DOCID, DOCTYPEID, DOCTITLE, DOCCONT, NEWDATE, USERNAME, SORTTYPEID, VERSIONNO) VALUES(616, 0, STRINGDECODE('3028\u21923030'), NULL, TIMESTAMP '2006-12-22 11:56:36.0', STRINGDECODE('\u6ff1\u5cf6'), 0, 0);
INSERT INTO PUBLIC.DOC(DOCID, DOCTYPEID, DOCTITLE, DOCCONT, NEWDATE, USERNAME, SORTTYPEID, VERSIONNO) VALUES(617, 0, STRINGDECODE('3030\u21923031'), NULL, TIMESTAMP '2006-12-22 11:57:07.0', STRINGDECODE('\u6ff1\u5cf6'), 0, 0);
INSERT INTO PUBLIC.DOC(DOCID, DOCTYPEID, DOCTITLE, DOCCONT, NEWDATE, USERNAME, SORTTYPEID, VERSIONNO) VALUES(618, 0, STRINGDECODE('3031\u21923028'), NULL, TIMESTAMP '2006-12-22 11:57:24.0', STRINGDECODE('\u6ff1\u5cf6'), 0, 0);
INSERT INTO PUBLIC.DOC(DOCID, DOCTYPEID, DOCTITLE, DOCCONT, NEWDATE, USERNAME, SORTTYPEID, VERSIONNO) VALUES(619, 0, STRINGDECODE('3019\u21923033'), NULL, TIMESTAMP '2006-12-22 11:59:46.0', STRINGDECODE('\u6ff1\u5cf6'), 0, 0);
INSERT INTO PUBLIC.DOC(DOCID, DOCTYPEID, DOCTITLE, DOCCONT, NEWDATE, USERNAME, SORTTYPEID, VERSIONNO) VALUES(620, 0, STRINGDECODE('3033\u21923020'), NULL, TIMESTAMP '2006-12-22 12:00:35.0', STRINGDECODE('\u6ff1\u5cf6'), 0, 0);
INSERT INTO PUBLIC.DOC(DOCID, DOCTYPEID, DOCTITLE, DOCCONT, NEWDATE, USERNAME, SORTTYPEID, VERSIONNO) VALUES(621, 0, STRINGDECODE('3036\u21923020'), NULL, TIMESTAMP '2006-12-22 12:00:53.0', STRINGDECODE('\u6ff1\u5cf6'), 0, 0);
INSERT INTO PUBLIC.DOC(DOCID, DOCTYPEID, DOCTITLE, DOCCONT, NEWDATE, USERNAME, SORTTYPEID, VERSIONNO) VALUES(622, 0, STRINGDECODE('3033\u21923037'), NULL, TIMESTAMP '2006-12-22 12:01:38.0', STRINGDECODE('\u6ff1\u5cf6'), 0, 0);
INSERT INTO PUBLIC.DOC(DOCID, DOCTYPEID, DOCTITLE, DOCCONT, NEWDATE, USERNAME, SORTTYPEID, VERSIONNO) VALUES(623, 0, STRINGDECODE('3037\u21923038'), NULL, TIMESTAMP '2006-12-22 12:02:08.0', STRINGDECODE('\u6ff1\u5cf6'), 0, 0);
INSERT INTO PUBLIC.DOC(DOCID, DOCTYPEID, DOCTITLE, DOCCONT, NEWDATE, USERNAME, SORTTYPEID, VERSIONNO) VALUES(624, 0, STRINGDECODE('3036\u21923035'), NULL, TIMESTAMP '2006-12-22 12:04:24.0', STRINGDECODE('\u6ff1\u5cf6'), 0, 0);
INSERT INTO PUBLIC.DOC(DOCID, DOCTYPEID, DOCTITLE, DOCCONT, NEWDATE, USERNAME, SORTTYPEID, VERSIONNO) VALUES(625, 0, STRINGDECODE('3019\u21923036'), NULL, TIMESTAMP '2006-12-22 12:04:41.0', STRINGDECODE('\u6ff1\u5cf6'), 0, 0);
INSERT INTO PUBLIC.DOC(DOCID, DOCTYPEID, DOCTITLE, DOCCONT, NEWDATE, USERNAME, SORTTYPEID, VERSIONNO) VALUES(626, 0, STRINGDECODE('3037\u21923036'), NULL, TIMESTAMP '2006-12-22 12:04:57.0', STRINGDECODE('\u6ff1\u5cf6'), 0, 0);
INSERT INTO PUBLIC.DOC(DOCID, DOCTYPEID, DOCTITLE, DOCCONT, NEWDATE, USERNAME, SORTTYPEID, VERSIONNO) VALUES(627, 0, STRINGDECODE('Data\u30a8\u30f3\u30c8\u30ea\u30e1\u30e2'), NULL, TIMESTAMP '2006-12-22 12:06:57.0', STRINGDECODE('\u6ff1\u5cf6'), 0, 0);
INSERT INTO PUBLIC.DOC(DOCID, DOCTYPEID, DOCTITLE, DOCCONT, NEWDATE, USERNAME, SORTTYPEID, VERSIONNO) VALUES(628, 0, STRINGDECODE('\u30e1\u30e2'), NULL, TIMESTAMP '2006-12-22 12:07:17.0', STRINGDECODE('\u6ff1\u5cf6'), 0, 0);
INSERT INTO PUBLIC.DOC(DOCID, DOCTYPEID, DOCTITLE, DOCCONT, NEWDATE, USERNAME, SORTTYPEID, VERSIONNO) VALUES(629, 0, STRINGDECODE('route\u5909\u66f4\u691c\u7d22'), NULL, TIMESTAMP '2006-12-22 12:07:49.0', STRINGDECODE('\u6ff1\u5cf6'), 0, 0);
INSERT INTO PUBLIC.DOC(DOCID, DOCTYPEID, DOCTITLE, DOCCONT, NEWDATE, USERNAME, SORTTYPEID, VERSIONNO) VALUES(630, 0, STRINGDECODE('route\u5909\u66f4\u66f4\u65b0'), NULL, TIMESTAMP '2006-12-22 12:08:05.0', STRINGDECODE('\u6ff1\u5cf6'), 0, 0);
INSERT INTO PUBLIC.DOC(DOCID, DOCTYPEID, DOCTITLE, DOCCONT, NEWDATE, USERNAME, SORTTYPEID, VERSIONNO) VALUES(631, 0, STRINGDECODE('3019\u21923032'), NULL, TIMESTAMP '2006-12-22 12:08:23.0', STRINGDECODE('\u6ff1\u5cf6'), 0, 0);
INSERT INTO PUBLIC.DOC(DOCID, DOCTYPEID, DOCTITLE, DOCCONT, NEWDATE, USERNAME, SORTTYPEID, VERSIONNO) VALUES(632, 0, STRINGDECODE('3033\u21923032'), NULL, TIMESTAMP '2006-12-22 12:08:51.0', STRINGDECODE('\u6ff1\u5cf6'), 0, 0);
INSERT INTO PUBLIC.DOC(DOCID, DOCTYPEID, DOCTITLE, DOCCONT, NEWDATE, USERNAME, SORTTYPEID, VERSIONNO) VALUES(633, 0, STRINGDECODE('3036\u21923032'), NULL, TIMESTAMP '2006-12-22 12:09:01.0', STRINGDECODE('\u6ff1\u5cf6'), 0, 0);
INSERT INTO PUBLIC.DOC(DOCID, DOCTYPEID, DOCTITLE, DOCCONT, NEWDATE, USERNAME, SORTTYPEID, VERSIONNO) VALUES(634, 0, STRINGDECODE('3032\u2192\uff58\uff58\uff58\uff58'), NULL, TIMESTAMP '2006-12-22 12:09:18.0', STRINGDECODE('\u6ff1\u5cf6'), 0, 0);
INSERT INTO PUBLIC.DOC(DOCID, DOCTYPEID, DOCTITLE, DOCCONT, NEWDATE, USERNAME, SORTTYPEID, VERSIONNO) VALUES(635, 0, STRINGDECODE('Data\u53d7\u4fe1\u30d6\u30ed\u30c3\u30af'), NULL, TIMESTAMP '2006-12-22 13:27:53.0', STRINGDECODE('\u6ff1\u5cf6'), 0, 0);
INSERT INTO PUBLIC.DOC(DOCID, DOCTYPEID, DOCTITLE, DOCCONT, NEWDATE, USERNAME, SORTTYPEID, VERSIONNO) VALUES(636, 0, STRINGDECODE('\u30d6\u30e9\u30c3\u30af\u30ea\u30b9\u30c8'), NULL, TIMESTAMP '2006-12-22 13:30:00.0', STRINGDECODE('\u6ff1\u5cf6'), 0, 0);
INSERT INTO PUBLIC.DOC(DOCID, DOCTYPEID, DOCTITLE, DOCCONT, NEWDATE, USERNAME, SORTTYPEID, VERSIONNO) VALUES(638, 0, STRINGDECODE('Data\u30c6\u30f3\u30d7\u30ec\u30fc\u30c8'), NULL, TIMESTAMP '2006-12-22 13:31:52.0', STRINGDECODE('\u6ff1\u5cf6'), 0, 0);
INSERT INTO PUBLIC.DOC(DOCID, DOCTYPEID, DOCTITLE, DOCCONT, NEWDATE, USERNAME, SORTTYPEID, VERSIONNO) VALUES(643, 0, STRINGDECODE('Data\u30de\u30a4\u30eb\u4ed8\u4e0e\u7533\u8acb'), NULL, TIMESTAMP '2006-12-22 13:38:20.0', STRINGDECODE('\u6ff1\u5cf6'), 0, 0);
INSERT INTO PUBLIC.DOC(DOCID, DOCTYPEID, DOCTITLE, DOCCONT, NEWDATE, USERNAME, SORTTYPEID, VERSIONNO) VALUES(644, 0, STRINGDECODE('\u30de\u30a4\u30eb'), NULL, TIMESTAMP '2006-12-22 13:38:55.0', STRINGDECODE('\u6ff1\u5cf6'), 0, 0);
INSERT INTO PUBLIC.DOC(DOCID, DOCTYPEID, DOCTITLE, DOCCONT, NEWDATE, USERNAME, SORTTYPEID, VERSIONNO) VALUES(645, 0, STRINGDECODE('route\u65b0\u898f\u78ba\u8a8d'), NULL, TIMESTAMP '2006-12-22 13:40:05.0', STRINGDECODE('\u6ff1\u5cf6'), 0, 0);
INSERT INTO PUBLIC.DOC(DOCID, DOCTYPEID, DOCTITLE, DOCCONT, NEWDATE, USERNAME, SORTTYPEID, VERSIONNO) VALUES(646, 0, STRINGDECODE('route\u65b0\u898f\u66f4\u65b0'), NULL, TIMESTAMP '2006-12-22 13:40:22.0', STRINGDECODE('\u6ff1\u5cf6'), 0, 0);
INSERT INTO PUBLIC.DOC(DOCID, DOCTYPEID, DOCTITLE, DOCCONT, NEWDATE, USERNAME, SORTTYPEID, VERSIONNO) VALUES(647, 0, STRINGDECODE('3019\u21923039'), NULL, TIMESTAMP '2006-12-22 13:40:52.0', STRINGDECODE('\u6ff1\u5cf6'), 0, 0);
INSERT INTO PUBLIC.DOC(DOCID, DOCTYPEID, DOCTITLE, DOCCONT, NEWDATE, USERNAME, SORTTYPEID, VERSIONNO) VALUES(648, 0, STRINGDECODE('3039\u21923040'), NULL, TIMESTAMP '2006-12-22 13:41:01.0', STRINGDECODE('\u6ff1\u5cf6'), 0, 0);
INSERT INTO PUBLIC.DOC(DOCID, DOCTYPEID, DOCTITLE, DOCCONT, NEWDATE, USERNAME, SORTTYPEID, VERSIONNO) VALUES(649, 0, STRINGDECODE('route\u524a\u9664\u78ba\u8a8d'), NULL, TIMESTAMP '2006-12-22 13:45:32.0', STRINGDECODE('\u6ff1\u5cf6'), 0, 0);
INSERT INTO PUBLIC.DOC(DOCID, DOCTYPEID, DOCTITLE, DOCCONT, NEWDATE, USERNAME, SORTTYPEID, VERSIONNO) VALUES(650, 0, STRINGDECODE('route\u524a\u9664\u66f4\u65b0'), NULL, TIMESTAMP '2006-12-22 13:45:49.0', STRINGDECODE('\u6ff1\u5cf6'), 0, 0);
INSERT INTO PUBLIC.DOC(DOCID, DOCTYPEID, DOCTITLE, DOCCONT, NEWDATE, USERNAME, SORTTYPEID, VERSIONNO) VALUES(651, 0, STRINGDECODE('3019\u21923043'), NULL, TIMESTAMP '2006-12-22 13:46:30.0', STRINGDECODE('\u6ff1\u5cf6'), 0, 0);
INSERT INTO PUBLIC.DOC(DOCID, DOCTYPEID, DOCTITLE, DOCCONT, NEWDATE, USERNAME, SORTTYPEID, VERSIONNO) VALUES(652, 0, STRINGDECODE('3043\u21923044'), NULL, TIMESTAMP '2006-12-22 13:46:46.0', STRINGDECODE('\u6ff1\u5cf6'), 0, 0);
INSERT INTO PUBLIC.DOC(DOCID, DOCTYPEID, DOCTITLE, DOCCONT, NEWDATE, USERNAME, SORTTYPEID, VERSIONNO) VALUES(2815, 0, STRINGDECODE('\u30a2\u30fc\u30ad'), '', TIMESTAMP '2007-04-29 09:12:00.0', STRINGDECODE('\u591a\u3005\u826f\u7d14'), 0, 0);
INSERT INTO PUBLIC.DOC(DOCID, DOCTYPEID, DOCTITLE, DOCCONT, NEWDATE, USERNAME, SORTTYPEID, VERSIONNO) VALUES(2816, 0, STRINGDECODE('1. \u3053\u306e\u30c9\u30ad\u30e5\u30e1\u30f3\u30c8\u306b\u3064\u3044\u3066'), STRINGDECODE('\u3053\u306e\u30c9\u30ad\u30e5\u30e1\u30f3\u30c8\u306f\u3001CWS\u8981\u4ef6\u5b9a\u7fa9\u4ee5\u964d\u306e\u300c\u79fb\u884c\u300d\u3092\u9664\u3044\u305f\u5de5\u7a0b\u3068\u3001\u305d\u308c\u305e\u308c\u306e\u5de5\u7a0b\u3067\u30a2\u30a6\u30c8\u30d7\u30c3\u30c8\u3055\u308c\u308b\u8a2d\u8a08\u66f8\u306b\u3064\u3044\u3066\u5b9a\u7fa9\u3057\u305f\u8cc7\u6599\u3067\u3042\u308b\u3002'), TIMESTAMP '2007-04-29 09:12:38.968', STRINGDECODE('\u591a\u3005\u826f\u7d14'), 0, 0);
INSERT INTO PUBLIC.DOC(DOCID, DOCTYPEID, DOCTITLE, DOCCONT, NEWDATE, USERNAME, SORTTYPEID, VERSIONNO) VALUES(2817, 0, STRINGDECODE('2. \u5de5\u7a0b\u3068\u6210\u679c\u7269\u6982\u8981'), STRINGDECODE('\u5de5\u7a0b\u3068\u305d\u308c\u305e\u308c\u3067\u51fa\u529b\u3055\u308c\u308b\u6210\u679c\u7269\u306e\u6982\u5ff5\u56f3\u3092\u306b\u793a\u3059\u3002'), TIMESTAMP '2007-04-29 09:12:38.968', STRINGDECODE('\u591a\u3005\u826f\u7d14'), 0, 0);
INSERT INTO PUBLIC.DOC(DOCID, DOCTYPEID, DOCTITLE, DOCCONT, NEWDATE, USERNAME, SORTTYPEID, VERSIONNO) VALUES(2818, 0, STRINGDECODE('2.1 \u5de5\u7a0b\u3068\u8a2d\u8a08\u66f8\u4e00\u89a7'), NULL, TIMESTAMP '2007-04-29 09:12:38.968', STRINGDECODE('\u591a\u3005\u826f\u7d14'), 0, 0);
INSERT INTO PUBLIC.DOC(DOCID, DOCTYPEID, DOCTITLE, DOCCONT, NEWDATE, USERNAME, SORTTYPEID, VERSIONNO) VALUES(2819, 0, STRINGDECODE('3. \u7528\u8a9e\u5b9a\u7fa9'), NULL, TIMESTAMP '2007-04-29 09:12:38.968', STRINGDECODE('\u591a\u3005\u826f\u7d14'), 0, 0);
INSERT INTO PUBLIC.DOC(DOCID, DOCTYPEID, DOCTITLE, DOCCONT, NEWDATE, USERNAME, SORTTYPEID, VERSIONNO) VALUES(2820, 0, STRINGDECODE('3.1 \u30b5\u30d6\u30b7\u30b9\u30c6\u30e0'), STRINGDECODE('CWS\u3092\u69cb\u6210\u3059\u308b\u6a5f\u80fd\u8981\u7d20\u3002\nCWS\u306b\u306f\u3001\u4ee5\u4e0b\u306e\u30b5\u30d6\u30b7\u30b9\u30c6\u30e0\u304c\u5b58\u5728\u3059\u308b\u3002'), TIMESTAMP '2007-04-29 09:12:38.968', STRINGDECODE('\u591a\u3005\u826f\u7d14'), 0, 0);
INSERT INTO PUBLIC.DOC(DOCID, DOCTYPEID, DOCTITLE, DOCCONT, NEWDATE, USERNAME, SORTTYPEID, VERSIONNO) VALUES(2821, 0, STRINGDECODE('SNS\u30b3\u30f3\u30c6\u30f3\u30c4'), NULL, TIMESTAMP '2007-04-29 09:12:38.968', STRINGDECODE('\u591a\u3005\u826f\u7d14'), 0, 0);
INSERT INTO PUBLIC.DOC(DOCID, DOCTYPEID, DOCTITLE, DOCCONT, NEWDATE, USERNAME, SORTTYPEID, VERSIONNO) VALUES(2822, 0, STRINGDECODE('SNS\u3084My\u30da\u30fc\u30b8\u306b\u307e\u3064\u308f\u308b\u5168\u3066\u306e\u6a5f\u80fd'), NULL, TIMESTAMP '2007-04-29 09:12:38.968', STRINGDECODE('\u591a\u3005\u826f\u7d14'), 0, 0);
INSERT INTO PUBLIC.DOC(DOCID, DOCTYPEID, DOCTITLE, DOCCONT, NEWDATE, USERNAME, SORTTYPEID, VERSIONNO) VALUES(2823, 0, STRINGDECODE('SNS\u30b3\u30f3\u30c6\u30f3\u30c4\u30d0\u30c3\u30af\u30e4\u30fc\u30c9'), NULL, TIMESTAMP '2007-04-29 09:12:38.968', STRINGDECODE('\u591a\u3005\u826f\u7d14'), 0, 0);
INSERT INTO PUBLIC.DOC(DOCID, DOCTYPEID, DOCTITLE, DOCCONT, NEWDATE, USERNAME, SORTTYPEID, VERSIONNO) VALUES(2824, 0, STRINGDECODE('SNS\u30b3\u30f3\u30c6\u30f3\u30c4\u30b5\u30d6\u30b7\u30b9\u30c6\u30e0\u306e\u30d0\u30c3\u30af\u30e4\u30fc\u30c9\u6a5f\u80fd'), NULL, TIMESTAMP '2007-04-29 09:12:38.968', STRINGDECODE('\u591a\u3005\u826f\u7d14'), 0, 0);
INSERT INTO PUBLIC.DOC(DOCID, DOCTYPEID, DOCTITLE, DOCCONT, NEWDATE, USERNAME, SORTTYPEID, VERSIONNO) VALUES(2825, 0, STRINGDECODE('\u8a8d\u8a3c\u30fb\u8a8d\u53ef'), NULL, TIMESTAMP '2007-04-29 09:12:38.968', STRINGDECODE('\u591a\u3005\u826f\u7d14'), 0, 0);
INSERT INTO PUBLIC.DOC(DOCID, DOCTYPEID, DOCTITLE, DOCCONT, NEWDATE, USERNAME, SORTTYPEID, VERSIONNO) VALUES(2826, 0, STRINGDECODE('\u8a8d\u8a3c\u3001\u6a29\u9650\u7ba1\u7406\u3001\u30e6\u30fc\u30b6\u5c5e\u6027\u306e\u7ba1\u7406'), NULL, TIMESTAMP '2007-04-29 09:12:38.968', STRINGDECODE('\u591a\u3005\u826f\u7d14'), 0, 0);
INSERT INTO PUBLIC.DOC(DOCID, DOCTYPEID, DOCTITLE, DOCCONT, NEWDATE, USERNAME, SORTTYPEID, VERSIONNO) VALUES(2827, 0, STRINGDECODE('\u8a8d\u8a3c\u30fb\u8a8d\u53ef\u30d0\u30c3\u30af\u30e4\u30fc\u30c9'), NULL, TIMESTAMP '2007-04-29 09:12:38.968', STRINGDECODE('\u591a\u3005\u826f\u7d14'), 0, 0);
INSERT INTO PUBLIC.DOC(DOCID, DOCTYPEID, DOCTITLE, DOCCONT, NEWDATE, USERNAME, SORTTYPEID, VERSIONNO) VALUES(2828, 0, STRINGDECODE('\u8a8d\u8a3c\u30fb\u8a8d\u53ef\u30b5\u30d6\u30b7\u30b9\u30c6\u30e0\u306e\u30d0\u30c3\u30af\u30e4\u30fc\u30c9\u6a5f\u80fd'), NULL, TIMESTAMP '2007-04-29 09:12:38.968', STRINGDECODE('\u591a\u3005\u826f\u7d14'), 0, 0);
INSERT INTO PUBLIC.DOC(DOCID, DOCTYPEID, DOCTITLE, DOCCONT, NEWDATE, USERNAME, SORTTYPEID, VERSIONNO) VALUES(2829, 0, STRINGDECODE('\u5171\u540c\u8cfc\u5165'), NULL, TIMESTAMP '2007-04-29 09:12:38.968', STRINGDECODE('\u591a\u3005\u826f\u7d14'), 0, 0);
INSERT INTO PUBLIC.DOC(DOCID, DOCTYPEID, DOCTITLE, DOCCONT, NEWDATE, USERNAME, SORTTYPEID, VERSIONNO) VALUES(2830, 0, STRINGDECODE('\u5171\u540c\u8cfc\u5165\u3092\u884c\u3046\u305f\u3081\u306e\u6a5f\u80fd'), NULL, TIMESTAMP '2007-04-29 09:12:38.968', STRINGDECODE('\u591a\u3005\u826f\u7d14'), 0, 0);
INSERT INTO PUBLIC.DOC(DOCID, DOCTYPEID, DOCTITLE, DOCCONT, NEWDATE, USERNAME, SORTTYPEID, VERSIONNO) VALUES(2831, 0, STRINGDECODE('\u5171\u540c\u8cfc\u5165\u30d0\u30c3\u30af\u30e4\u30fc\u30c9'), NULL, TIMESTAMP '2007-04-29 09:12:38.968', STRINGDECODE('\u591a\u3005\u826f\u7d14'), 0, 0);
INSERT INTO PUBLIC.DOC(DOCID, DOCTYPEID, DOCTITLE, DOCCONT, NEWDATE, USERNAME, SORTTYPEID, VERSIONNO) VALUES(2832, 0, STRINGDECODE('\u5171\u540c\u8cfc\u5165\u30b5\u30d6\u30b7\u30b9\u30c6\u30e0\u306e\u30d0\u30c3\u30af\u30e4\u30fc\u30c9\u6a5f\u80fd'), NULL, TIMESTAMP '2007-04-29 09:12:38.968', STRINGDECODE('\u591a\u3005\u826f\u7d14'), 0, 0);
INSERT INTO PUBLIC.DOC(DOCID, DOCTYPEID, DOCTITLE, DOCCONT, NEWDATE, USERNAME, SORTTYPEID, VERSIONNO) VALUES(2833, 0, STRINGDECODE('\u30d0\u30c3\u30c1\u51e6\u7406'), NULL, TIMESTAMP '2007-04-29 09:12:38.968', STRINGDECODE('\u591a\u3005\u826f\u7d14'), 0, 0);
INSERT INTO PUBLIC.DOC(DOCID, DOCTYPEID, DOCTITLE, DOCCONT, NEWDATE, USERNAME, SORTTYPEID, VERSIONNO) VALUES(2834, 0, STRINGDECODE('\u30d0\u30c3\u30c1\u51e6\u7406'), NULL, TIMESTAMP '2007-04-29 09:12:38.968', STRINGDECODE('\u591a\u3005\u826f\u7d14'), 0, 0);
INSERT INTO PUBLIC.DOC(DOCID, DOCTYPEID, DOCTITLE, DOCCONT, NEWDATE, USERNAME, SORTTYPEID, VERSIONNO) VALUES(2835, 0, STRINGDECODE('4. ID\u7ba1\u7406\u57fa\u6e96'), NULL, TIMESTAMP '2007-04-29 09:12:38.968', STRINGDECODE('\u591a\u3005\u826f\u7d14'), 0, 0);
INSERT INTO PUBLIC.DOC(DOCID, DOCTYPEID, DOCTITLE, DOCCONT, NEWDATE, USERNAME, SORTTYPEID, VERSIONNO) VALUES(2836, 0, STRINGDECODE('4.1 ID\u7ba1\u7406\u3059\u308b\u6210\u679c\u7269\u8981\u7d20'), STRINGDECODE('ID\u7ba1\u7406\u3059\u308b\u6210\u679c\u7269\u8981\u7d20\u3092\u4ee5\u4e0b\u306e\u3088\u3046\u306b\u5b9a\u3081\u308b\u3002'), TIMESTAMP '2007-04-29 09:12:38.968', STRINGDECODE('\u591a\u3005\u826f\u7d14'), 0, 0);
INSERT INTO PUBLIC.DOC(DOCID, DOCTYPEID, DOCTITLE, DOCCONT, NEWDATE, USERNAME, SORTTYPEID, VERSIONNO) VALUES(2837, 0, STRINGDECODE('\u30b5\u30d6\u30b7\u30b9\u30c6\u30e0ID'), STRINGDECODE('\u30b5\u30d6\u30b7\u30b9\u30c6\u30e0\u3092\u8b58\u5225\u3059\u308bID\u3002ID\u306f\u672c\u66f8\u3067\u5b9a\u7fa9\u3059\u308b\u3002'), TIMESTAMP '2007-04-29 09:12:38.968', STRINGDECODE('\u591a\u3005\u826f\u7d14'), 0, 0);
INSERT INTO PUBLIC.DOC(DOCID, DOCTYPEID, DOCTITLE, DOCCONT, NEWDATE, USERNAME, SORTTYPEID, VERSIONNO) VALUES(2838, 0, STRINGDECODE('\u30b5\u30fc\u30d3\u30b9ID'), STRINGDECODE('\u30b5\u30fc\u30d3\u30b9\u3092\u8b58\u5225\u3059\u308bID\u3002\u4f1a\u54e1\u767b\u9332\u3001\u4f1a\u54e1\u60c5\u5831\u5909\u66f4\u306e\u3088\u3046\u306a\u5358\u4f4d\u3092\u300c\u30b5\u30fc\u30d3\u30b9\u300d\u3068\u547c\u3076\u3002'), TIMESTAMP '2007-04-29 09:12:38.968', STRINGDECODE('\u591a\u3005\u826f\u7d14'), 0, 0);
INSERT INTO PUBLIC.DOC(DOCID, DOCTYPEID, DOCTITLE, DOCCONT, NEWDATE, USERNAME, SORTTYPEID, VERSIONNO) VALUES(2839, 0, STRINGDECODE('\u753b\u9762ID'), STRINGDECODE('\u753b\u9762\u3092\u8b58\u5225\u3059\u308bID\u3002html\u30d5\u30a1\u30a4\u30eb\uff11\u3064\u5206\u3068\u5bfe\u5fdc\u3059\u308b\u3002'), TIMESTAMP '2007-04-29 09:12:38.968', STRINGDECODE('\u591a\u3005\u826f\u7d14'), 0, 0);
INSERT INTO PUBLIC.DOC(DOCID, DOCTYPEID, DOCTITLE, DOCCONT, NEWDATE, USERNAME, SORTTYPEID, VERSIONNO) VALUES(2840, 0, STRINGDECODE('\u753b\u9762\u64cd\u4f5c\u9805\u76eeID'), STRINGDECODE('\u30dc\u30bf\u30f3\u3001\u30ea\u30f3\u30af\u7b49\u3001\u30e6\u30fc\u30b6\u30fc\u306e\u30a2\u30af\u30b7\u30e7\u30f3\u306b\u3088\u3063\u3066\u30b7\u30b9\u30c6\u30e0\u304c\u4f55\u3089\u304b\u306e\u53cd\u5fdc\u3092\u3059\u308b\u753b\u9762\u9805\u76ee\u3092\u8b58\u5225\u3059\u308b\u3002'), TIMESTAMP '2007-04-29 09:12:38.968', STRINGDECODE('\u591a\u3005\u826f\u7d14'), 0, 0);
INSERT INTO PUBLIC.DOC(DOCID, DOCTYPEID, DOCTITLE, DOCCONT, NEWDATE, USERNAME, SORTTYPEID, VERSIONNO) VALUES(2841, 0, STRINGDECODE('\u6a5f\u80fdID'), NULL, TIMESTAMP '2007-04-29 09:12:38.968', STRINGDECODE('\u591a\u3005\u826f\u7d14'), 0, 0);
INSERT INTO PUBLIC.DOC(DOCID, DOCTYPEID, DOCTITLE, DOCCONT, NEWDATE, USERNAME, SORTTYPEID, VERSIONNO) VALUES(2842, 0, STRINGDECODE('4.2 \u30b5\u30d6\u30b7\u30b9\u30c6\u30e0ID'), NULL, TIMESTAMP '2007-04-29 09:12:38.968', STRINGDECODE('\u591a\u3005\u826f\u7d14'), 0, 0);
INSERT INTO PUBLIC.DOC(DOCID, DOCTYPEID, DOCTITLE, DOCCONT, NEWDATE, USERNAME, SORTTYPEID, VERSIONNO) VALUES(2843, 0, STRINGDECODE('4.2.1. \u8aac\u660e'), STRINGDECODE('\u30b5\u30d6\u30b7\u30b9\u30c6\u30e0\uff08\u672c\u30c9\u30ad\u30e5\u30e1\u30f3\u30c8\u300c3.1\u30b5\u30d6\u30b7\u30b9\u30c6\u30e0\u300d\u53c2\u7167\uff09\u3092\u8b58\u5225\u3059\u308bID\u3002'), TIMESTAMP '2007-04-29 09:12:38.968', STRINGDECODE('\u591a\u3005\u826f\u7d14'), 0, 0);
INSERT INTO PUBLIC.DOC(DOCID, DOCTYPEID, DOCTITLE, DOCCONT, NEWDATE, USERNAME, SORTTYPEID, VERSIONNO) VALUES(2844, 0, STRINGDECODE('4.2.2. \u30d5\u30a9\u30fc\u30de\u30c3\u30c8'), STRINGDECODE('\u82f1\u5927\u6587\u5b57\u30013\u6587\u5b57\u4ee5\u5185\u3068\u3059\u308b\u3002\n\t\t\u30d0\u30c3\u30af\u30e4\u30fc\u30c9\u7cfb\u306f\u3001\u30d5\u30ed\u30f3\u30c8\u30e4\u30fc\u30c9\u7cfb+''B''\u3068\u3059\u308b\u3002'), TIMESTAMP '2007-04-29 09:12:38.968', STRINGDECODE('\u591a\u3005\u826f\u7d14'), 0, 0);
INSERT INTO PUBLIC.DOC(DOCID, DOCTYPEID, DOCTITLE, DOCCONT, NEWDATE, USERNAME, SORTTYPEID, VERSIONNO) VALUES(2845, 0, STRINGDECODE('4.2.3. \u898f\u5b9a\u5024'), NULL, TIMESTAMP '2007-04-29 09:12:38.968', STRINGDECODE('\u591a\u3005\u826f\u7d14'), 0, 0);
INSERT INTO PUBLIC.DOC(DOCID, DOCTYPEID, DOCTITLE, DOCCONT, NEWDATE, USERNAME, SORTTYPEID, VERSIONNO) VALUES(2846, 0, STRINGDECODE('SF\uff1aSNS\u30b3\u30f3\u30c6\u30f3\u30c4'), NULL, TIMESTAMP '2007-04-29 09:12:38.968', STRINGDECODE('\u591a\u3005\u826f\u7d14'), 0, 0);
INSERT INTO PUBLIC.DOC(DOCID, DOCTYPEID, DOCTITLE, DOCCONT, NEWDATE, USERNAME, SORTTYPEID, VERSIONNO) VALUES(2847, 0, STRINGDECODE('SB\uff1aSNS\u30b3\u30f3\u30c6\u30f3\u30c4\u30d0\u30c3\u30af\u30e4\u30fc\u30c9'), NULL, TIMESTAMP '2007-04-29 09:12:38.968', STRINGDECODE('\u591a\u3005\u826f\u7d14'), 0, 0);
INSERT INTO PUBLIC.DOC(DOCID, DOCTYPEID, DOCTITLE, DOCCONT, NEWDATE, USERNAME, SORTTYPEID, VERSIONNO) VALUES(2848, 0, STRINGDECODE('AF\uff1a\u8a8d\u8a3c\u30fb\u8a8d\u53ef'), NULL, TIMESTAMP '2007-04-29 09:12:38.968', STRINGDECODE('\u591a\u3005\u826f\u7d14'), 0, 0);
INSERT INTO PUBLIC.DOC(DOCID, DOCTYPEID, DOCTITLE, DOCCONT, NEWDATE, USERNAME, SORTTYPEID, VERSIONNO) VALUES(2849, 0, STRINGDECODE('AB\uff1a\u8a8d\u8a3c\u30fb\u8a8d\u53ef\u30d0\u30c3\u30af\u30e4\u30fc\u30c9'), NULL, TIMESTAMP '2007-04-29 09:12:38.968', STRINGDECODE('\u591a\u3005\u826f\u7d14'), 0, 0);
INSERT INTO PUBLIC.DOC(DOCID, DOCTYPEID, DOCTITLE, DOCCONT, NEWDATE, USERNAME, SORTTYPEID, VERSIONNO) VALUES(2850, 0, STRINGDECODE('EF\uff1a\u5171\u540c\u8cfc\u5165'), NULL, TIMESTAMP '2007-04-29 09:12:38.968', STRINGDECODE('\u591a\u3005\u826f\u7d14'), 0, 0);
INSERT INTO PUBLIC.DOC(DOCID, DOCTYPEID, DOCTITLE, DOCCONT, NEWDATE, USERNAME, SORTTYPEID, VERSIONNO) VALUES(2851, 0, STRINGDECODE('EB\uff1a\u5171\u540c\u8cfc\u5165\u30d0\u30c3\u30af\u30e4\u30fc\u30c9'), NULL, TIMESTAMP '2007-04-29 09:12:38.968', STRINGDECODE('\u591a\u3005\u826f\u7d14'), 0, 0);
INSERT INTO PUBLIC.DOC(DOCID, DOCTYPEID, DOCTITLE, DOCCONT, NEWDATE, USERNAME, SORTTYPEID, VERSIONNO) VALUES(2852, 0, STRINGDECODE('BT\uff1a\u30d0\u30c3\u30c1\u51e6\u7406'), NULL, TIMESTAMP '2007-04-29 09:12:38.968', STRINGDECODE('\u591a\u3005\u826f\u7d14'), 0, 0);
INSERT INTO PUBLIC.DOC(DOCID, DOCTYPEID, DOCTITLE, DOCCONT, NEWDATE, USERNAME, SORTTYPEID, VERSIONNO) VALUES(1301, 0, 'private JPopupMenu mnuTreePopup = null;  //  @jve:decl-index=0:visual-constraint="348,25"', NULL, TIMESTAMP '2007-03-30 00:21:12.046', NULL, 0, 0);
INSERT INTO PUBLIC.DOC(DOCID, DOCTYPEID, DOCTITLE, DOCCONT, NEWDATE, USERNAME, SORTTYPEID, VERSIONNO) VALUES(1303, 0, 'private JLabel jLabel = null;', NULL, TIMESTAMP '2007-03-30 00:21:12.046', NULL, 0, 0);
INSERT INTO PUBLIC.DOC(DOCID, DOCTYPEID, DOCTITLE, DOCCONT, NEWDATE, USERNAME, SORTTYPEID, VERSIONNO) VALUES(1304, 0, 'public void valueChanged(ListSelectionEvent e) {', NULL, TIMESTAMP '2007-03-30 00:21:12.046', NULL, 0, 0);
INSERT INTO PUBLIC.DOC(DOCID, DOCTYPEID, DOCTITLE, DOCCONT, NEWDATE, USERNAME, SORTTYPEID, VERSIONNO) VALUES(1305, 0, STRINGDECODE('//\u9078\u629e\u3055\u308c\u305fitem'), NULL, TIMESTAMP '2007-03-30 00:21:12.046', NULL, 0, 0);
INSERT INTO PUBLIC.DOC(DOCID, DOCTYPEID, DOCTITLE, DOCCONT, NEWDATE, USERNAME, SORTTYPEID, VERSIONNO) VALUES(1306, 0, 'JList list = (JList)e.getSource();', NULL, TIMESTAMP '2007-03-30 00:21:12.046', NULL, 0, 0);
INSERT INTO PUBLIC.DOC(DOCID, DOCTYPEID, DOCTITLE, DOCCONT, NEWDATE, USERNAME, SORTTYPEID, VERSIONNO) VALUES(1307, 0, 'if( !isShowing() || list.getSelectedValue() == null){', NULL, TIMESTAMP '2007-03-30 00:21:12.046', NULL, 0, 0);
INSERT INTO PUBLIC.DOC(DOCID, DOCTYPEID, DOCTITLE, DOCCONT, NEWDATE, USERNAME, SORTTYPEID, VERSIONNO) VALUES(1308, 0, 'return;', NULL, TIMESTAMP '2007-03-30 00:21:12.046', NULL, 0, 0);
INSERT INTO PUBLIC.DOC(DOCID, DOCTYPEID, DOCTITLE, DOCCONT, NEWDATE, USERNAME, SORTTYPEID, VERSIONNO) VALUES(1309, 0, '}', NULL, TIMESTAMP '2007-03-30 00:21:12.046', NULL, 0, 0);
INSERT INTO PUBLIC.DOC(DOCID, DOCTYPEID, DOCTITLE, DOCCONT, NEWDATE, USERNAME, SORTTYPEID, VERSIONNO) VALUES(1310, 0, 'if(list.getSelectedValue() == lastSelected_){', NULL, TIMESTAMP '2007-03-30 00:21:12.046', NULL, 0, 0);
INSERT INTO PUBLIC.DOC(DOCID, DOCTYPEID, DOCTITLE, DOCCONT, NEWDATE, USERNAME, SORTTYPEID, VERSIONNO) VALUES(1311, 0, STRINGDECODE('//\u306a\u305c\u304b\u540c\u3058\u30a4\u30d9\u30f3\u30c8\u304c\uff12\u3064\u9023\u7d9a\u3059\u308b\u305f\u3081'), NULL, TIMESTAMP '2007-03-30 00:21:12.046', NULL, 0, 0);
INSERT INTO PUBLIC.DOC(DOCID, DOCTYPEID, DOCTITLE, DOCCONT, NEWDATE, USERNAME, SORTTYPEID, VERSIONNO) VALUES(1312, 0, 'return;', NULL, TIMESTAMP '2007-03-30 00:21:12.046', NULL, 0, 0);
INSERT INTO PUBLIC.DOC(DOCID, DOCTYPEID, DOCTITLE, DOCCONT, NEWDATE, USERNAME, SORTTYPEID, VERSIONNO) VALUES(1313, 0, '}', NULL, TIMESTAMP '2007-03-30 00:21:12.046', NULL, 0, 0);
INSERT INTO PUBLIC.DOC(DOCID, DOCTYPEID, DOCTITLE, DOCCONT, NEWDATE, USERNAME, SORTTYPEID, VERSIONNO) VALUES(1314, 0, 'log.debug("selected="+list.getSelectedValue());', NULL, TIMESTAMP '2007-03-30 00:21:12.046', NULL, 0, 0);
INSERT INTO PUBLIC.DOC(DOCID, DOCTYPEID, DOCTITLE, DOCCONT, NEWDATE, USERNAME, SORTTYPEID, VERSIONNO) VALUES(1315, 0, 'lastSelected_ = (Output)list.getSelectedValue();', NULL, TIMESTAMP '2007-03-30 00:21:12.046', NULL, 0, 0);
INSERT INTO PUBLIC.DOC(DOCID, DOCTYPEID, DOCTITLE, DOCCONT, NEWDATE, USERNAME, SORTTYPEID, VERSIONNO) VALUES(1316, 0, 'refreshDocList();', NULL, TIMESTAMP '2007-03-30 00:21:12.046', NULL, 0, 0);
INSERT INTO PUBLIC.DOC(DOCID, DOCTYPEID, DOCTITLE, DOCCONT, NEWDATE, USERNAME, SORTTYPEID, VERSIONNO) VALUES(1317, 0, '}', NULL, TIMESTAMP '2007-03-30 00:21:12.046', NULL, 0, 0);
INSERT INTO PUBLIC.DOC(DOCID, DOCTYPEID, DOCTITLE, DOCCONT, NEWDATE, USERNAME, SORTTYPEID, VERSIONNO) VALUES(1318, 0, 'void refreshDocList(){', NULL, TIMESTAMP '2007-03-30 00:21:12.046', NULL, 0, 0);
INSERT INTO PUBLIC.DOC(DOCID, DOCTYPEID, DOCTITLE, DOCCONT, NEWDATE, USERNAME, SORTTYPEID, VERSIONNO) VALUES(1319, 0, STRINGDECODE('//lastSelected_\u306b\u95a2\u9023\u3059\u308bDoc\u4e00\u89a7\u3092\u53d6\u5f97'), NULL, TIMESTAMP '2007-03-30 00:21:12.046', NULL, 0, 0);
INSERT INTO PUBLIC.DOC(DOCID, DOCTYPEID, DOCTITLE, DOCCONT, NEWDATE, USERNAME, SORTTYPEID, VERSIONNO) VALUES(1320, 0, 'List<Doc> docs = docDao_.findByOutputId(lastSelected_.getOutputId());', NULL, TIMESTAMP '2007-03-30 00:21:12.046', NULL, 0, 0);
INSERT INTO PUBLIC.DOC(DOCID, DOCTYPEID, DOCTITLE, DOCCONT, NEWDATE, USERNAME, SORTTYPEID, VERSIONNO) VALUES(1321, 0, STRINGDECODE('//root\u306f\u30c0\u30df\u30fc'), NULL, TIMESTAMP '2007-03-30 00:21:12.046', NULL, 0, 0);
INSERT INTO PUBLIC.DOC(DOCID, DOCTYPEID, DOCTITLE, DOCCONT, NEWDATE, USERNAME, SORTTYPEID, VERSIONNO) VALUES(1322, 0, 'DocNode root = new DocNode(new Doc(ROOT_ID, lastSelected_.getName()));', NULL, TIMESTAMP '2007-03-30 00:21:12.046', NULL, 0, 0);
INSERT INTO PUBLIC.DOC(DOCID, DOCTYPEID, DOCTITLE, DOCCONT, NEWDATE, USERNAME, SORTTYPEID, VERSIONNO) VALUES(1323, 0, 'docModel_.setRoot(root);', NULL, TIMESTAMP '2007-03-30 00:21:12.046', NULL, 0, 0);
INSERT INTO PUBLIC.DOC(DOCID, DOCTYPEID, DOCTITLE, DOCCONT, NEWDATE, USERNAME, SORTTYPEID, VERSIONNO) VALUES(1324, 0, 'for(int i=0; i<docs.size(); i++){', NULL, TIMESTAMP '2007-03-30 00:21:12.046', NULL, 0, 0);
INSERT INTO PUBLIC.DOC(DOCID, DOCTYPEID, DOCTITLE, DOCCONT, NEWDATE, USERNAME, SORTTYPEID, VERSIONNO) VALUES(1325, 0, 'root.add(new DocNode(docs.get(i)));', NULL, TIMESTAMP '2007-03-30 00:21:12.046', NULL, 0, 0);
INSERT INTO PUBLIC.DOC(DOCID, DOCTYPEID, DOCTITLE, DOCCONT, NEWDATE, USERNAME, SORTTYPEID, VERSIONNO) VALUES(1326, 0, '}', NULL, TIMESTAMP '2007-03-30 00:21:12.046', NULL, 0, 0);
INSERT INTO PUBLIC.DOC(DOCID, DOCTYPEID, DOCTITLE, DOCCONT, NEWDATE, USERNAME, SORTTYPEID, VERSIONNO) VALUES(1327, 0, 'getTree().expandRow(0);', NULL, TIMESTAMP '2007-03-30 00:21:12.046', NULL, 0, 0);
INSERT INTO PUBLIC.DOC(DOCID, DOCTYPEID, DOCTITLE, DOCCONT, NEWDATE, USERNAME, SORTTYPEID, VERSIONNO) VALUES(1328, 0, '}', NULL, TIMESTAMP '2007-03-30 00:21:12.046', NULL, 0, 0);
INSERT INTO PUBLIC.DOC(DOCID, DOCTYPEID, DOCTITLE, DOCCONT, NEWDATE, USERNAME, SORTTYPEID, VERSIONNO) VALUES(1329, 0, '@Override', NULL, TIMESTAMP '2007-03-30 00:21:12.046', NULL, 0, 0);
INSERT INTO PUBLIC.DOC(DOCID, DOCTYPEID, DOCTITLE, DOCCONT, NEWDATE, USERNAME, SORTTYPEID, VERSIONNO) VALUES(1330, 0, 'public void setVisible(boolean b) {', NULL, TIMESTAMP '2007-03-30 00:21:12.046', NULL, 0, 0);
INSERT INTO PUBLIC.DOC(DOCID, DOCTYPEID, DOCTITLE, DOCCONT, NEWDATE, USERNAME, SORTTYPEID, VERSIONNO) VALUES(1331, 0, 'if(b){', NULL, TIMESTAMP '2007-03-30 00:21:12.046', NULL, 0, 0);
INSERT INTO PUBLIC.DOC(DOCID, DOCTYPEID, DOCTITLE, DOCCONT, NEWDATE, USERNAME, SORTTYPEID, VERSIONNO) VALUES(1332, 0, STRINGDECODE('throw new RuntimeException(\"setVisible(boolean b, Output output)\u3092\u3064\u304b\u308f\u306a\u3042\u304b\u3093\");'), NULL, TIMESTAMP '2007-03-30 00:21:12.046', NULL, 0, 0);
INSERT INTO PUBLIC.DOC(DOCID, DOCTYPEID, DOCTITLE, DOCCONT, NEWDATE, USERNAME, SORTTYPEID, VERSIONNO) VALUES(1333, 0, '}else{', NULL, TIMESTAMP '2007-03-30 00:21:12.046', NULL, 0, 0);
INSERT INTO PUBLIC.DOC(DOCID, DOCTYPEID, DOCTITLE, DOCCONT, NEWDATE, USERNAME, SORTTYPEID, VERSIONNO) VALUES(1334, 0, 'super.setVisible(b);', NULL, TIMESTAMP '2007-03-30 00:21:12.046', NULL, 0, 0);
INSERT INTO PUBLIC.DOC(DOCID, DOCTYPEID, DOCTITLE, DOCCONT, NEWDATE, USERNAME, SORTTYPEID, VERSIONNO) VALUES(1335, 0, '}', NULL, TIMESTAMP '2007-03-30 00:21:12.046', NULL, 0, 0);
INSERT INTO PUBLIC.DOC(DOCID, DOCTYPEID, DOCTITLE, DOCCONT, NEWDATE, USERNAME, SORTTYPEID, VERSIONNO) VALUES(1336, 0, '}', NULL, TIMESTAMP '2007-03-30 00:21:12.046', NULL, 0, 0);
INSERT INTO PUBLIC.DOC(DOCID, DOCTYPEID, DOCTITLE, DOCCONT, NEWDATE, USERNAME, SORTTYPEID, VERSIONNO) VALUES(1337, 0, 'public void setVisible(boolean b, Output output) {', NULL, TIMESTAMP '2007-03-30 00:21:12.046', NULL, 0, 0);
INSERT INTO PUBLIC.DOC(DOCID, DOCTYPEID, DOCTITLE, DOCCONT, NEWDATE, USERNAME, SORTTYPEID, VERSIONNO) VALUES(1338, 0, 'super.setVisible(b);', NULL, TIMESTAMP '2007-03-30 00:21:12.046', NULL, 0, 0);
INSERT INTO PUBLIC.DOC(DOCID, DOCTYPEID, DOCTITLE, DOCCONT, NEWDATE, USERNAME, SORTTYPEID, VERSIONNO) VALUES(1339, 0, 'lastSelected_ = output;', NULL, TIMESTAMP '2007-03-30 00:21:12.046', NULL, 0, 0);
INSERT INTO PUBLIC.DOC(DOCID, DOCTYPEID, DOCTITLE, DOCCONT, NEWDATE, USERNAME, SORTTYPEID, VERSIONNO) VALUES(1340, 0, 'refreshDocList();', NULL, TIMESTAMP '2007-03-30 00:21:12.046', NULL, 0, 0);
INSERT INTO PUBLIC.DOC(DOCID, DOCTYPEID, DOCTITLE, DOCCONT, NEWDATE, USERNAME, SORTTYPEID, VERSIONNO) VALUES(1341, 0, '}', NULL, TIMESTAMP '2007-03-30 00:21:12.046', NULL, 0, 0);
INSERT INTO PUBLIC.DOC(DOCID, DOCTYPEID, DOCTITLE, DOCCONT, NEWDATE, USERNAME, SORTTYPEID, VERSIONNO) VALUES(1342, 0, 'public void setup(FrmZeetaMain mainView){', NULL, TIMESTAMP '2007-03-30 00:21:12.046', NULL, 0, 0);
INSERT INTO PUBLIC.DOC(DOCID, DOCTYPEID, DOCTITLE, DOCCONT, NEWDATE, USERNAME, SORTTYPEID, VERSIONNO) VALUES(1343, 0, 'mainView_ = mainView;', NULL, TIMESTAMP '2007-03-30 00:21:12.046', NULL, 0, 0);
INSERT INTO PUBLIC.DOC(DOCID, DOCTYPEID, DOCTITLE, DOCCONT, NEWDATE, USERNAME, SORTTYPEID, VERSIONNO) VALUES(1344, 0, 'docDao_ = (DocDao) daoCont_.getComponent(DocDao.class);', NULL, TIMESTAMP '2007-03-30 00:21:12.046', NULL, 0, 0);
INSERT INTO PUBLIC.DOC(DOCID, DOCTYPEID, DOCTITLE, DOCCONT, NEWDATE, USERNAME, SORTTYPEID, VERSIONNO) VALUES(1345, 0, STRINGDECODE('//Tree\u30e2\u30c7\u30eb'), NULL, TIMESTAMP '2007-03-30 00:21:12.046', NULL, 0, 0);
INSERT INTO PUBLIC.DOC(DOCID, DOCTYPEID, DOCTITLE, DOCCONT, NEWDATE, USERNAME, SORTTYPEID, VERSIONNO) VALUES(1346, 0, 'docModel_ = new DocModel();', NULL, TIMESTAMP '2007-03-30 00:21:12.046', NULL, 0, 0);
INSERT INTO PUBLIC.DOC(DOCID, DOCTYPEID, DOCTITLE, DOCCONT, NEWDATE, USERNAME, SORTTYPEID, VERSIONNO) VALUES(1347, 0, '//        docModel_.initializeReverseModel(docNode);', NULL, TIMESTAMP '2007-03-30 00:21:12.046', NULL, 0, 0);
INSERT INTO PUBLIC.DOC(DOCID, DOCTYPEID, DOCTITLE, DOCCONT, NEWDATE, USERNAME, SORTTYPEID, VERSIONNO) VALUES(1348, 0, STRINGDECODE('//==== jTree\u306e\u8a2d\u5b9a'), NULL, TIMESTAMP '2007-03-30 00:21:12.046', NULL, 0, 0);
INSERT INTO PUBLIC.DOC(DOCID, DOCTYPEID, DOCTITLE, DOCCONT, NEWDATE, USERNAME, SORTTYPEID, VERSIONNO) VALUES(1349, 0, 'getJTree().setModel(docModel_);', NULL, TIMESTAMP '2007-03-30 00:21:12.046', NULL, 0, 0);
INSERT INTO PUBLIC.DOC(DOCID, DOCTYPEID, DOCTITLE, DOCCONT, NEWDATE, USERNAME, SORTTYPEID, VERSIONNO) VALUES(1350, 0, 'getJTree().setCellRenderer(new DocTreeCellRenderer(docModel_));', NULL, TIMESTAMP '2007-03-30 00:21:12.046', NULL, 0, 0);
INSERT INTO PUBLIC.DOC(DOCID, DOCTYPEID, DOCTITLE, DOCCONT, NEWDATE, USERNAME, SORTTYPEID, VERSIONNO) VALUES(1351, 0, STRINGDECODE('//\u30ea\u30b9\u30ca\u767b\u9332'), NULL, TIMESTAMP '2007-03-30 00:21:12.046', NULL, 0, 0);
INSERT INTO PUBLIC.DOC(DOCID, DOCTYPEID, DOCTITLE, DOCCONT, NEWDATE, USERNAME, SORTTYPEID, VERSIONNO) VALUES(1352, 0, 'getJTree().addTreeExpansionListener(new javax.swing.event.TreeExpansionListener() {', NULL, TIMESTAMP '2007-03-30 00:21:12.046', NULL, 0, 0);
INSERT INTO PUBLIC.DOC(DOCID, DOCTYPEID, DOCTITLE, DOCCONT, NEWDATE, USERNAME, SORTTYPEID, VERSIONNO) VALUES(1353, 0, 'public void treeExpanded(javax.swing.event.TreeExpansionEvent e) {', NULL, TIMESTAMP '2007-03-30 00:21:12.046', NULL, 0, 0);
INSERT INTO PUBLIC.DOC(DOCID, DOCTYPEID, DOCTITLE, DOCCONT, NEWDATE, USERNAME, SORTTYPEID, VERSIONNO) VALUES(1354, 0, 'log.debug("treeExpanded");', NULL, TIMESTAMP '2007-03-30 00:21:12.046', NULL, 0, 0);
INSERT INTO PUBLIC.DOC(DOCID, DOCTYPEID, DOCTITLE, DOCCONT, NEWDATE, USERNAME, SORTTYPEID, VERSIONNO) VALUES(1355, 0, 'Object node = e.getPath().getLastPathComponent();', NULL, TIMESTAMP '2007-03-30 00:21:12.046', NULL, 0, 0);
INSERT INTO PUBLIC.DOC(DOCID, DOCTYPEID, DOCTITLE, DOCCONT, NEWDATE, USERNAME, SORTTYPEID, VERSIONNO) VALUES(1356, 0, 'docModel_.addMagoDocFromDb((DocNode)node);', NULL, TIMESTAMP '2007-03-30 00:21:12.046', NULL, 0, 0);
INSERT INTO PUBLIC.DOC(DOCID, DOCTYPEID, DOCTITLE, DOCCONT, NEWDATE, USERNAME, SORTTYPEID, VERSIONNO) VALUES(1357, 0, '}', NULL, TIMESTAMP '2007-03-30 00:21:12.046', NULL, 0, 0);
INSERT INTO PUBLIC.DOC(DOCID, DOCTYPEID, DOCTITLE, DOCCONT, NEWDATE, USERNAME, SORTTYPEID, VERSIONNO) VALUES(1358, 0, 'public void treeCollapsed(javax.swing.event.TreeExpansionEvent e) {', NULL, TIMESTAMP '2007-03-30 00:21:12.046', NULL, 0, 0);
INSERT INTO PUBLIC.DOC(DOCID, DOCTYPEID, DOCTITLE, DOCCONT, NEWDATE, USERNAME, SORTTYPEID, VERSIONNO) VALUES(137, 0, STRINGDECODE('\u751f\u5e74\u6708\u65e5'), NULL, TIMESTAMP '2006-12-14 11:52:26.0', STRINGDECODE('\u6ff1\u5cf6'), 0, 0);
INSERT INTO PUBLIC.DOC(DOCID, DOCTYPEID, DOCTITLE, DOCCONT, NEWDATE, USERNAME, SORTTYPEID, VERSIONNO) VALUES(138, 0, STRINGDECODE('\u6027\u5225'), NULL, TIMESTAMP '2006-12-14 11:52:40.0', STRINGDECODE('\u6ff1\u5cf6'), 0, 0);
INSERT INTO PUBLIC.DOC(DOCID, DOCTYPEID, DOCTITLE, DOCCONT, NEWDATE, USERNAME, SORTTYPEID, VERSIONNO) VALUES(1359, 0, '}', NULL, TIMESTAMP '2007-03-30 00:21:12.046', NULL, 0, 0);
INSERT INTO PUBLIC.DOC(DOCID, DOCTYPEID, DOCTITLE, DOCCONT, NEWDATE, USERNAME, SORTTYPEID, VERSIONNO) VALUES(1360, 0, '});', NULL, TIMESTAMP '2007-03-30 00:21:12.046', NULL, 0, 0);
INSERT INTO PUBLIC.DOC(DOCID, DOCTYPEID, DOCTITLE, DOCCONT, NEWDATE, USERNAME, SORTTYPEID, VERSIONNO) VALUES(1361, 0, 'pref_ = new PreferenceWindowHelper(this);', NULL, TIMESTAMP '2007-03-30 00:21:12.046', NULL, 0, 0);
INSERT INTO PUBLIC.DOC(DOCID, DOCTYPEID, DOCTITLE, DOCCONT, NEWDATE, USERNAME, SORTTYPEID, VERSIONNO) VALUES(1362, 0, 'pref_.restoreForm();', NULL, TIMESTAMP '2007-03-30 00:21:12.046', NULL, 0, 0);
INSERT INTO PUBLIC.DOC(DOCID, DOCTYPEID, DOCTITLE, DOCCONT, NEWDATE, USERNAME, SORTTYPEID, VERSIONNO) VALUES(1363, 0, '}', NULL, TIMESTAMP '2007-03-30 00:21:12.046', NULL, 0, 0);
INSERT INTO PUBLIC.DOC(DOCID, DOCTYPEID, DOCTITLE, DOCCONT, NEWDATE, USERNAME, SORTTYPEID, VERSIONNO) VALUES(1364, 0, 'public JTree getTree(){', NULL, TIMESTAMP '2007-03-30 00:21:12.046', NULL, 0, 0);
INSERT INTO PUBLIC.DOC(DOCID, DOCTYPEID, DOCTITLE, DOCCONT, NEWDATE, USERNAME, SORTTYPEID, VERSIONNO) VALUES(1365, 0, 'return jTree;', NULL, TIMESTAMP '2007-03-30 00:21:12.046', NULL, 0, 0);
INSERT INTO PUBLIC.DOC(DOCID, DOCTYPEID, DOCTITLE, DOCCONT, NEWDATE, USERNAME, SORTTYPEID, VERSIONNO) VALUES(1366, 0, '}', NULL, TIMESTAMP '2007-03-30 00:21:12.046', NULL, 0, 0);
INSERT INTO PUBLIC.DOC(DOCID, DOCTYPEID, DOCTITLE, DOCCONT, NEWDATE, USERNAME, SORTTYPEID, VERSIONNO) VALUES(1367, 0, '/**', NULL, TIMESTAMP '2007-03-30 00:21:12.046', NULL, 0, 0);
INSERT INTO PUBLIC.DOC(DOCID, DOCTYPEID, DOCTITLE, DOCCONT, NEWDATE, USERNAME, SORTTYPEID, VERSIONNO) VALUES(1368, 0, '* This method initializes mnuTreePopup', NULL, TIMESTAMP '2007-03-30 00:21:12.046', NULL, 0, 0);
INSERT INTO PUBLIC.DOC(DOCID, DOCTYPEID, DOCTITLE, DOCCONT, NEWDATE, USERNAME, SORTTYPEID, VERSIONNO) VALUES(1369, 0, '*', NULL, TIMESTAMP '2007-03-30 00:21:12.046', NULL, 0, 0);
INSERT INTO PUBLIC.DOC(DOCID, DOCTYPEID, DOCTITLE, DOCCONT, NEWDATE, USERNAME, SORTTYPEID, VERSIONNO) VALUES(1370, 0, '* @return javax.swing.JPopupMenu', NULL, TIMESTAMP '2007-03-30 00:21:12.046', NULL, 0, 0);
INSERT INTO PUBLIC.DOC(DOCID, DOCTYPEID, DOCTITLE, DOCCONT, NEWDATE, USERNAME, SORTTYPEID, VERSIONNO) VALUES(1371, 0, '*/', NULL, TIMESTAMP '2007-03-30 00:21:12.046', NULL, 0, 0);
INSERT INTO PUBLIC.DOC(DOCID, DOCTYPEID, DOCTITLE, DOCCONT, NEWDATE, USERNAME, SORTTYPEID, VERSIONNO) VALUES(1372, 0, 'private JPopupMenu getMnuTreePopup() {', NULL, TIMESTAMP '2007-03-30 00:21:12.046', NULL, 0, 0);
INSERT INTO PUBLIC.DOC(DOCID, DOCTYPEID, DOCTITLE, DOCCONT, NEWDATE, USERNAME, SORTTYPEID, VERSIONNO) VALUES(1373, 0, 'if (mnuTreePopup == null) {', NULL, TIMESTAMP '2007-03-30 00:21:12.046', NULL, 0, 0);
INSERT INTO PUBLIC.DOC(DOCID, DOCTYPEID, DOCTITLE, DOCCONT, NEWDATE, USERNAME, SORTTYPEID, VERSIONNO) VALUES(1374, 0, 'mnuTreePopup = new JPopupMenu();', NULL, TIMESTAMP '2007-03-30 00:21:12.046', NULL, 0, 0);
INSERT INTO PUBLIC.DOC(DOCID, DOCTYPEID, DOCTITLE, DOCCONT, NEWDATE, USERNAME, SORTTYPEID, VERSIONNO) VALUES(1375, 0, 'mnuTreePopup.add(getMnuPointTree());', NULL, TIMESTAMP '2007-03-30 00:21:12.046', NULL, 0, 0);
INSERT INTO PUBLIC.DOC(DOCID, DOCTYPEID, DOCTITLE, DOCCONT, NEWDATE, USERNAME, SORTTYPEID, VERSIONNO) VALUES(1376, 0, '}', NULL, TIMESTAMP '2007-03-30 00:21:12.046', NULL, 0, 0);
INSERT INTO PUBLIC.DOC(DOCID, DOCTYPEID, DOCTITLE, DOCCONT, NEWDATE, USERNAME, SORTTYPEID, VERSIONNO) VALUES(1377, 0, 'return mnuTreePopup;', NULL, TIMESTAMP '2007-03-30 00:21:12.046', NULL, 0, 0);
INSERT INTO PUBLIC.DOC(DOCID, DOCTYPEID, DOCTITLE, DOCCONT, NEWDATE, USERNAME, SORTTYPEID, VERSIONNO) VALUES(1378, 0, '}', NULL, TIMESTAMP '2007-03-30 00:21:12.046', NULL, 0, 0);
INSERT INTO PUBLIC.DOC(DOCID, DOCTYPEID, DOCTITLE, DOCCONT, NEWDATE, USERNAME, SORTTYPEID, VERSIONNO) VALUES(1379, 0, '/**', NULL, TIMESTAMP '2007-03-30 00:21:12.046', NULL, 0, 0);
INSERT INTO PUBLIC.DOC(DOCID, DOCTYPEID, DOCTITLE, DOCCONT, NEWDATE, USERNAME, SORTTYPEID, VERSIONNO) VALUES(1380, 0, '* This method initializes mnuPointTree', NULL, TIMESTAMP '2007-03-30 00:21:12.046', NULL, 0, 0);
INSERT INTO PUBLIC.DOC(DOCID, DOCTYPEID, DOCTITLE, DOCCONT, NEWDATE, USERNAME, SORTTYPEID, VERSIONNO) VALUES(1381, 0, '*', NULL, TIMESTAMP '2007-03-30 00:21:12.046', NULL, 0, 0);
INSERT INTO PUBLIC.DOC(DOCID, DOCTYPEID, DOCTITLE, DOCCONT, NEWDATE, USERNAME, SORTTYPEID, VERSIONNO) VALUES(1382, 0, '* @return javax.swing.JMenuItem', NULL, TIMESTAMP '2007-03-30 00:21:12.046', NULL, 0, 0);
INSERT INTO PUBLIC.DOC(DOCID, DOCTYPEID, DOCTITLE, DOCCONT, NEWDATE, USERNAME, SORTTYPEID, VERSIONNO) VALUES(1383, 0, '*/', NULL, TIMESTAMP '2007-03-30 00:21:12.046', NULL, 0, 0);
INSERT INTO PUBLIC.DOC(DOCID, DOCTYPEID, DOCTITLE, DOCCONT, NEWDATE, USERNAME, SORTTYPEID, VERSIONNO) VALUES(1384, 0, 'private JMenuItem getMnuPointTree() {', NULL, TIMESTAMP '2007-03-30 00:21:12.046', NULL, 0, 0);
INSERT INTO PUBLIC.DOC(DOCID, DOCTYPEID, DOCTITLE, DOCCONT, NEWDATE, USERNAME, SORTTYPEID, VERSIONNO) VALUES(1385, 0, 'if (mnuPointTree == null) {', NULL, TIMESTAMP '2007-03-30 00:21:12.046', NULL, 0, 0);
INSERT INTO PUBLIC.DOC(DOCID, DOCTYPEID, DOCTITLE, DOCCONT, NEWDATE, USERNAME, SORTTYPEID, VERSIONNO) VALUES(1386, 0, 'mnuPointTree = new JMenuItem();', NULL, TIMESTAMP '2007-03-30 00:21:12.046', NULL, 0, 0);
INSERT INTO PUBLIC.DOC(DOCID, DOCTYPEID, DOCTITLE, DOCCONT, NEWDATE, USERNAME, SORTTYPEID, VERSIONNO) VALUES(1387, 0, 'mnuPointTree.setAction(actSelect_);', NULL, TIMESTAMP '2007-03-30 00:21:12.046', NULL, 0, 0);
INSERT INTO PUBLIC.DOC(DOCID, DOCTYPEID, DOCTITLE, DOCCONT, NEWDATE, USERNAME, SORTTYPEID, VERSIONNO) VALUES(1388, 0, '}', NULL, TIMESTAMP '2007-03-30 00:21:12.046', NULL, 0, 0);
INSERT INTO PUBLIC.DOC(DOCID, DOCTYPEID, DOCTITLE, DOCCONT, NEWDATE, USERNAME, SORTTYPEID, VERSIONNO) VALUES(1389, 0, 'return mnuPointTree;', NULL, TIMESTAMP '2007-03-30 00:21:12.046', NULL, 0, 0);
INSERT INTO PUBLIC.DOC(DOCID, DOCTYPEID, DOCTITLE, DOCCONT, NEWDATE, USERNAME, SORTTYPEID, VERSIONNO) VALUES(1390, 0, '}', NULL, TIMESTAMP '2007-03-30 00:21:12.046', NULL, 0, 0);
INSERT INTO PUBLIC.DOC(DOCID, DOCTYPEID, DOCTITLE, DOCCONT, NEWDATE, USERNAME, SORTTYPEID, VERSIONNO) VALUES(1391, 0, '}', NULL, TIMESTAMP '2007-03-30 00:21:12.046', NULL, 0, 0);
INSERT INTO PUBLIC.DOC(DOCID, DOCTYPEID, DOCTITLE, DOCCONT, NEWDATE, USERNAME, SORTTYPEID, VERSIONNO) VALUES(1392, 0, STRINGDECODE('\u30bd\u30fc\u30b9'), '', TIMESTAMP '2007-03-30 00:23:35.656', NULL, 0, 0);
INSERT INTO PUBLIC.DOC(DOCID, DOCTYPEID, DOCTITLE, DOCCONT, NEWDATE, USERNAME, SORTTYPEID, VERSIONNO) VALUES(1393, 0, 'private class ActSelect extends AbstractAction {', NULL, TIMESTAMP '2007-03-30 00:23:41.265', NULL, 0, 0);
INSERT INTO PUBLIC.DOC(DOCID, DOCTYPEID, DOCTITLE, DOCCONT, NEWDATE, USERNAME, SORTTYPEID, VERSIONNO) VALUES(1394, 0, 'public ActSelect() {', NULL, TIMESTAMP '2007-03-30 00:23:41.265', NULL, 0, 0);
INSERT INTO PUBLIC.DOC(DOCID, DOCTYPEID, DOCTITLE, DOCCONT, NEWDATE, USERNAME, SORTTYPEID, VERSIONNO) VALUES(1395, 0, 'putValue(Action.NAME, "point main tree");', NULL, TIMESTAMP '2007-03-30 00:23:41.265', NULL, 0, 0);
INSERT INTO PUBLIC.DOC(DOCID, DOCTYPEID, DOCTITLE, DOCCONT, NEWDATE, USERNAME, SORTTYPEID, VERSIONNO) VALUES(1396, 0, '}', NULL, TIMESTAMP '2007-03-30 00:23:41.265', NULL, 0, 0);
INSERT INTO PUBLIC.DOC(DOCID, DOCTYPEID, DOCTITLE, DOCCONT, NEWDATE, USERNAME, SORTTYPEID, VERSIONNO) VALUES(1397, 0, 'public void actionPerformed(ActionEvent e) {', NULL, TIMESTAMP '2007-03-30 00:23:41.265', NULL, 0, 0);
INSERT INTO PUBLIC.DOC(DOCID, DOCTYPEID, DOCTITLE, DOCCONT, NEWDATE, USERNAME, SORTTYPEID, VERSIONNO) VALUES(1398, 0, 'JTree tree = jTree;', NULL, TIMESTAMP '2007-03-30 00:23:41.265', NULL, 0, 0);
INSERT INTO PUBLIC.DOC(DOCID, DOCTYPEID, DOCTITLE, DOCCONT, NEWDATE, USERNAME, SORTTYPEID, VERSIONNO) VALUES(1399, 0, STRINGDECODE('if(jTree.getSelectionPath() == null ){\t//\u4f55\u3082\u9078\u629e\u3055\u308c\u3066\u3044\u306a\u3044'), NULL, TIMESTAMP '2007-03-30 00:23:41.265', NULL, 0, 0);
INSERT INTO PUBLIC.DOC(DOCID, DOCTYPEID, DOCTITLE, DOCCONT, NEWDATE, USERNAME, SORTTYPEID, VERSIONNO) VALUES(1400, 0, 'return;', NULL, TIMESTAMP '2007-03-30 00:23:41.265', NULL, 0, 0);
INSERT INTO PUBLIC.DOC(DOCID, DOCTYPEID, DOCTITLE, DOCCONT, NEWDATE, USERNAME, SORTTYPEID, VERSIONNO) VALUES(1401, 0, '}', NULL, TIMESTAMP '2007-03-30 00:23:41.265', NULL, 0, 0);
INSERT INTO PUBLIC.DOC(DOCID, DOCTYPEID, DOCTITLE, DOCCONT, NEWDATE, USERNAME, SORTTYPEID, VERSIONNO) VALUES(1402, 0, 'DocNode node = (DocNode)tree.getSelectionPath().getLastPathComponent();', NULL, TIMESTAMP '2007-03-30 00:23:41.265', NULL, 0, 0);
INSERT INTO PUBLIC.DOC(DOCID, DOCTYPEID, DOCTITLE, DOCCONT, NEWDATE, USERNAME, SORTTYPEID, VERSIONNO) VALUES(1403, 0, 'if(node.getDoc().getDocId() == ROOT_ID){', NULL, TIMESTAMP '2007-03-30 00:23:41.265', NULL, 0, 0);
INSERT INTO PUBLIC.DOC(DOCID, DOCTYPEID, DOCTITLE, DOCCONT, NEWDATE, USERNAME, SORTTYPEID, VERSIONNO) VALUES(1404, 0, STRINGDECODE('return;\t\t//root\u306f\u6210\u679c\u7269\u306a\u306e\u3067\u30b9\u30ad\u30c3\u30d7'), NULL, TIMESTAMP '2007-03-30 00:23:41.265', NULL, 0, 0);
INSERT INTO PUBLIC.DOC(DOCID, DOCTYPEID, DOCTITLE, DOCCONT, NEWDATE, USERNAME, SORTTYPEID, VERSIONNO) VALUES(1405, 0, '}', NULL, TIMESTAMP '2007-03-30 00:23:41.265', NULL, 0, 0);
INSERT INTO PUBLIC.DOC(DOCID, DOCTYPEID, DOCTITLE, DOCCONT, NEWDATE, USERNAME, SORTTYPEID, VERSIONNO) VALUES(1406, 0, 'mainView_.showDocNode(node.getDoc().getDocId(), true);', NULL, TIMESTAMP '2007-03-30 00:23:41.265', NULL, 0, 0);
INSERT INTO PUBLIC.DOC(DOCID, DOCTYPEID, DOCTITLE, DOCCONT, NEWDATE, USERNAME, SORTTYPEID, VERSIONNO) VALUES(1407, 0, '}', NULL, TIMESTAMP '2007-03-30 00:23:41.265', NULL, 0, 0);
INSERT INTO PUBLIC.DOC(DOCID, DOCTYPEID, DOCTITLE, DOCCONT, NEWDATE, USERNAME, SORTTYPEID, VERSIONNO) VALUES(1408, 0, '}', NULL, TIMESTAMP '2007-03-30 00:23:41.265', NULL, 0, 0);
INSERT INTO PUBLIC.DOC(DOCID, DOCTYPEID, DOCTITLE, DOCCONT, NEWDATE, USERNAME, SORTTYPEID, VERSIONNO) VALUES(139, 0, STRINGDECODE('\u793e\u4f1a\u4eba/\u5b66\u751f'), NULL, TIMESTAMP '2006-12-14 11:52:53.0', STRINGDECODE('\u6ff1\u5cf6'), 0, 0);
INSERT INTO PUBLIC.DOC(DOCID, DOCTYPEID, DOCTITLE, DOCCONT, NEWDATE, USERNAME, SORTTYPEID, VERSIONNO) VALUES(140, 0, STRINGDECODE('\u4f4f\u6240'), NULL, TIMESTAMP '2006-12-14 11:52:56.0', STRINGDECODE('\u6ff1\u5cf6'), 0, 0);
INSERT INTO PUBLIC.DOC(DOCID, DOCTYPEID, DOCTITLE, DOCCONT, NEWDATE, USERNAME, SORTTYPEID, VERSIONNO) VALUES(1416, 0, STRINGDECODE('\u4f4f\u6240'), NULL, TIMESTAMP '2006-09-08 00:12:42.0', NULL, 0, 0);
INSERT INTO PUBLIC.DOC(DOCID, DOCTYPEID, DOCTITLE, DOCCONT, NEWDATE, USERNAME, SORTTYPEID, VERSIONNO) VALUES(1419, 0, STRINGDECODE('\u4f4f\u6240'), NULL, TIMESTAMP '2006-09-08 00:12:42.0', NULL, 0, 0);
INSERT INTO PUBLIC.DOC(DOCID, DOCTYPEID, DOCTITLE, DOCCONT, NEWDATE, USERNAME, SORTTYPEID, VERSIONNO) VALUES(1422, 0, '0.5.09', '', TIMESTAMP '2007-03-31 13:21:17.718', NULL, 0, 0);
INSERT INTO PUBLIC.DOC(DOCID, DOCTYPEID, DOCTITLE, DOCCONT, NEWDATE, USERNAME, SORTTYPEID, VERSIONNO) VALUES(1423, 0, STRINGDECODE('\uff20\u6a5f\u80fd\u8ffd\u52a0'), NULL, TIMESTAMP '2007-03-31 13:21:43.328', NULL, 0, 0);
INSERT INTO PUBLIC.DOC(DOCID, DOCTYPEID, DOCTITLE, DOCCONT, NEWDATE, USERNAME, SORTTYPEID, VERSIONNO) VALUES(1420, 0, STRINGDECODE('\u30a4\u30fc\u30b7\u30fc\u30ef\u30f3'), STRINGDECODE('\r\n\uff1c\u672c\u793e\uff1e\r\n\u3000 \u4f4f\u6240\uff1a\u3012103-0025\u3000\u6771\u4eac\u90fd\u4e2d\u592e\u533a\u65e5\u672c\u6a4b\u8305\u5834\u753a2-13-13\r\n\u3000 \u5171\u540c\u30d3\u30eb\uff08\u8305\u5834\u753a2\u4e01\u76ee\uff092\u968e\u30015\u968e\u30016\u968e\u30017\u968e\uff08\u7dcf\u5408\u53d7\u4ed8\uff09\r\n\u3000PS\uff1a03-5614-7023\u3001fax 03-5614-7024\r\n\u3000IS\uff1a03-5614-7799\u3001fax 03-5614-6336\r\n\r\n\uff1c\u6614\u306e\u672c\u793e\uff1e\r\n103-0025\r\n\u6771\u4eac\u90fd\u4e2d\u592e\u533a\u65e5\u672c\u6a4b\u8305\u5834\u753a\r\n1-12-2\u6a0b\u53e3\u672c\u5e97\u30d3\u30eb3F\r\nTEL 03-5614-7023\r\nFAX 03-5614-7024'), TIMESTAMP '2006-09-08 00:13:00.0', NULL, 0, 0);
INSERT INTO PUBLIC.DOC(DOCID, DOCTYPEID, DOCTITLE, DOCCONT, NEWDATE, USERNAME, SORTTYPEID, VERSIONNO) VALUES(1421, 0, STRINGDECODE('\u30a4\u30fc\u30b7\u30fc\u30ef\u30f3'), STRINGDECODE('\r\n\uff1c\u672c\u793e\uff1e\r\n\u3000 \u4f4f\u6240\uff1a\u3012103-0025\u3000\u6771\u4eac\u90fd\u4e2d\u592e\u533a\u65e5\u672c\u6a4b\u8305\u5834\u753a2-13-13\r\n\u3000 \u5171\u540c\u30d3\u30eb\uff08\u8305\u5834\u753a2\u4e01\u76ee\uff092\u968e\u30015\u968e\u30016\u968e\u30017\u968e\uff08\u7dcf\u5408\u53d7\u4ed8\uff09\r\n\u3000PS\uff1a03-5614-7023\u3001fax 03-5614-7024\r\n\u3000IS\uff1a03-5614-7799\u3001fax 03-5614-6336\r\n\r\n\uff1c\u6614\u306e\u672c\u793e\uff1e\r\n103-0025\r\n\u6771\u4eac\u90fd\u4e2d\u592e\u533a\u65e5\u672c\u6a4b\u8305\u5834\u753a\r\n1-12-2\u6a0b\u53e3\u672c\u5e97\u30d3\u30eb3F\r\nTEL 03-5614-7023\r\nFAX 03-5614-7024'), TIMESTAMP '2006-09-08 00:13:00.0', NULL, 0, 0);
INSERT INTO PUBLIC.DOC(DOCID, DOCTYPEID, DOCTITLE, DOCCONT, NEWDATE, USERNAME, SORTTYPEID, VERSIONNO) VALUES(1424, 0, STRINGDECODE('\u6210\u679c\u7269\u4e00\u89a7\u3067\u306f\u3001Doc\u306b\u95a2\u9023\u3057\u3066\u3044\u308b\u6210\u679c\u7269\u306b\u5370\u3092\u4ed8\u3051\u308b'), '', TIMESTAMP '2007-03-28 21:43:34.75', '', 0, 0);
INSERT INTO PUBLIC.DOC(DOCID, DOCTYPEID, DOCTITLE, DOCCONT, NEWDATE, USERNAME, SORTTYPEID, VERSIONNO) VALUES(1425, 0, STRINGDECODE('\u6210\u679c\u7269\u4e00\u89a7\u3067\u306f\u3001Doc\u306b\u95a2\u9023\u3057\u3066\u3044\u308b\u6210\u679c\u7269\u306b\u5370\u3092\u4ed8\u3051\u308b'), '', TIMESTAMP '2007-03-28 21:43:34.75', '', 0, 0);
INSERT INTO PUBLIC.DOC(DOCID, DOCTYPEID, DOCTITLE, DOCCONT, NEWDATE, USERNAME, SORTTYPEID, VERSIONNO) VALUES(1426, 0, STRINGDECODE('\uff20\u6a5f\u80fd\u8ffd\u52a0'), NULL, TIMESTAMP '2007-03-31 13:21:43.328', NULL, 0, 0);
INSERT INTO PUBLIC.DOC(DOCID, DOCTYPEID, DOCTITLE, DOCCONT, NEWDATE, USERNAME, SORTTYPEID, VERSIONNO) VALUES(1428, 0, STRINGDECODE('\u6210\u679c\u7269\u4e00\u89a7\u3067\u306f\u3001Doc\u306b\u95a2\u9023\u3057\u3066\u3044\u308b\u6210\u679c\u7269\u306b\u5370\u3092\u4ed8\u3051\u308b'), '', TIMESTAMP '2007-03-28 21:43:34.75', '', 0, 0);
INSERT INTO PUBLIC.DOC(DOCID, DOCTYPEID, DOCTITLE, DOCCONT, NEWDATE, USERNAME, SORTTYPEID, VERSIONNO) VALUES(1429, 0, 'kakaka', '', TIMESTAMP '2007-04-08 01:40:38.468', STRINGDECODE('\u3088\u30fc\u3061\u3087\u3093\u3079'), 0, 0);
INSERT INTO PUBLIC.DOC(DOCID, DOCTYPEID, DOCTITLE, DOCCONT, NEWDATE, USERNAME, SORTTYPEID, VERSIONNO) VALUES(1430, 0, STRINGDECODE('\u3061\u3087\u3093\u307d'), '', TIMESTAMP '2007-04-08 01:41:19.796', STRINGDECODE('\u591a\u3005\u826f\u7d14'), 0, 0);
INSERT INTO PUBLIC.DOC(DOCID, DOCTYPEID, DOCTITLE, DOCCONT, NEWDATE, USERNAME, SORTTYPEID, VERSIONNO) VALUES(1431, 0, STRINGDECODE('\u305d\u305d\u305d\uff53'), '', TIMESTAMP '2007-04-08 01:41:41.062', NULL, 0, 0);
INSERT INTO PUBLIC.DOC(DOCID, DOCTYPEID, DOCTITLE, DOCCONT, NEWDATE, USERNAME, SORTTYPEID, VERSIONNO) VALUES(2697, 0, STRINGDECODE('\u914d\u96fb\u7d4c\u8def\u306e\u591a\u91cd\u5316\u5bfe\u7b56'), NULL, TIMESTAMP '2007-04-28 15:15:30.906', STRINGDECODE('\u591a\u3005\u826f\u7d14'), 0, 0);
INSERT INTO PUBLIC.DOC(DOCID, DOCTYPEID, DOCTITLE, DOCCONT, NEWDATE, USERNAME, SORTTYPEID, VERSIONNO) VALUES(2681, 0, STRINGDECODE('[\u5c02\u7528\u30eb\u30fc\u30e0\u306e\u914d\u5099]'), NULL, TIMESTAMP '2007-04-28 15:15:30.906', STRINGDECODE('\u591a\u3005\u826f\u7d14'), 0, 0);
INSERT INTO PUBLIC.DOC(DOCID, DOCTYPEID, DOCTITLE, DOCCONT, NEWDATE, USERNAME, SORTTYPEID, VERSIONNO) VALUES(2678, 0, STRINGDECODE('\u30d5\u30ed\u30a2\u4ed5\u69d8'), NULL, TIMESTAMP '2007-04-28 15:15:30.906', STRINGDECODE('\u591a\u3005\u826f\u7d14'), 0, 0);
INSERT INTO PUBLIC.DOC(DOCID, DOCTYPEID, DOCTITLE, DOCCONT, NEWDATE, USERNAME, SORTTYPEID, VERSIONNO) VALUES(2679, 0, STRINGDECODE('\u5e8a\u8377\u91cd\u306e\u5341\u5206\u6027'), NULL, TIMESTAMP '2007-04-28 15:15:30.906', STRINGDECODE('\u591a\u3005\u826f\u7d14'), 0, 0);
INSERT INTO PUBLIC.DOC(DOCID, DOCTYPEID, DOCTITLE, DOCCONT, NEWDATE, USERNAME, SORTTYPEID, VERSIONNO) VALUES(2680, 0, STRINGDECODE('\u4f5c\u696d\u30b9\u30da\u30fc\u30b9\u306e\u78ba\u4fdd'), NULL, TIMESTAMP '2007-04-28 15:15:30.906', STRINGDECODE('\u591a\u3005\u826f\u7d14'), 0, 0);
INSERT INTO PUBLIC.DOC(DOCID, DOCTYPEID, DOCTITLE, DOCCONT, NEWDATE, USERNAME, SORTTYPEID, VERSIONNO) VALUES(2689, 0, STRINGDECODE('[\u30e9\u30c3\u30af\u30b9\u30da\u30fc\u30b9\u8cb8\u3057]'), NULL, TIMESTAMP '2007-04-28 15:15:30.906', STRINGDECODE('\u591a\u3005\u826f\u7d14'), 0, 0);
INSERT INTO PUBLIC.DOC(DOCID, DOCTYPEID, DOCTITLE, DOCCONT, NEWDATE, USERNAME, SORTTYPEID, VERSIONNO) VALUES(2682, 0, STRINGDECODE('\u7a7a\u304d\u5e8a\u9762\u7a4d\uff08\u62e1\u5f35\u53ef\u80fd\u9762\u7a4d\uff09'), NULL, TIMESTAMP '2007-04-28 15:15:30.906', STRINGDECODE('\u591a\u3005\u826f\u7d14'), 0, 0);
INSERT INTO PUBLIC.DOC(DOCID, DOCTYPEID, DOCTITLE, DOCCONT, NEWDATE, USERNAME, SORTTYPEID, VERSIONNO) VALUES(2683, 0, STRINGDECODE('[\u30d5\u30ed\u30a2\u5897\u5e8a\u306e\u6240\u8981\u6642\u9593\uff08\u30ea\u30fc\u30c9\u30bf\u30a4\u30e0\uff09]'), NULL, TIMESTAMP '2007-04-28 15:15:30.906', STRINGDECODE('\u591a\u3005\u826f\u7d14'), 0, 0);
INSERT INTO PUBLIC.DOC(DOCID, DOCTYPEID, DOCTITLE, DOCCONT, NEWDATE, USERNAME, SORTTYPEID, VERSIONNO) VALUES(2684, 0, STRINGDECODE('\u30e9\u30c3\u30af\u8a2d\u5099'), NULL, TIMESTAMP '2007-04-28 15:15:30.906', STRINGDECODE('\u591a\u3005\u826f\u7d14'), 0, 0);
INSERT INTO PUBLIC.DOC(DOCID, DOCTYPEID, DOCTITLE, DOCCONT, NEWDATE, USERNAME, SORTTYPEID, VERSIONNO) VALUES(2685, 0, STRINGDECODE('[\u30e9\u30c3\u30af\u5360\u6709\u5f62\u614b\uff08\u5171\u6709\uff09]'), NULL, TIMESTAMP '2007-04-28 15:15:30.906', STRINGDECODE('\u591a\u3005\u826f\u7d14'), 0, 0);
INSERT INTO PUBLIC.DOC(DOCID, DOCTYPEID, DOCTITLE, DOCCONT, NEWDATE, USERNAME, SORTTYPEID, VERSIONNO) VALUES(2686, 0, STRINGDECODE('[\u30e9\u30c3\u30af\u5360\u6709\u5f62\u614b\uff08\u500b\u5225\uff09]'), NULL, TIMESTAMP '2007-04-28 15:15:30.906', STRINGDECODE('\u591a\u3005\u826f\u7d14'), 0, 0);
INSERT INTO PUBLIC.DOC(DOCID, DOCTYPEID, DOCTITLE, DOCCONT, NEWDATE, USERNAME, SORTTYPEID, VERSIONNO) VALUES(2687, 0, STRINGDECODE('[\u30e9\u30c3\u30af\u30bf\u30a4\u30d7\uff08EIA\u6e96\u62e0\uff09]'), NULL, TIMESTAMP '2007-04-28 15:15:30.906', STRINGDECODE('\u591a\u3005\u826f\u7d14'), 0, 0);
INSERT INTO PUBLIC.DOC(DOCID, DOCTYPEID, DOCTITLE, DOCCONT, NEWDATE, USERNAME, SORTTYPEID, VERSIONNO) VALUES(2688, 0, STRINGDECODE('[\u30e9\u30c3\u30af\u30bf\u30a4\u30d7\uff08\u500b\u5225\uff09]'), NULL, TIMESTAMP '2007-04-28 15:15:30.906', STRINGDECODE('\u591a\u3005\u826f\u7d14'), 0, 0);
INSERT INTO PUBLIC.DOC(DOCID, DOCTYPEID, DOCTITLE, DOCCONT, NEWDATE, USERNAME, SORTTYPEID, VERSIONNO) VALUES(2677, 0, STRINGDECODE('\u30d5\u30a1\u30b7\u30ea\u30c6\u30a3'), NULL, TIMESTAMP '2007-04-28 15:15:30.906', STRINGDECODE('\u591a\u3005\u826f\u7d14'), 0, 0);
INSERT INTO PUBLIC.DOC(DOCID, DOCTYPEID, DOCTITLE, DOCCONT, NEWDATE, USERNAME, SORTTYPEID, VERSIONNO) VALUES(2707, 0, STRINGDECODE('\u7a7a\u8abf\u80fd\u529b'), NULL, TIMESTAMP '2007-04-28 15:15:30.906', STRINGDECODE('\u591a\u3005\u826f\u7d14'), 0, 0);
INSERT INTO PUBLIC.DOC(DOCID, DOCTYPEID, DOCTITLE, DOCCONT, NEWDATE, USERNAME, SORTTYPEID, VERSIONNO) VALUES(2696, 0, STRINGDECODE('\u96fb\u6c17\u8a2d\u5099\u306e\u4e8c\u91cd\u5316\u5bfe\u7b56'), NULL, TIMESTAMP '2007-04-28 15:15:30.906', STRINGDECODE('\u591a\u3005\u826f\u7d14'), 0, 0);
INSERT INTO PUBLIC.DOC(DOCID, DOCTYPEID, DOCTITLE, DOCCONT, NEWDATE, USERNAME, SORTTYPEID, VERSIONNO) VALUES(2690, 0, STRINGDECODE('[\u30e9\u30c3\u30af\u30b9\u30da\u30fc\u30b9\u306e\u30b2\u30fc\u30b8\u8cb8\u3057]'), NULL, TIMESTAMP '2007-04-28 15:15:30.906', STRINGDECODE('\u591a\u3005\u826f\u7d14'), 0, 0);
INSERT INTO PUBLIC.DOC(DOCID, DOCTYPEID, DOCTITLE, DOCCONT, NEWDATE, USERNAME, SORTTYPEID, VERSIONNO) VALUES(2691, 0, STRINGDECODE('[\u30e9\u30c3\u30af\u30b9\u30da\u30fc\u30b9\u306e\u68da\u8cb8\u3057]'), NULL, TIMESTAMP '2007-04-28 15:15:30.906', STRINGDECODE('\u591a\u3005\u826f\u7d14'), 0, 0);
INSERT INTO PUBLIC.DOC(DOCID, DOCTYPEID, DOCTITLE, DOCCONT, NEWDATE, USERNAME, SORTTYPEID, VERSIONNO) VALUES(2692, 0, STRINGDECODE('[\u30e9\u30c3\u30af\u30fb\u30b2\u30fc\u30b8\u306e\u65bd\u9320]'), NULL, TIMESTAMP '2007-04-28 15:15:30.906', STRINGDECODE('\u591a\u3005\u826f\u7d14'), 0, 0);
INSERT INTO PUBLIC.DOC(DOCID, DOCTYPEID, DOCTITLE, DOCCONT, NEWDATE, USERNAME, SORTTYPEID, VERSIONNO) VALUES(2693, 0, STRINGDECODE('[\u30e9\u30c3\u30af\u8a2d\u5099\u306e\u62e1\u5f35\u6240\u8981\u6642\u9593\uff08\u30ea\u30fc\u30c9\u30bf\u30a4\u30e0\uff09]'), NULL, TIMESTAMP '2007-04-28 15:15:30.906', STRINGDECODE('\u591a\u3005\u826f\u7d14'), 0, 0);
INSERT INTO PUBLIC.DOC(DOCID, DOCTYPEID, DOCTITLE, DOCCONT, NEWDATE, USERNAME, SORTTYPEID, VERSIONNO) VALUES(2694, 0, STRINGDECODE('\u96fb\u6e90\u8a2d\u5099'), NULL, TIMESTAMP '2007-04-28 15:15:30.906', STRINGDECODE('\u591a\u3005\u826f\u7d14'), 0, 0);
INSERT INTO PUBLIC.DOC(DOCID, DOCTYPEID, DOCTITLE, DOCCONT, NEWDATE, USERNAME, SORTTYPEID, VERSIONNO) VALUES(2695, 0, STRINGDECODE('\u53d7\u96fb\u65b9\u6cd5\u306e\u7d99\u7d9a\u6027\u5bfe\u7b56'), NULL, TIMESTAMP '2007-04-28 15:15:30.906', STRINGDECODE('\u591a\u3005\u826f\u7d14'), 0, 0);
INSERT INTO PUBLIC.DOC(DOCID, DOCTYPEID, DOCTITLE, DOCCONT, NEWDATE, USERNAME, SORTTYPEID, VERSIONNO) VALUES(2706, 0, STRINGDECODE('\u7a7a\u8abf\u8a2d\u5099'), NULL, TIMESTAMP '2007-04-28 15:15:30.906', STRINGDECODE('\u591a\u3005\u826f\u7d14'), 0, 0);
INSERT INTO PUBLIC.DOC(DOCID, DOCTYPEID, DOCTITLE, DOCCONT, NEWDATE, USERNAME, SORTTYPEID, VERSIONNO) VALUES(2705, 0, STRINGDECODE('\u30bb\u30f3\u30bf\u96fb\u6e90\u76e3\u8996\u88c5\u7f6e\u306e\u8a2d\u7f6e'), NULL, TIMESTAMP '2007-04-28 15:15:30.906', STRINGDECODE('\u591a\u3005\u826f\u7d14'), 0, 0);
INSERT INTO PUBLIC.DOC(DOCID, DOCTYPEID, DOCTITLE, DOCCONT, NEWDATE, USERNAME, SORTTYPEID, VERSIONNO) VALUES(2702, 0, STRINGDECODE('\u30b5\u30d6\u306e\u53d7\u96fb\u5bb9\u91cf\u306e\u5341\u5206\u6027'), NULL, TIMESTAMP '2007-04-28 15:15:30.906', STRINGDECODE('\u591a\u3005\u826f\u7d14'), 0, 0);
INSERT INTO PUBLIC.DOC(DOCID, DOCTYPEID, DOCTITLE, DOCCONT, NEWDATE, USERNAME, SORTTYPEID, VERSIONNO) VALUES(2698, 0, STRINGDECODE('\u975e\u5e38\u7528\u767a\u96fb\u306e\u8a2d\u7f6e'), NULL, TIMESTAMP '2007-04-28 15:15:30.906', STRINGDECODE('\u591a\u3005\u826f\u7d14'), 0, 0);
INSERT INTO PUBLIC.DOC(DOCID, DOCTYPEID, DOCTITLE, DOCCONT, NEWDATE, USERNAME, SORTTYPEID, VERSIONNO) VALUES(2699, 0, STRINGDECODE('\u767a\u96fb\u7528\u71c3\u6599\u30bf\u30f3\u30af\u5bb9\u91cf\u306e\u78ba\u4fdd\uff08\u4fdd\u6301\u65e5\u6570\uff09'), NULL, TIMESTAMP '2007-04-28 15:15:30.906', STRINGDECODE('\u591a\u3005\u826f\u7d14'), 0, 0);
INSERT INTO PUBLIC.DOC(DOCID, DOCTYPEID, DOCTITLE, DOCCONT, NEWDATE, USERNAME, SORTTYPEID, VERSIONNO) VALUES(2700, 0, STRINGDECODE('\u7121\u505c\u96fb\u96fb\u6e90\u88c5\u7f6e\u306e\u8a2d\u7f6e'), NULL, TIMESTAMP '2007-04-28 15:15:30.906', STRINGDECODE('\u591a\u3005\u826f\u7d14'), 0, 0);
INSERT INTO PUBLIC.DOC(DOCID, DOCTYPEID, DOCTITLE, DOCCONT, NEWDATE, USERNAME, SORTTYPEID, VERSIONNO) VALUES(2701, 0, STRINGDECODE('\u96fb\u6e90\u62e1\u5f35\u6027\u306e\u5341\u5206\u6027'), NULL, TIMESTAMP '2007-04-28 15:15:30.906', STRINGDECODE('\u591a\u3005\u826f\u7d14'), 0, 0);
INSERT INTO PUBLIC.DOC(DOCID, DOCTYPEID, DOCTITLE, DOCCONT, NEWDATE, USERNAME, SORTTYPEID, VERSIONNO) VALUES(2703, 0, STRINGDECODE('\u30d0\u30c3\u30c6\u30ea\u306e\u4fdd\u6301\u6642\u9593'), NULL, TIMESTAMP '2007-04-28 15:15:30.906', STRINGDECODE('\u591a\u3005\u826f\u7d14'), 0, 0);
INSERT INTO PUBLIC.DOC(DOCID, DOCTYPEID, DOCTITLE, DOCCONT, NEWDATE, USERNAME, SORTTYPEID, VERSIONNO) VALUES(2704, 0, STRINGDECODE('[\u914d\u96fb\u8a2d\u5099\u306e\u62e1\u5f35\u6240\u8981\u6642\u9593]'), NULL, TIMESTAMP '2007-04-28 15:15:30.906', STRINGDECODE('\u591a\u3005\u826f\u7d14'), 0, 0);
INSERT INTO PUBLIC.DOC(DOCID, DOCTYPEID, DOCTITLE, DOCCONT, NEWDATE, USERNAME, SORTTYPEID, VERSIONNO) VALUES(2712, 0, STRINGDECODE('\u9632\u707d\u8a2d\u5099\uff08\u9632\u707d\u57fa\u6e96\uff09\u306e\u78ba\u4fdd'), NULL, TIMESTAMP '2007-04-28 15:15:30.906', STRINGDECODE('\u591a\u3005\u826f\u7d14'), 0, 0);
INSERT INTO PUBLIC.DOC(DOCID, DOCTYPEID, DOCTITLE, DOCCONT, NEWDATE, USERNAME, SORTTYPEID, VERSIONNO) VALUES(2708, 0, STRINGDECODE('\u7a7a\u8abf\u5197\u9577\u6027\u5bfe\u7b56\uff08N+1)'), NULL, TIMESTAMP '2007-04-28 15:15:30.906', STRINGDECODE('\u591a\u3005\u826f\u7d14'), 0, 0);
INSERT INTO PUBLIC.DOC(DOCID, DOCTYPEID, DOCTITLE, DOCCONT, NEWDATE, USERNAME, SORTTYPEID, VERSIONNO) VALUES(2709, 0, STRINGDECODE('24\uff48\u7a7a\u8abf\u7a3c\u50cd\u6642\u9593\u306e\u78ba\u4fdd'), NULL, TIMESTAMP '2007-04-28 15:15:30.906', STRINGDECODE('\u591a\u3005\u826f\u7d14'), 0, 0);
INSERT INTO PUBLIC.DOC(DOCID, DOCTYPEID, DOCTITLE, DOCCONT, NEWDATE, USERNAME, SORTTYPEID, VERSIONNO) VALUES(2710, 0, STRINGDECODE('\u6e29\u5ea6\u30fb\u6e7f\u5ea6\u306e\u8abf\u6574\u76e3\u8996\u6a5f\u69cb\u306e\u914d\u5099'), NULL, TIMESTAMP '2007-04-28 15:15:30.906', STRINGDECODE('\u591a\u3005\u826f\u7d14'), 0, 0);
INSERT INTO PUBLIC.DOC(DOCID, DOCTYPEID, DOCTITLE, DOCCONT, NEWDATE, USERNAME, SORTTYPEID, VERSIONNO) VALUES(2711, 0, STRINGDECODE('\u6d88\u706b\u8a2d\u5099'), NULL, TIMESTAMP '2007-04-28 15:15:30.906', STRINGDECODE('\u591a\u3005\u826f\u7d14'), 0, 0);
INSERT INTO PUBLIC.DOC(DOCID, DOCTYPEID, DOCTITLE, DOCCONT, NEWDATE, USERNAME, SORTTYPEID, VERSIONNO) VALUES(2717, 0, STRINGDECODE('\u96c6\u4e2d\u76e3\u8996\u30b7\u30b9\u30c6\u30e0\u306e\u914d\u7f6e'), NULL, TIMESTAMP '2007-04-28 15:15:30.906', STRINGDECODE('\u591a\u3005\u826f\u7d14'), 0, 0);
INSERT INTO PUBLIC.DOC(DOCID, DOCTYPEID, DOCTITLE, DOCCONT, NEWDATE, USERNAME, SORTTYPEID, VERSIONNO) VALUES(2713, 0, STRINGDECODE('\u65b0\u30ac\u30b9\u6d88\u706b\u30b7\u30b9\u30c6\u30e0\u306e\u914d\u5099'), NULL, TIMESTAMP '2007-04-28 15:15:30.906', STRINGDECODE('\u591a\u3005\u826f\u7d14'), 0, 0);
INSERT INTO PUBLIC.DOC(DOCID, DOCTYPEID, DOCTITLE, DOCCONT, NEWDATE, USERNAME, SORTTYPEID, VERSIONNO) VALUES(2714, 0, STRINGDECODE('\u5730\u9707\u5bfe\u7b56\u8a2d\u5099'), NULL, TIMESTAMP '2007-04-28 15:15:30.906', STRINGDECODE('\u591a\u3005\u826f\u7d14'), 0, 0);
INSERT INTO PUBLIC.DOC(DOCID, DOCTYPEID, DOCTITLE, DOCCONT, NEWDATE, USERNAME, SORTTYPEID, VERSIONNO) VALUES(2716, 0, STRINGDECODE('\u5165\u9000\u7ba1\u7406\u8a2d\u5099\uff08\u30bb\u30ad\u30e5\u30ea\u30c6\u30a3\uff09'), NULL, TIMESTAMP '2007-04-28 15:15:30.906', STRINGDECODE('\u591a\u3005\u826f\u7d14'), 0, 0);
INSERT INTO PUBLIC.DOC(DOCID, DOCTYPEID, DOCTITLE, DOCCONT, NEWDATE, USERNAME, SORTTYPEID, VERSIONNO) VALUES(2715, 0, STRINGDECODE('\u8010\u9707\uff0f\u514d\u9707\u80fd\u529b\u306e\u78ba\u4fdd'), NULL, TIMESTAMP '2007-04-28 15:15:30.906', STRINGDECODE('\u591a\u3005\u826f\u7d14'), 0, 0);
INSERT INTO PUBLIC.DOC(DOCID, DOCTYPEID, DOCTITLE, DOCCONT, NEWDATE, USERNAME, SORTTYPEID, VERSIONNO) VALUES(2723, 0, STRINGDECODE('\u30cd\u30c3\u30c8\u30ef\u30fc\u30af'), NULL, TIMESTAMP '2007-04-28 15:15:30.906', STRINGDECODE('\u591a\u3005\u826f\u7d14'), 0, 0);
INSERT INTO PUBLIC.DOC(DOCID, DOCTYPEID, DOCTITLE, DOCCONT, NEWDATE, USERNAME, SORTTYPEID, VERSIONNO) VALUES(2718, 0, STRINGDECODE('\u76e3\u8996\u4f53\u5236\u30fb\u8981\u54e1\u306e\u914d\u5099'), NULL, TIMESTAMP '2007-04-28 15:15:30.906', STRINGDECODE('\u591a\u3005\u826f\u7d14'), 0, 0);
INSERT INTO PUBLIC.DOC(DOCID, DOCTYPEID, DOCTITLE, DOCCONT, NEWDATE, USERNAME, SORTTYPEID, VERSIONNO) VALUES(2719, 0, STRINGDECODE('\u76e3\u8996\u30ab\u30e1\u30e9\u306e\u8a2d\u7f6e'), NULL, TIMESTAMP '2007-04-28 15:15:30.906', STRINGDECODE('\u591a\u3005\u826f\u7d14'), 0, 0);
INSERT INTO PUBLIC.DOC(DOCID, DOCTYPEID, DOCTITLE, DOCCONT, NEWDATE, USERNAME, SORTTYPEID, VERSIONNO) VALUES(2720, 0, STRINGDECODE('\u30bb\u30f3\u30bf\u30a2\u30af\u30bb\u30b9\u306e\u8a18\u9332\u76e3\u8996'), NULL, TIMESTAMP '2007-04-28 15:15:30.906', STRINGDECODE('\u591a\u3005\u826f\u7d14'), 0, 0);
INSERT INTO PUBLIC.DOC(DOCID, DOCTYPEID, DOCTITLE, DOCCONT, NEWDATE, USERNAME, SORTTYPEID, VERSIONNO) VALUES(2721, 0, STRINGDECODE('\u30bb\u30f3\u30bf\u904b\u7528'), NULL, TIMESTAMP '2007-04-28 15:15:30.906', STRINGDECODE('\u591a\u3005\u826f\u7d14'), 0, 0);
INSERT INTO PUBLIC.DOC(DOCID, DOCTYPEID, DOCTITLE, DOCCONT, NEWDATE, USERNAME, SORTTYPEID, VERSIONNO) VALUES(2722, 0, STRINGDECODE('\u7a3c\u50cd\u6642\u9593'), NULL, TIMESTAMP '2007-04-28 15:15:30.906', STRINGDECODE('\u591a\u3005\u826f\u7d14'), 0, 0);
INSERT INTO PUBLIC.DOC(DOCID, DOCTYPEID, DOCTITLE, DOCCONT, NEWDATE, USERNAME, SORTTYPEID, VERSIONNO) VALUES(2732, 0, STRINGDECODE('\u62e1\u5f35\u304a\u3088\u3073\u958b\u901a\u9045\u5ef6\u65e5\u6570\uff08\u9045\u5ef6\u4fdd\u8a3c\u65e5\u6570\uff09'), NULL, TIMESTAMP '2007-04-28 15:15:30.906', STRINGDECODE('\u591a\u3005\u826f\u7d14'), 0, 0);
INSERT INTO PUBLIC.DOC(DOCID, DOCTYPEID, DOCTITLE, DOCCONT, NEWDATE, USERNAME, SORTTYPEID, VERSIONNO) VALUES(2724, 0, STRINGDECODE('\u901a\u4fe1\u8a2d\u5099\uff08\u56de\u7dda\uff09'), NULL, TIMESTAMP '2007-04-28 15:15:30.906', STRINGDECODE('\u591a\u3005\u826f\u7d14'), 0, 0);
INSERT INTO PUBLIC.DOC(DOCID, DOCTYPEID, DOCTITLE, DOCCONT, NEWDATE, USERNAME, SORTTYPEID, VERSIONNO) VALUES(2725, 0, STRINGDECODE('\u56de\u7dda\u306e\u7a2e\u985e\u30fb\u901f\u5ea6\u9078\u629e'), NULL, TIMESTAMP '2007-04-28 15:15:30.906', STRINGDECODE('\u591a\u3005\u826f\u7d14'), 0, 0);
INSERT INTO PUBLIC.DOC(DOCID, DOCTYPEID, DOCTITLE, DOCCONT, NEWDATE, USERNAME, SORTTYPEID, VERSIONNO) VALUES(2726, 0, STRINGDECODE('\u56de\u7dda\u306e\u7a3c\u50cd\u7387'), NULL, TIMESTAMP '2007-04-28 15:15:30.906', STRINGDECODE('\u591a\u3005\u826f\u7d14'), 0, 0);
INSERT INTO PUBLIC.DOC(DOCID, DOCTYPEID, DOCTITLE, DOCCONT, NEWDATE, USERNAME, SORTTYPEID, VERSIONNO) VALUES(2727, 0, STRINGDECODE('\u56de\u7dda\u54c1\u8cea'), NULL, TIMESTAMP '2007-04-28 15:15:30.906', STRINGDECODE('\u591a\u3005\u826f\u7d14'), 0, 0);
INSERT INTO PUBLIC.DOC(DOCID, DOCTYPEID, DOCTITLE, DOCCONT, NEWDATE, USERNAME, SORTTYPEID, VERSIONNO) VALUES(2728, 0, STRINGDECODE('\u5e2f\u57df\u5e45\u4fdd\u8a3c\u6a5f\u80fd'), NULL, TIMESTAMP '2007-04-28 15:15:30.906', STRINGDECODE('\u591a\u3005\u826f\u7d14'), 0, 0);
INSERT INTO PUBLIC.DOC(DOCID, DOCTYPEID, DOCTITLE, DOCCONT, NEWDATE, USERNAME, SORTTYPEID, VERSIONNO) VALUES(2729, 0, STRINGDECODE('[\u7d4c\u8def\u5236\u5fa1\u65b9\u5f0f]'), NULL, TIMESTAMP '2007-04-28 15:15:30.906', STRINGDECODE('\u591a\u3005\u826f\u7d14'), 0, 0);
INSERT INTO PUBLIC.DOC(DOCID, DOCTYPEID, DOCTITLE, DOCCONT, NEWDATE, USERNAME, SORTTYPEID, VERSIONNO) VALUES(2730, 0, STRINGDECODE('[\u30d0\u30c3\u30af\u30dc\u30fc\u30f3\u63a5\u7d9a\u5e2f\u57df\uff08\u5bb9\u91cf\uff09]'), NULL, TIMESTAMP '2007-04-28 15:15:30.906', STRINGDECODE('\u591a\u3005\u826f\u7d14'), 0, 0);
INSERT INTO PUBLIC.DOC(DOCID, DOCTYPEID, DOCTITLE, DOCCONT, NEWDATE, USERNAME, SORTTYPEID, VERSIONNO) VALUES(2731, 0, STRINGDECODE('[\u901a\u4fe1\u56de\u7dda\u5f15\u8fbc\u53e3\u306e\u4f59\u88d5\u5ea6]'), NULL, TIMESTAMP '2007-04-28 15:15:30.906', STRINGDECODE('\u591a\u3005\u826f\u7d14'), 0, 0);
INSERT INTO PUBLIC.DOC(DOCID, DOCTYPEID, DOCTITLE, DOCCONT, NEWDATE, USERNAME, SORTTYPEID, VERSIONNO) VALUES(2736, 0, STRINGDECODE('LAN\u5e2f\u57df\uff08\u5bb9\u91cf\uff09'), NULL, TIMESTAMP '2007-04-28 15:15:30.906', STRINGDECODE('\u591a\u3005\u826f\u7d14'), 0, 0);
INSERT INTO PUBLIC.DOC(DOCID, DOCTYPEID, DOCTITLE, DOCCONT, NEWDATE, USERNAME, SORTTYPEID, VERSIONNO) VALUES(2733, 0, STRINGDECODE('\u901a\u4fe1\u8a2d\u5099\uff08LAN)'), NULL, TIMESTAMP '2007-04-28 15:15:30.906', STRINGDECODE('\u591a\u3005\u826f\u7d14'), 0, 0);
INSERT INTO PUBLIC.DOC(DOCID, DOCTYPEID, DOCTITLE, DOCCONT, NEWDATE, USERNAME, SORTTYPEID, VERSIONNO) VALUES(2734, 0, STRINGDECODE('\u30bb\u30f3\u30bf\u5185LAN\u306e\u7a3c\u52d5\u72b6\u614b\uff08\u6b7b\u6d3b\u76e3\u8996\uff09'), NULL, TIMESTAMP '2007-04-28 15:15:30.906', STRINGDECODE('\u591a\u3005\u826f\u7d14'), 0, 0);
INSERT INTO PUBLIC.DOC(DOCID, DOCTYPEID, DOCTITLE, DOCCONT, NEWDATE, USERNAME, SORTTYPEID, VERSIONNO) VALUES(2735, 0, STRINGDECODE('\u30eb\u30fc\u30bf\u88c5\u7f6e\u30fb\u30b9\u30a4\u30c3\u30c1\u88c5\u7f6e\u306e\u4e8c\u91cd\u5316'), NULL, TIMESTAMP '2007-04-28 15:15:30.906', STRINGDECODE('\u591a\u3005\u826f\u7d14'), 0, 0);
INSERT INTO PUBLIC.DOC(DOCID, DOCTYPEID, DOCTITLE, DOCCONT, NEWDATE, USERNAME, SORTTYPEID, VERSIONNO) VALUES(2742, 0, STRINGDECODE('[VLAN\u6a5f\u80fd]'), NULL, TIMESTAMP '2007-04-28 15:15:30.906', STRINGDECODE('\u591a\u3005\u826f\u7d14'), 0, 0);
INSERT INTO PUBLIC.DOC(DOCID, DOCTYPEID, DOCTITLE, DOCCONT, NEWDATE, USERNAME, SORTTYPEID, VERSIONNO) VALUES(2737, 0, STRINGDECODE('[\u30ce\u30fc\u30c9\u9593\u306e\u5f80\u5fa9\u9045\u5ef6\u6642\u9593]'), NULL, TIMESTAMP '2007-04-28 15:15:30.906', STRINGDECODE('\u591a\u3005\u826f\u7d14'), 0, 0);
INSERT INTO PUBLIC.DOC(DOCID, DOCTYPEID, DOCTITLE, DOCCONT, NEWDATE, USERNAME, SORTTYPEID, VERSIONNO) VALUES(2738, 0, STRINGDECODE('[\u30ce\u30fc\u30c9\u9593\u306e\u30c7\u30fc\u30bf\u8ee2\u9001\u80fd\u529b]'), NULL, TIMESTAMP '2007-04-28 15:15:30.906', STRINGDECODE('\u591a\u3005\u826f\u7d14'), 0, 0);
INSERT INTO PUBLIC.DOC(DOCID, DOCTYPEID, DOCTITLE, DOCCONT, NEWDATE, USERNAME, SORTTYPEID, VERSIONNO) VALUES(2739, 0, STRINGDECODE('[\u30ce\u30fc\u30c9\u9593\u306e\u30d1\u30b1\u30c3\u30c8\u30ed\u30b9\u6570]'), NULL, TIMESTAMP '2007-04-28 15:15:30.906', STRINGDECODE('\u591a\u3005\u826f\u7d14'), 0, 0);
INSERT INTO PUBLIC.DOC(DOCID, DOCTYPEID, DOCTITLE, DOCCONT, NEWDATE, USERNAME, SORTTYPEID, VERSIONNO) VALUES(2740, 0, STRINGDECODE('[\u30eb\u30fc\u30c6\u30a3\u30f3\u30b0\u6a5f\u80fd]'), NULL, TIMESTAMP '2007-04-28 15:15:30.906', STRINGDECODE('\u591a\u3005\u826f\u7d14'), 0, 0);
INSERT INTO PUBLIC.DOC(DOCID, DOCTYPEID, DOCTITLE, DOCCONT, NEWDATE, USERNAME, SORTTYPEID, VERSIONNO) VALUES(2741, 0, STRINGDECODE('[\u30b9\u30a4\u30c3\u30c1\u30f3\u30b0\u6a5f\u80fd]'), NULL, TIMESTAMP '2007-04-28 15:15:30.906', STRINGDECODE('\u591a\u3005\u826f\u7d14'), 0, 0);
INSERT INTO PUBLIC.DOC(DOCID, DOCTYPEID, DOCTITLE, DOCCONT, NEWDATE, USERNAME, SORTTYPEID, VERSIONNO) VALUES(2748, 0, STRINGDECODE('\u30bb\u30ad\u30e5\u30ea\u30c6\u30a3'), NULL, TIMESTAMP '2007-04-28 15:15:30.906', STRINGDECODE('\u591a\u3005\u826f\u7d14'), 0, 0);
INSERT INTO PUBLIC.DOC(DOCID, DOCTYPEID, DOCTITLE, DOCCONT, NEWDATE, USERNAME, SORTTYPEID, VERSIONNO) VALUES(2743, 0, STRINGDECODE('[SMNP\u7ba1\u7406\u6a5f\u80fd]'), NULL, TIMESTAMP '2007-04-28 15:15:30.906', STRINGDECODE('\u591a\u3005\u826f\u7d14'), 0, 0);
INSERT INTO PUBLIC.DOC(DOCID, DOCTYPEID, DOCTITLE, DOCCONT, NEWDATE, USERNAME, SORTTYPEID, VERSIONNO) VALUES(2744, 0, STRINGDECODE('[\u30c8\u30e9\u30d5\u30a3\u30c3\u30af\u5236\u5fa1\u6a5f\u80fd]'), NULL, TIMESTAMP '2007-04-28 15:15:30.906', STRINGDECODE('\u591a\u3005\u826f\u7d14'), 0, 0);
INSERT INTO PUBLIC.DOC(DOCID, DOCTYPEID, DOCTITLE, DOCCONT, NEWDATE, USERNAME, SORTTYPEID, VERSIONNO) VALUES(2745, 0, STRINGDECODE('\u5197\u9577\u56de\u7dda\u30b5\u30fc\u30d3\u30b9\uff08\u30d0\u30c3\u30af\u30a2\u30c3\u30d7\uff09'), NULL, TIMESTAMP '2007-04-28 15:15:30.906', STRINGDECODE('\u591a\u3005\u826f\u7d14'), 0, 0);
INSERT INTO PUBLIC.DOC(DOCID, DOCTYPEID, DOCTITLE, DOCCONT, NEWDATE, USERNAME, SORTTYPEID, VERSIONNO) VALUES(2746, 0, STRINGDECODE('[\u56de\u7dda\u306e\u591a\u91cd\u5316\u69cb\u6210\uff08\u30d0\u30c3\u30af\u30a2\u30c3\u30d7\u56de\u7dda\u7b49\uff09]'), NULL, TIMESTAMP '2007-04-28 15:15:30.906', STRINGDECODE('\u591a\u3005\u826f\u7d14'), 0, 0);
INSERT INTO PUBLIC.DOC(DOCID, DOCTYPEID, DOCTITLE, DOCCONT, NEWDATE, USERNAME, SORTTYPEID, VERSIONNO) VALUES(2764, 0, STRINGDECODE('[\u6027\u80fd\u76e3\u8996\u6a5f\u80fd]'), NULL, TIMESTAMP '2007-04-28 15:15:30.906', STRINGDECODE('\u591a\u3005\u826f\u7d14'), 0, 0);
INSERT INTO PUBLIC.DOC(DOCID, DOCTYPEID, DOCTITLE, DOCCONT, NEWDATE, USERNAME, SORTTYPEID, VERSIONNO) VALUES(2747, 0, STRINGDECODE('[LAN\u306e\u591a\u91cd\u5316\u69cb\u6210\uff08\u30c8\u30e9\u30f3\u30ad\u30f3\u30b0\u7b49\uff09]'), NULL, TIMESTAMP '2007-04-28 15:15:30.906', STRINGDECODE('\u591a\u3005\u826f\u7d14'), 0, 0);
INSERT INTO PUBLIC.DOC(DOCID, DOCTYPEID, DOCTITLE, DOCCONT, NEWDATE, USERNAME, SORTTYPEID, VERSIONNO) VALUES(2749, 0, STRINGDECODE('[\u30a2\u30af\u30bb\u30b9\u9632\u5fa1\u6a5f\u80fd]'), NULL, TIMESTAMP '2007-04-28 15:15:30.906', STRINGDECODE('\u591a\u3005\u826f\u7d14'), 0, 0);
INSERT INTO PUBLIC.DOC(DOCID, DOCTYPEID, DOCTITLE, DOCCONT, NEWDATE, USERNAME, SORTTYPEID, VERSIONNO) VALUES(2750, 0, STRINGDECODE('[\u4e0d\u6b63\u30a2\u30af\u30bb\u30b9\u76e3\u8996\u6a5f\u80fd]'), NULL, TIMESTAMP '2007-04-28 15:15:30.906', STRINGDECODE('\u591a\u3005\u826f\u7d14'), 0, 0);
INSERT INTO PUBLIC.DOC(DOCID, DOCTYPEID, DOCTITLE, DOCCONT, NEWDATE, USERNAME, SORTTYPEID, VERSIONNO) VALUES(2763, 0, STRINGDECODE('[\u6027\u80fd\u7ba1\u7406\u6a5f\u80fd]'), NULL, TIMESTAMP '2007-04-28 15:15:30.906', STRINGDECODE('\u591a\u3005\u826f\u7d14'), 0, 0);
INSERT INTO PUBLIC.DOC(DOCID, DOCTYPEID, DOCTITLE, DOCCONT, NEWDATE, USERNAME, SORTTYPEID, VERSIONNO) VALUES(2762, 0, STRINGDECODE('\u6a5f\u5668\u69cb\u6210'), NULL, TIMESTAMP '2007-04-28 15:15:30.906', STRINGDECODE('\u591a\u3005\u826f\u7d14'), 0, 0);
INSERT INTO PUBLIC.DOC(DOCID, DOCTYPEID, DOCTITLE, DOCCONT, NEWDATE, USERNAME, SORTTYPEID, VERSIONNO) VALUES(2751, 0, STRINGDECODE('[\u6539\u7ac4\u691c\u77e5\u6a5f\u80fd]'), NULL, TIMESTAMP '2007-04-28 15:15:30.906', STRINGDECODE('\u591a\u3005\u826f\u7d14'), 0, 0);
INSERT INTO PUBLIC.DOC(DOCID, DOCTYPEID, DOCTITLE, DOCCONT, NEWDATE, USERNAME, SORTTYPEID, VERSIONNO) VALUES(2752, 0, STRINGDECODE('[\u30a6\u30a4\u30eb\u30b9\u691c\u77e5\u6a5f\u80fd]'), NULL, TIMESTAMP '2007-04-28 15:15:30.906', STRINGDECODE('\u591a\u3005\u826f\u7d14'), 0, 0);
INSERT INTO PUBLIC.DOC(DOCID, DOCTYPEID, DOCTITLE, DOCCONT, NEWDATE, USERNAME, SORTTYPEID, VERSIONNO) VALUES(2753, 0, STRINGDECODE('\u30dd\u30fc\u30c8\u8a2d\u5099'), NULL, TIMESTAMP '2007-04-28 15:15:30.906', STRINGDECODE('\u591a\u3005\u826f\u7d14'), 0, 0);
INSERT INTO PUBLIC.DOC(DOCID, DOCTYPEID, DOCTITLE, DOCCONT, NEWDATE, USERNAME, SORTTYPEID, VERSIONNO) VALUES(2754, 0, STRINGDECODE('[\u52a0\u5165\u30dd\u30fc\u30c8\u7ba1\u7406]'), NULL, TIMESTAMP '2007-04-28 15:15:30.906', STRINGDECODE('\u591a\u3005\u826f\u7d14'), 0, 0);
INSERT INTO PUBLIC.DOC(DOCID, DOCTYPEID, DOCTITLE, DOCCONT, NEWDATE, USERNAME, SORTTYPEID, VERSIONNO) VALUES(2755, 0, STRINGDECODE('\u30b3\u30f3\u30d4\u30e5\u30fc\u30bf'), NULL, TIMESTAMP '2007-04-28 15:15:30.906', STRINGDECODE('\u591a\u3005\u826f\u7d14'), 0, 0);
INSERT INTO PUBLIC.DOC(DOCID, DOCTYPEID, DOCTITLE, DOCCONT, NEWDATE, USERNAME, SORTTYPEID, VERSIONNO) VALUES(2756, 0, STRINGDECODE('\u6a5f\u5668\u4ed5\u69d8'), NULL, TIMESTAMP '2007-04-28 15:15:30.906', STRINGDECODE('\u591a\u3005\u826f\u7d14'), 0, 0);
INSERT INTO PUBLIC.DOC(DOCID, DOCTYPEID, DOCTITLE, DOCCONT, NEWDATE, USERNAME, SORTTYPEID, VERSIONNO) VALUES(2757, 0, STRINGDECODE('[\u5730\u7406\u7684\u5206\u6563\u6a5f\u80fd]'), NULL, TIMESTAMP '2007-04-28 15:15:30.906', STRINGDECODE('\u591a\u3005\u826f\u7d14'), 0, 0);
INSERT INTO PUBLIC.DOC(DOCID, DOCTYPEID, DOCTITLE, DOCCONT, NEWDATE, USERNAME, SORTTYPEID, VERSIONNO) VALUES(2758, 0, STRINGDECODE('[\u30d5\u30a9\u30fc\u30eb\u30c8\u30c8\u30ec\u30e9\u30f3\u30c8\u6a5f\u80fd]'), NULL, TIMESTAMP '2007-04-28 15:15:30.906', STRINGDECODE('\u591a\u3005\u826f\u7d14'), 0, 0);
INSERT INTO PUBLIC.DOC(DOCID, DOCTYPEID, DOCTITLE, DOCCONT, NEWDATE, USERNAME, SORTTYPEID, VERSIONNO) VALUES(2759, 0, STRINGDECODE('[\u591a\u91cd\u5316\u7ba1\u7406\u6a5f\u80fd]'), NULL, TIMESTAMP '2007-04-28 15:15:30.906', STRINGDECODE('\u591a\u3005\u826f\u7d14'), 0, 0);
INSERT INTO PUBLIC.DOC(DOCID, DOCTYPEID, DOCTITLE, DOCCONT, NEWDATE, USERNAME, SORTTYPEID, VERSIONNO) VALUES(2760, 0, STRINGDECODE('[\u30db\u30c3\u30c8\u30b9\u30bf\u30f3\u30d0\u30a4\u6a5f\u80fd]'), NULL, TIMESTAMP '2007-04-28 15:15:30.906', STRINGDECODE('\u591a\u3005\u826f\u7d14'), 0, 0);
INSERT INTO PUBLIC.DOC(DOCID, DOCTYPEID, DOCTITLE, DOCCONT, NEWDATE, USERNAME, SORTTYPEID, VERSIONNO) VALUES(2761, 0, STRINGDECODE('\u30cf\u30fc\u30c9\u30a6\u30a8\u30a2\u6545\u969c\u5bfe\u5fdc'), NULL, TIMESTAMP '2007-04-28 15:15:30.906', STRINGDECODE('\u591a\u3005\u826f\u7d14'), 0, 0);
INSERT INTO PUBLIC.DOC(DOCID, DOCTYPEID, DOCTITLE, DOCCONT, NEWDATE, USERNAME, SORTTYPEID, VERSIONNO) VALUES(2774, 0, STRINGDECODE('\uff3bDB\u30b5\u30fc\u30d0\u51e6\u7406\u80fd\u529b\uff3d'), NULL, TIMESTAMP '2007-04-28 15:15:30.906', STRINGDECODE('\u591a\u3005\u826f\u7d14'), 0, 0);
INSERT INTO PUBLIC.DOC(DOCID, DOCTYPEID, DOCTITLE, DOCCONT, NEWDATE, USERNAME, SORTTYPEID, VERSIONNO) VALUES(2767, 0, STRINGDECODE('[\u62e1\u5f35\u6240\u8981\u6642\u9593]'), NULL, TIMESTAMP '2007-04-28 15:15:30.906', STRINGDECODE('\u591a\u3005\u826f\u7d14'), 0, 0);
INSERT INTO PUBLIC.DOC(DOCID, DOCTYPEID, DOCTITLE, DOCCONT, NEWDATE, USERNAME, SORTTYPEID, VERSIONNO) VALUES(2766, 0, STRINGDECODE('[\u30af\u30e9\u30b9\u30bf\u30ea\u30f3\u30b0\u6a5f\u80fd]'), NULL, TIMESTAMP '2007-04-28 15:15:30.906', STRINGDECODE('\u591a\u3005\u826f\u7d14'), 0, 0);
INSERT INTO PUBLIC.DOC(DOCID, DOCTYPEID, DOCTITLE, DOCCONT, NEWDATE, USERNAME, SORTTYPEID, VERSIONNO) VALUES(2765, 0, STRINGDECODE('[\u6027\u80fd\u4e88\u6e2c\u6a5f\u80fd]'), NULL, TIMESTAMP '2007-04-28 15:15:30.906', STRINGDECODE('\u591a\u3005\u826f\u7d14'), 0, 0);
INSERT INTO PUBLIC.DOC(DOCID, DOCTYPEID, DOCTITLE, DOCCONT, NEWDATE, USERNAME, SORTTYPEID, VERSIONNO) VALUES(2769, 0, STRINGDECODE('[\u52d5\u7684\u518d\u69cb\u6210\u6a5f\u80fd]'), NULL, TIMESTAMP '2007-04-28 15:15:30.906', STRINGDECODE('\u591a\u3005\u826f\u7d14'), 0, 0);
INSERT INTO PUBLIC.DOC(DOCID, DOCTYPEID, DOCTITLE, DOCCONT, NEWDATE, USERNAME, SORTTYPEID, VERSIONNO) VALUES(2768, 0, STRINGDECODE('[\u30b7\u30b9\u30c6\u30e0\u62e1\u5f35\u6027]'), NULL, TIMESTAMP '2007-04-28 15:15:30.906', STRINGDECODE('\u591a\u3005\u826f\u7d14'), 0, 0);
INSERT INTO PUBLIC.DOC(DOCID, DOCTYPEID, DOCTITLE, DOCCONT, NEWDATE, USERNAME, SORTTYPEID, VERSIONNO) VALUES(2770, 0, STRINGDECODE('\u30b7\u30b9\u30c6\u30e0\u6027\u80fd'), NULL, TIMESTAMP '2007-04-28 15:15:30.906', STRINGDECODE('\u591a\u3005\u826f\u7d14'), 0, 0);
INSERT INTO PUBLIC.DOC(DOCID, DOCTYPEID, DOCTITLE, DOCCONT, NEWDATE, USERNAME, SORTTYPEID, VERSIONNO) VALUES(2773, 0, STRINGDECODE('\uff3b\u30b5\u30fc\u30d0\u51e6\u7406\u6027\u80fd\uff08\uff28\uff37\u6027\u80fd\uff09\uff3d'), NULL, TIMESTAMP '2007-04-28 15:15:30.906', STRINGDECODE('\u591a\u3005\u826f\u7d14'), 0, 0);
INSERT INTO PUBLIC.DOC(DOCID, DOCTYPEID, DOCTITLE, DOCCONT, NEWDATE, USERNAME, SORTTYPEID, VERSIONNO) VALUES(2772, 0, STRINGDECODE('\uff3bFTP\u51e6\u7406\u80fd\u529b]'), NULL, TIMESTAMP '2007-04-28 15:15:30.906', STRINGDECODE('\u591a\u3005\u826f\u7d14'), 0, 0);
INSERT INTO PUBLIC.DOC(DOCID, DOCTYPEID, DOCTITLE, DOCCONT, NEWDATE, USERNAME, SORTTYPEID, VERSIONNO) VALUES(2771, 0, STRINGDECODE('\uff3bWeb\u51e6\u7406\u80fd\u529b\uff3d'), NULL, TIMESTAMP '2007-04-28 15:15:30.906', STRINGDECODE('\u591a\u3005\u826f\u7d14'), 0, 0);
INSERT INTO PUBLIC.DOC(DOCID, DOCTYPEID, DOCTITLE, DOCCONT, NEWDATE, USERNAME, SORTTYPEID, VERSIONNO) VALUES(2777, 0, STRINGDECODE('[\u30ad\u30e3\u30c3\u30b7\u30e5\u30b5\u30fc\u30d0\u51e6\u7406\u80fd\u529b\uff3d'), NULL, TIMESTAMP '2007-04-28 15:15:30.906', STRINGDECODE('\u591a\u3005\u826f\u7d14'), 0, 0);
INSERT INTO PUBLIC.DOC(DOCID, DOCTYPEID, DOCTITLE, DOCCONT, NEWDATE, USERNAME, SORTTYPEID, VERSIONNO) VALUES(2775, 0, STRINGDECODE('\uff3bAP\u30b5\u30fc\u30d0\u51e6\u7406\u80fd\u529b]'), NULL, TIMESTAMP '2007-04-28 15:15:30.906', STRINGDECODE('\u591a\u3005\u826f\u7d14'), 0, 0);
INSERT INTO PUBLIC.DOC(DOCID, DOCTYPEID, DOCTITLE, DOCCONT, NEWDATE, USERNAME, SORTTYPEID, VERSIONNO) VALUES(2776, 0, STRINGDECODE('\uff3b\u30d7\u30ed\u30ad\u30b7\u30b5\u30fc\u30d0\u51e6\u7406\u80fd\u529b\uff3d'), NULL, TIMESTAMP '2007-04-28 15:15:30.906', STRINGDECODE('\u591a\u3005\u826f\u7d14'), 0, 0);
INSERT INTO PUBLIC.DOC(DOCID, DOCTYPEID, DOCTITLE, DOCCONT, NEWDATE, USERNAME, SORTTYPEID, VERSIONNO) VALUES(2784, 0, STRINGDECODE('[\u30aa\u30f3\u4e2d\u30b9\u30c8\u30ec\u30fc\u30b8\u5897\u8a2d\u6a5f\u80fd]'), NULL, TIMESTAMP '2007-04-28 15:15:30.906', STRINGDECODE('\u591a\u3005\u826f\u7d14'), 0, 0);
INSERT INTO PUBLIC.DOC(DOCID, DOCTYPEID, DOCTITLE, DOCCONT, NEWDATE, USERNAME, SORTTYPEID, VERSIONNO) VALUES(2778, 0, STRINGDECODE('[\u30b7\u30b9\u30c6\u30e0\u51e6\u7406\u80fd\u529b]'), NULL, TIMESTAMP '2007-04-28 15:15:30.906', STRINGDECODE('\u591a\u3005\u826f\u7d14'), 0, 0);
INSERT INTO PUBLIC.DOC(DOCID, DOCTYPEID, DOCTITLE, DOCCONT, NEWDATE, USERNAME, SORTTYPEID, VERSIONNO) VALUES(2779, 0, STRINGDECODE('\u30b9\u30c8\u30ec\u30fc\u30b8'), NULL, TIMESTAMP '2007-04-28 15:15:30.906', STRINGDECODE('\u591a\u3005\u826f\u7d14'), 0, 0);
INSERT INTO PUBLIC.DOC(DOCID, DOCTYPEID, DOCTITLE, DOCCONT, NEWDATE, USERNAME, SORTTYPEID, VERSIONNO) VALUES(2780, 0, STRINGDECODE('\u6a5f\u5668\u69cb\u6210'), NULL, TIMESTAMP '2007-04-28 15:15:30.906', STRINGDECODE('\u591a\u3005\u826f\u7d14'), 0, 0);
INSERT INTO PUBLIC.DOC(DOCID, DOCTYPEID, DOCTITLE, DOCCONT, NEWDATE, USERNAME, SORTTYPEID, VERSIONNO) VALUES(2782, 0, STRINGDECODE('[\u5bb9\u91cf\u306e\u5897\u6e1b\u6a5f\u80fd]'), NULL, TIMESTAMP '2007-04-28 15:15:30.906', STRINGDECODE('\u591a\u3005\u826f\u7d14'), 0, 0);
INSERT INTO PUBLIC.DOC(DOCID, DOCTYPEID, DOCTITLE, DOCCONT, NEWDATE, USERNAME, SORTTYPEID, VERSIONNO) VALUES(2781, 0, STRINGDECODE('[\u30b7\u30b9\u30c6\u30e0\u62e1\u5f35\u306e\u6240\u8981\u6642\u9593]'), NULL, TIMESTAMP '2007-04-28 15:15:30.906', STRINGDECODE('\u591a\u3005\u826f\u7d14'), 0, 0);
INSERT INTO PUBLIC.DOC(DOCID, DOCTYPEID, DOCTITLE, DOCCONT, NEWDATE, USERNAME, SORTTYPEID, VERSIONNO) VALUES(2783, 0, STRINGDECODE('LU\u8ffd\u52a0\u3068LU\u30b5\u30a4\u30ba\u306e\u5909\u66f4\u6a5f\u80fd'), NULL, TIMESTAMP '2007-04-28 15:15:30.906', STRINGDECODE('\u591a\u3005\u826f\u7d14'), 0, 0);
INSERT INTO PUBLIC.DOC(DOCID, DOCTYPEID, DOCTITLE, DOCCONT, NEWDATE, USERNAME, SORTTYPEID, VERSIONNO) VALUES(2785, 0, STRINGDECODE('[\u30aa\u30f3\u4e2d\u5229\u7528\u30e6\u30fc\u30b6\u62e1\u5f35\u6a5f\u80fd]'), NULL, TIMESTAMP '2007-04-28 15:15:30.906', STRINGDECODE('\u591a\u3005\u826f\u7d14'), 0, 0);
INSERT INTO PUBLIC.DOC(DOCID, DOCTYPEID, DOCTITLE, DOCCONT, NEWDATE, USERNAME, SORTTYPEID, VERSIONNO) VALUES(2786, 0, STRINGDECODE('\u63a5\u7d9a\u53ef\u80fd\u306a\u30b5\u30fc\u30d0\u7a2e\u985e'), NULL, TIMESTAMP '2007-04-28 15:15:30.906', STRINGDECODE('\u591a\u3005\u826f\u7d14'), 0, 0);
INSERT INTO PUBLIC.DOC(DOCID, DOCTYPEID, DOCTITLE, DOCCONT, NEWDATE, USERNAME, SORTTYPEID, VERSIONNO) VALUES(2787, 0, STRINGDECODE('SAN\uff0fNAS\u63a5\u7d9a\u6a5f\u80fd'), NULL, TIMESTAMP '2007-04-28 15:15:30.906', STRINGDECODE('\u591a\u3005\u826f\u7d14'), 0, 0);
INSERT INTO PUBLIC.DOC(DOCID, DOCTYPEID, DOCTITLE, DOCCONT, NEWDATE, USERNAME, SORTTYPEID, VERSIONNO) VALUES(2805, 0, STRINGDECODE('\u30df\u30c9\u30eb\u30a6\u30a8\u30a2'), NULL, TIMESTAMP '2007-04-28 15:15:30.906', STRINGDECODE('\u591a\u3005\u826f\u7d14'), 0, 0);
INSERT INTO PUBLIC.DOC(DOCID, DOCTYPEID, DOCTITLE, DOCCONT, NEWDATE, USERNAME, SORTTYPEID, VERSIONNO) VALUES(2788, 0, STRINGDECODE('\u5197\u9577\u69cb\u6210\u5bfe\u7b56'), NULL, TIMESTAMP '2007-04-28 15:15:30.906', STRINGDECODE('\u591a\u3005\u826f\u7d14'), 0, 0);
INSERT INTO PUBLIC.DOC(DOCID, DOCTYPEID, DOCTITLE, DOCCONT, NEWDATE, USERNAME, SORTTYPEID, VERSIONNO) VALUES(2789, 0, STRINGDECODE('\u30b7\u30b9\u30c6\u30e0\u30d0\u30c3\u30af\u30a2\u30c3\u30d7\u6a5f\u80fd'), NULL, TIMESTAMP '2007-04-28 15:15:30.906', STRINGDECODE('\u591a\u3005\u826f\u7d14'), 0, 0);
INSERT INTO PUBLIC.DOC(DOCID, DOCTYPEID, DOCTITLE, DOCCONT, NEWDATE, USERNAME, SORTTYPEID, VERSIONNO) VALUES(2790, 0, STRINGDECODE('\u30c7\u30fc\u30bf\u30d0\u30c3\u30af\u30a2\u30c3\u30d7\u6a5f\u80fd'), NULL, TIMESTAMP '2007-04-28 15:15:30.906', STRINGDECODE('\u591a\u3005\u826f\u7d14'), 0, 0);
INSERT INTO PUBLIC.DOC(DOCID, DOCTYPEID, DOCTITLE, DOCCONT, NEWDATE, USERNAME, SORTTYPEID, VERSIONNO) VALUES(2791, 0, STRINGDECODE('\u30b7\u30b9\u30c6\u30e0\u6027\u80fd'), NULL, TIMESTAMP '2007-04-28 15:15:30.906', STRINGDECODE('\u591a\u3005\u826f\u7d14'), 0, 0);
INSERT INTO PUBLIC.DOC(DOCID, DOCTYPEID, DOCTITLE, DOCCONT, NEWDATE, USERNAME, SORTTYPEID, VERSIONNO) VALUES(2792, 0, STRINGDECODE('\u51e6\u7406\u80fd\u529b'), NULL, TIMESTAMP '2007-04-28 15:15:30.906', STRINGDECODE('\u591a\u3005\u826f\u7d14'), 0, 0);
INSERT INTO PUBLIC.DOC(DOCID, DOCTYPEID, DOCTITLE, DOCCONT, NEWDATE, USERNAME, SORTTYPEID, VERSIONNO) VALUES(2793, 0, STRINGDECODE('\u30c7\u30fc\u30bf\u5bb9\u91cf'), NULL, TIMESTAMP '2007-04-28 15:15:30.906', STRINGDECODE('\u591a\u3005\u826f\u7d14'), 0, 0);
INSERT INTO PUBLIC.DOC(DOCID, DOCTYPEID, DOCTITLE, DOCCONT, NEWDATE, USERNAME, SORTTYPEID, VERSIONNO) VALUES(2794, 0, STRINGDECODE('\u5272\u308a\u5f53\u3066\u53ef\u80fd\u30c7\u30fc\u30bf\u5bb9\u91cf'), NULL, TIMESTAMP '2007-04-28 15:15:30.906', STRINGDECODE('\u591a\u3005\u826f\u7d14'), 0, 0);
INSERT INTO PUBLIC.DOC(DOCID, DOCTYPEID, DOCTITLE, DOCCONT, NEWDATE, USERNAME, SORTTYPEID, VERSIONNO) VALUES(2795, 0, STRINGDECODE('\u30a2\u30d7\u30ea\u30b1\u30fc\u30b7\u30e7\u30f3'), NULL, TIMESTAMP '2007-04-28 15:15:30.906', STRINGDECODE('\u591a\u3005\u826f\u7d14'), 0, 0);
INSERT INTO PUBLIC.DOC(DOCID, DOCTYPEID, DOCTITLE, DOCCONT, NEWDATE, USERNAME, SORTTYPEID, VERSIONNO) VALUES(2796, 0, STRINGDECODE('\u30b7\u30b9\u30c6\u30e0\u6027\u80fd'), NULL, TIMESTAMP '2007-04-28 15:15:30.906', STRINGDECODE('\u591a\u3005\u826f\u7d14'), 0, 0);
INSERT INTO PUBLIC.DOC(DOCID, DOCTYPEID, DOCTITLE, DOCCONT, NEWDATE, USERNAME, SORTTYPEID, VERSIONNO) VALUES(2797, 0, STRINGDECODE('[\u51e6\u7406\u80fd\u529b\uff08\u30b9\u30eb\u30fc\u30d7\u30c3\u30c8\uff09]'), NULL, TIMESTAMP '2007-04-28 15:15:30.906', STRINGDECODE('\u591a\u3005\u826f\u7d14'), 0, 0);
INSERT INTO PUBLIC.DOC(DOCID, DOCTYPEID, DOCTITLE, DOCCONT, NEWDATE, USERNAME, SORTTYPEID, VERSIONNO) VALUES(2798, 0, STRINGDECODE('\u30bb\u30ad\u30e5\u30ea\u30c6\u30a3'), NULL, TIMESTAMP '2007-04-28 15:15:30.906', STRINGDECODE('\u591a\u3005\u826f\u7d14'), 0, 0);
INSERT INTO PUBLIC.DOC(DOCID, DOCTYPEID, DOCTITLE, DOCCONT, NEWDATE, USERNAME, SORTTYPEID, VERSIONNO) VALUES(2799, 0, STRINGDECODE('[\u8a8d\u8a3c\u6a5f\u80fd\u306e\u5b9f\u88c5]'), NULL, TIMESTAMP '2007-04-28 15:15:30.906', STRINGDECODE('\u591a\u3005\u826f\u7d14'), 0, 0);
INSERT INTO PUBLIC.DOC(DOCID, DOCTYPEID, DOCTITLE, DOCCONT, NEWDATE, USERNAME, SORTTYPEID, VERSIONNO) VALUES(2800, 0, STRINGDECODE('[\u30d0\u30c3\u30d5\u30a1\u7ba1\u7406\u6a5f\u80fd]'), NULL, TIMESTAMP '2007-04-28 15:15:30.906', STRINGDECODE('\u591a\u3005\u826f\u7d14'), 0, 0);
INSERT INTO PUBLIC.DOC(DOCID, DOCTYPEID, DOCTITLE, DOCCONT, NEWDATE, USERNAME, SORTTYPEID, VERSIONNO) VALUES(2801, 0, STRINGDECODE('\u30bd\u30d5\u30c8\u30a6\u30a8\u30a2\u69cb\u6210'), NULL, TIMESTAMP '2007-04-28 15:15:30.906', STRINGDECODE('\u591a\u3005\u826f\u7d14'), 0, 0);
INSERT INTO PUBLIC.DOC(DOCID, DOCTYPEID, DOCTITLE, DOCCONT, NEWDATE, USERNAME, SORTTYPEID, VERSIONNO) VALUES(2802, 0, STRINGDECODE('[\u30bd\u30d5\u30c8\u30a6\u30a8\u30a2\u8ffd\u52a0\u6240\u8981\u6642\u9593]'), NULL, TIMESTAMP '2007-04-28 15:15:30.906', STRINGDECODE('\u591a\u3005\u826f\u7d14'), 0, 0);
INSERT INTO PUBLIC.DOC(DOCID, DOCTYPEID, DOCTITLE, DOCCONT, NEWDATE, USERNAME, SORTTYPEID, VERSIONNO) VALUES(2803, 0, STRINGDECODE('\u30b7\u30b9\u30c6\u30e0\u4fdd\u5b88'), NULL, TIMESTAMP '2007-04-28 15:15:30.906', STRINGDECODE('\u591a\u3005\u826f\u7d14'), 0, 0);
INSERT INTO PUBLIC.DOC(DOCID, DOCTYPEID, DOCTITLE, DOCCONT, NEWDATE, USERNAME, SORTTYPEID, VERSIONNO) VALUES(2804, 0, STRINGDECODE('\u4fdd\u5b88\u30b5\u30dd\u30fc\u30c8\u5bfe\u5fdc\u671f\u9593'), NULL, TIMESTAMP '2007-04-28 15:15:30.906', STRINGDECODE('\u591a\u3005\u826f\u7d14'), 0, 0);
INSERT INTO PUBLIC.DOC(DOCID, DOCTYPEID, DOCTITLE, DOCCONT, NEWDATE, USERNAME, SORTTYPEID, VERSIONNO) VALUES(2806, 0, STRINGDECODE('\u30b7\u30b9\u30c6\u30e0\u6027\u80fd'), NULL, TIMESTAMP '2007-04-28 15:15:30.906', STRINGDECODE('\u591a\u3005\u826f\u7d14'), 0, 0);
INSERT INTO PUBLIC.DOC(DOCID, DOCTYPEID, DOCTITLE, DOCCONT, NEWDATE, USERNAME, SORTTYPEID, VERSIONNO) VALUES(2807, 0, STRINGDECODE('\u51e6\u7406\u80fd\u529b\uff08\u30b9\u30eb\u30fc\u30d7\u30c3\u30c8\uff09'), NULL, TIMESTAMP '2007-04-28 15:15:30.906', STRINGDECODE('\u591a\u3005\u826f\u7d14'), 0, 0);
INSERT INTO PUBLIC.DOC(DOCID, DOCTYPEID, DOCTITLE, DOCCONT, NEWDATE, USERNAME, SORTTYPEID, VERSIONNO) VALUES(2809, 0, STRINGDECODE('\u30b7\u30b9\u30c6\u30e0\u4fdd\u5b88'), NULL, TIMESTAMP '2007-04-28 15:15:30.906', STRINGDECODE('\u591a\u3005\u826f\u7d14'), 0, 0);
INSERT INTO PUBLIC.DOC(DOCID, DOCTYPEID, DOCTITLE, DOCCONT, NEWDATE, USERNAME, SORTTYPEID, VERSIONNO) VALUES(2808, 0, STRINGDECODE('[\u30a2\u30c3\u30d7\u30b0\u30ec\u30fc\u30c9\u5bfe\u5fdc\u6642\u9593]'), NULL, TIMESTAMP '2007-04-28 15:15:30.906', STRINGDECODE('\u591a\u3005\u826f\u7d14'), 0, 0);
INSERT INTO PUBLIC.DOC(DOCID, DOCTYPEID, DOCTITLE, DOCCONT, NEWDATE, USERNAME, SORTTYPEID, VERSIONNO) VALUES(2812, 0, STRINGDECODE('\u30bb\u30ad\u30e5\u30ea\u30c6\u30a3'), NULL, TIMESTAMP '2007-04-28 15:15:30.906', STRINGDECODE('\u591a\u3005\u826f\u7d14'), 0, 0);
INSERT INTO PUBLIC.DOC(DOCID, DOCTYPEID, DOCTITLE, DOCCONT, NEWDATE, USERNAME, SORTTYPEID, VERSIONNO) VALUES(2811, 0, STRINGDECODE('[\u30d1\u30c3\u30c1\u63d0\u4f9b\u5bfe\u5fdc\u671f\u9593]'), NULL, TIMESTAMP '2007-04-28 15:15:30.906', STRINGDECODE('\u591a\u3005\u826f\u7d14'), 0, 0);
INSERT INTO PUBLIC.DOC(DOCID, DOCTYPEID, DOCTITLE, DOCCONT, NEWDATE, USERNAME, SORTTYPEID, VERSIONNO) VALUES(2810, 0, STRINGDECODE('\u4fdd\u5b88\u30b5\u30dd\u30fc\u30c8\u5bfe\u5fdc\u671f\u9593'), NULL, TIMESTAMP '2007-04-28 15:15:30.906', STRINGDECODE('\u591a\u3005\u826f\u7d14'), 0, 0);
INSERT INTO PUBLIC.DOC(DOCID, DOCTYPEID, DOCTITLE, DOCCONT, NEWDATE, USERNAME, SORTTYPEID, VERSIONNO) VALUES(2813, 0, STRINGDECODE('[\u8a8d\u8a3c\u6a5f\u80fd\u306e\u5b9f\u88c5]'), NULL, TIMESTAMP '2007-04-28 15:15:30.906', STRINGDECODE('\u591a\u3005\u826f\u7d14'), 0, 0);
INSERT INTO PUBLIC.DOC(DOCID, DOCTYPEID, DOCTITLE, DOCCONT, NEWDATE, USERNAME, SORTTYPEID, VERSIONNO) VALUES(2666, 0, STRINGDECODE('\u4ed8\u93321 \u6a19\u6e96SLA\u8a55\u4fa1\u9805\u76ee\u4e00\u89a7 <\uff29\uff34\u30ea\u30bd\u30fc\u30b9>'), '', TIMESTAMP '2007-04-28 15:07:00.0', STRINGDECODE('\u591a\u3005\u826f\u7d14'), 0, 1);
INSERT INTO PUBLIC.DOC(DOCID, DOCTYPEID, DOCTITLE, DOCCONT, NEWDATE, USERNAME, SORTTYPEID, VERSIONNO) VALUES(2814, 0, STRINGDECODE('[\u30d0\u30c3\u30d5\u30a1\u7ba1\u7406\u6a5f\u80fd]'), NULL, TIMESTAMP '2007-04-28 15:15:30.906', STRINGDECODE('\u591a\u3005\u826f\u7d14'), 0, 0);
INSERT INTO PUBLIC.DOC(DOCID, DOCTYPEID, DOCTITLE, DOCCONT, NEWDATE, USERNAME, SORTTYPEID, VERSIONNO) VALUES(2325, 0, STRINGDECODE('\u3042\u3042\u3042'), STRINGDECODE('\u3044\u3044\u3044\n\u3048\n\u3046'), TIMESTAMP '2007-04-25 01:47:53.218', STRINGDECODE('\u591a\u3005\u826f\u7d14'), 0, 0);
INSERT INTO PUBLIC.DOC(DOCID, DOCTYPEID, DOCTITLE, DOCCONT, NEWDATE, USERNAME, SORTTYPEID, VERSIONNO) VALUES(2326, 0, STRINGDECODE('\u3042\u3042\u3042'), STRINGDECODE('\u3044\u3044\u3044\n\u3048\"ririri'), TIMESTAMP '2007-04-25 01:48:44.0', STRINGDECODE('\u591a\u3005\u826f\u7d14'), 0, 0);
INSERT INTO PUBLIC.DOC(DOCID, DOCTYPEID, DOCTITLE, DOCCONT, NEWDATE, USERNAME, SORTTYPEID, VERSIONNO) VALUES(789, 0, STRINGDECODE('\u4fdd\u5b88\u6027\u306e\"\u5411\u4e0a\"\u3060\u3088'), STRINGDECODE('\u305d\u3053\u3093\u3068\u3053\u3092\"he-\"\u3068\u8868\u8a18\u3059\u3079\u304d\u3060\u308d\n\"----\"\u306a\u306e\u3055'), TIMESTAMP '2007-02-26 16:32:00.0', '', 0, 1);
INSERT INTO PUBLIC.DOC(DOCID, DOCTYPEID, DOCTITLE, DOCCONT, NEWDATE, USERNAME, SORTTYPEID, VERSIONNO) VALUES(2857, 0, STRINGDECODE('\u6210\u679c\u7269\u8a73\u7d30\u753b\u9762\u306b\u95a2\u9023\u30ce\u30fc\u30c9\u30c4\u30ea\u30fc\u8868\u793a\u30bf\u30d6\u3092\u8ffd\u52a0'), STRINGDECODE('\u95a2\u9023\u30ce\u30fc\u30c9\u30c4\u30ea\u30fc\u8868\u793a\u30dc\u30bf\u30f3\u306f\u5ec3\u6b62'), TIMESTAMP '2007-05-31 23:35:00.0', STRINGDECODE('\u591a\u3005\u826f\u7d14'), 0, 0);
INSERT INTO PUBLIC.DOC(DOCID, DOCTYPEID, DOCTITLE, DOCCONT, NEWDATE, USERNAME, SORTTYPEID, VERSIONNO) VALUES(2855, 0, STRINGDECODE('\u6210\u679c\u7269\u691c\u7d22\u3067memo\u306f\u691c\u7d22\u5bfe\u8c61\u304b\u3089\u5916\u3059'), '', TIMESTAMP '2007-05-29 09:02:00.0', STRINGDECODE('\u591a\u3005\u826f\u7d14'), 0, 0);
INSERT INTO PUBLIC.DOC(DOCID, DOCTYPEID, DOCTITLE, DOCCONT, NEWDATE, USERNAME, SORTTYPEID, VERSIONNO) VALUES(2858, 0, STRINGDECODE('\u904b\u55b6\u30bf\u30b9\u30af\u306e\u30a2\u30b8\u30a7\u30f3\u30c0'), NULL, TIMESTAMP '2007-06-09 10:07:10.828', STRINGDECODE('\u591a\u3005\u826f\u7d14'), 0, 0);
CREATE PRIMARY KEY ON PUBLIC.DOC(DOCID);
CREATE CACHED TABLE PUBLIC.DOCSTR(
    OYADOCID INT NOT NULL,
    KODOCID INT NOT NULL,
    SEQ INT,
    NEWDATE TIMESTAMP,
    USERNAME VARCHAR(50),
    VERSIONNO INT
);
-- 572 = SELECT COUNT(*) FROM PUBLIC.DOCSTR;
INSERT INTO PUBLIC.DOCSTR(OYADOCID, KODOCID, SEQ, NEWDATE, USERNAME, VERSIONNO) VALUES(82, 83, 1, TIMESTAMP '2006-12-12 18:17:48.0', STRINGDECODE('\u6ff1\u5cf6'), NULL);
INSERT INTO PUBLIC.DOCSTR(OYADOCID, KODOCID, SEQ, NEWDATE, USERNAME, VERSIONNO) VALUES(82, 787, 2, TIMESTAMP '2007-03-23 09:18:58.484', NULL, NULL);
INSERT INTO PUBLIC.DOCSTR(OYADOCID, KODOCID, SEQ, NEWDATE, USERNAME, VERSIONNO) VALUES(83, 594, 11, TIMESTAMP '2007-03-23 09:28:27.218', NULL, NULL);
INSERT INTO PUBLIC.DOCSTR(OYADOCID, KODOCID, SEQ, NEWDATE, USERNAME, VERSIONNO) VALUES(86, 578, 10, TIMESTAMP '2006-12-22 11:16:10.0', STRINGDECODE('\u30de\u30c3\u30ae\u30fc'), NULL);
INSERT INTO PUBLIC.DOCSTR(OYADOCID, KODOCID, SEQ, NEWDATE, USERNAME, VERSIONNO) VALUES(86, 579, 20, TIMESTAMP '2006-12-22 11:16:18.0', STRINGDECODE('\u30de\u30c3\u30ae\u30fc'), NULL);
INSERT INTO PUBLIC.DOCSTR(OYADOCID, KODOCID, SEQ, NEWDATE, USERNAME, VERSIONNO) VALUES(86, 580, 30, TIMESTAMP '2006-12-22 11:16:40.0', STRINGDECODE('\u30de\u30c3\u30ae\u30fc'), NULL);
INSERT INTO PUBLIC.DOCSTR(OYADOCID, KODOCID, SEQ, NEWDATE, USERNAME, VERSIONNO) VALUES(86, 581, 40, TIMESTAMP '2006-12-22 11:16:51.0', STRINGDECODE('\u30de\u30c3\u30ae\u30fc'), NULL);
INSERT INTO PUBLIC.DOCSTR(OYADOCID, KODOCID, SEQ, NEWDATE, USERNAME, VERSIONNO) VALUES(86, 582, 50, TIMESTAMP '2006-12-22 11:17:05.0', STRINGDECODE('\u30de\u30c3\u30ae\u30fc'), NULL);
INSERT INTO PUBLIC.DOCSTR(OYADOCID, KODOCID, SEQ, NEWDATE, USERNAME, VERSIONNO) VALUES(86, 583, 60, TIMESTAMP '2006-12-22 11:17:19.0', STRINGDECODE('\u30de\u30c3\u30ae\u30fc'), NULL);
INSERT INTO PUBLIC.DOCSTR(OYADOCID, KODOCID, SEQ, NEWDATE, USERNAME, VERSIONNO) VALUES(86, 584, 70, TIMESTAMP '2006-12-22 11:17:32.0', STRINGDECODE('\u30de\u30c3\u30ae\u30fc'), NULL);
INSERT INTO PUBLIC.DOCSTR(OYADOCID, KODOCID, SEQ, NEWDATE, USERNAME, VERSIONNO) VALUES(86, 585, 80, TIMESTAMP '2006-12-22 11:17:42.0', STRINGDECODE('\u30de\u30c3\u30ae\u30fc'), NULL);
INSERT INTO PUBLIC.DOCSTR(OYADOCID, KODOCID, SEQ, NEWDATE, USERNAME, VERSIONNO) VALUES(86, 586, 90, TIMESTAMP '2006-12-22 11:17:55.0', STRINGDECODE('\u30de\u30c3\u30ae\u30fc'), NULL);
INSERT INTO PUBLIC.DOCSTR(OYADOCID, KODOCID, SEQ, NEWDATE, USERNAME, VERSIONNO) VALUES(82, 580, 5, TIMESTAMP '2007-03-28 21:36:32.437', NULL, NULL);
INSERT INTO PUBLIC.DOCSTR(OYADOCID, KODOCID, SEQ, NEWDATE, USERNAME, VERSIONNO) VALUES(787, 788, 2, TIMESTAMP '2007-03-26 19:04:17.219', NULL, NULL);
INSERT INTO PUBLIC.DOCSTR(OYADOCID, KODOCID, SEQ, NEWDATE, USERNAME, VERSIONNO) VALUES(788, 789, 1, TIMESTAMP '2007-03-26 19:04:17.279', NULL, NULL);
INSERT INTO PUBLIC.DOCSTR(OYADOCID, KODOCID, SEQ, NEWDATE, USERNAME, VERSIONNO) VALUES(789, 1050, 1, TIMESTAMP '2007-03-28 09:52:14.031', NULL, NULL);
INSERT INTO PUBLIC.DOCSTR(OYADOCID, KODOCID, SEQ, NEWDATE, USERNAME, VERSIONNO) VALUES(1050, 1051, 1, TIMESTAMP '2007-03-28 09:52:16.593', NULL, NULL);
INSERT INTO PUBLIC.DOCSTR(OYADOCID, KODOCID, SEQ, NEWDATE, USERNAME, VERSIONNO) VALUES(1051, 1052, 1, TIMESTAMP '2007-03-28 09:52:18.718', NULL, NULL);
INSERT INTO PUBLIC.DOCSTR(OYADOCID, KODOCID, SEQ, NEWDATE, USERNAME, VERSIONNO) VALUES(1052, 1053, 1, TIMESTAMP '2007-03-28 09:52:20.75', NULL, NULL);
INSERT INTO PUBLIC.DOCSTR(OYADOCID, KODOCID, SEQ, NEWDATE, USERNAME, VERSIONNO) VALUES(1053, 1054, 1, TIMESTAMP '2007-03-28 09:52:22.625', NULL, NULL);
INSERT INTO PUBLIC.DOCSTR(OYADOCID, KODOCID, SEQ, NEWDATE, USERNAME, VERSIONNO) VALUES(1054, 1055, 1, TIMESTAMP '2007-03-28 09:52:24.687', NULL, NULL);
INSERT INTO PUBLIC.DOCSTR(OYADOCID, KODOCID, SEQ, NEWDATE, USERNAME, VERSIONNO) VALUES(1055, 86, 1, TIMESTAMP '2007-03-28 09:52:27.625', NULL, NULL);
INSERT INTO PUBLIC.DOCSTR(OYADOCID, KODOCID, SEQ, NEWDATE, USERNAME, VERSIONNO) VALUES(82, 1056, 4, TIMESTAMP '2007-03-28 09:54:52.296', NULL, NULL);
INSERT INTO PUBLIC.DOCSTR(OYADOCID, KODOCID, SEQ, NEWDATE, USERNAME, VERSIONNO) VALUES(1056, 86, 1, TIMESTAMP '2007-03-28 09:54:54.906', NULL, NULL);
INSERT INTO PUBLIC.DOCSTR(OYADOCID, KODOCID, SEQ, NEWDATE, USERNAME, VERSIONNO) VALUES(790, 1057, 1, TIMESTAMP '2007-03-28 10:47:17.578', NULL, NULL);
INSERT INTO PUBLIC.DOCSTR(OYADOCID, KODOCID, SEQ, NEWDATE, USERNAME, VERSIONNO) VALUES(594, 1165, 7, TIMESTAMP '2007-03-30 00:21:12.171', NULL, NULL);
INSERT INTO PUBLIC.DOCSTR(OYADOCID, KODOCID, SEQ, NEWDATE, USERNAME, VERSIONNO) VALUES(594, 1166, 8, TIMESTAMP '2007-03-30 00:21:12.187', NULL, NULL);
INSERT INTO PUBLIC.DOCSTR(OYADOCID, KODOCID, SEQ, NEWDATE, USERNAME, VERSIONNO) VALUES(594, 1167, 9, TIMESTAMP '2007-03-30 00:21:12.218', NULL, NULL);
INSERT INTO PUBLIC.DOCSTR(OYADOCID, KODOCID, SEQ, NEWDATE, USERNAME, VERSIONNO) VALUES(594, 1159, 1, TIMESTAMP '2007-03-30 00:21:12.062', NULL, NULL);
INSERT INTO PUBLIC.DOCSTR(OYADOCID, KODOCID, SEQ, NEWDATE, USERNAME, VERSIONNO) VALUES(594, 1160, 2, TIMESTAMP '2007-03-30 00:21:12.078', NULL, NULL);
INSERT INTO PUBLIC.DOCSTR(OYADOCID, KODOCID, SEQ, NEWDATE, USERNAME, VERSIONNO) VALUES(594, 1161, 3, TIMESTAMP '2007-03-30 00:21:12.078', NULL, NULL);
INSERT INTO PUBLIC.DOCSTR(OYADOCID, KODOCID, SEQ, NEWDATE, USERNAME, VERSIONNO) VALUES(594, 1162, 4, TIMESTAMP '2007-03-30 00:21:12.109', NULL, NULL);
INSERT INTO PUBLIC.DOCSTR(OYADOCID, KODOCID, SEQ, NEWDATE, USERNAME, VERSIONNO) VALUES(594, 1163, 5, TIMESTAMP '2007-03-30 00:21:12.125', NULL, NULL);
INSERT INTO PUBLIC.DOCSTR(OYADOCID, KODOCID, SEQ, NEWDATE, USERNAME, VERSIONNO) VALUES(594, 1164, 6, TIMESTAMP '2007-03-30 00:21:12.14', NULL, NULL);
INSERT INTO PUBLIC.DOCSTR(OYADOCID, KODOCID, SEQ, NEWDATE, USERNAME, VERSIONNO) VALUES(787, 1059, 3, TIMESTAMP '2007-03-28 11:12:50.968', NULL, NULL);
INSERT INTO PUBLIC.DOCSTR(OYADOCID, KODOCID, SEQ, NEWDATE, USERNAME, VERSIONNO) VALUES(787, 1060, 4, TIMESTAMP '2007-03-28 11:14:22.187', NULL, NULL);
INSERT INTO PUBLIC.DOCSTR(OYADOCID, KODOCID, SEQ, NEWDATE, USERNAME, VERSIONNO) VALUES(594, 1183, 25, TIMESTAMP '2007-03-30 00:21:12.89', NULL, NULL);
INSERT INTO PUBLIC.DOCSTR(OYADOCID, KODOCID, SEQ, NEWDATE, USERNAME, VERSIONNO) VALUES(594, 1184, 26, TIMESTAMP '2007-03-30 00:21:12.937', NULL, NULL);
INSERT INTO PUBLIC.DOCSTR(OYADOCID, KODOCID, SEQ, NEWDATE, USERNAME, VERSIONNO) VALUES(594, 1185, 27, TIMESTAMP '2007-03-30 00:21:12.984', NULL, NULL);
INSERT INTO PUBLIC.DOCSTR(OYADOCID, KODOCID, SEQ, NEWDATE, USERNAME, VERSIONNO) VALUES(594, 1186, 28, TIMESTAMP '2007-03-30 00:21:13.031', NULL, NULL);
INSERT INTO PUBLIC.DOCSTR(OYADOCID, KODOCID, SEQ, NEWDATE, USERNAME, VERSIONNO) VALUES(594, 1187, 29, TIMESTAMP '2007-03-30 00:21:13.078', NULL, NULL);
INSERT INTO PUBLIC.DOCSTR(OYADOCID, KODOCID, SEQ, NEWDATE, USERNAME, VERSIONNO) VALUES(594, 1188, 30, TIMESTAMP '2007-03-30 00:21:13.156', NULL, NULL);
INSERT INTO PUBLIC.DOCSTR(OYADOCID, KODOCID, SEQ, NEWDATE, USERNAME, VERSIONNO) VALUES(1188, 1189, 1, TIMESTAMP '2007-03-30 00:21:13.187', NULL, NULL);
INSERT INTO PUBLIC.DOCSTR(OYADOCID, KODOCID, SEQ, NEWDATE, USERNAME, VERSIONNO) VALUES(1188, 1190, 2, TIMESTAMP '2007-03-30 00:21:13.203', NULL, NULL);
INSERT INTO PUBLIC.DOCSTR(OYADOCID, KODOCID, SEQ, NEWDATE, USERNAME, VERSIONNO) VALUES(1188, 1191, 3, TIMESTAMP '2007-03-30 00:21:13.203', NULL, NULL);
INSERT INTO PUBLIC.DOCSTR(OYADOCID, KODOCID, SEQ, NEWDATE, USERNAME, VERSIONNO) VALUES(1188, 1192, 4, TIMESTAMP '2007-03-30 00:21:13.218', NULL, NULL);
INSERT INTO PUBLIC.DOCSTR(OYADOCID, KODOCID, SEQ, NEWDATE, USERNAME, VERSIONNO) VALUES(1188, 1193, 5, TIMESTAMP '2007-03-30 00:21:13.218', NULL, NULL);
INSERT INTO PUBLIC.DOCSTR(OYADOCID, KODOCID, SEQ, NEWDATE, USERNAME, VERSIONNO) VALUES(1188, 1194, 6, TIMESTAMP '2007-03-30 00:21:13.234', NULL, NULL);
INSERT INTO PUBLIC.DOCSTR(OYADOCID, KODOCID, SEQ, NEWDATE, USERNAME, VERSIONNO) VALUES(1188, 1195, 7, TIMESTAMP '2007-03-30 00:21:13.25', NULL, NULL);
INSERT INTO PUBLIC.DOCSTR(OYADOCID, KODOCID, SEQ, NEWDATE, USERNAME, VERSIONNO) VALUES(1188, 1196, 8, TIMESTAMP '2007-03-30 00:21:13.265', NULL, NULL);
INSERT INTO PUBLIC.DOCSTR(OYADOCID, KODOCID, SEQ, NEWDATE, USERNAME, VERSIONNO) VALUES(1188, 1197, 9, TIMESTAMP '2007-03-30 00:21:13.265', NULL, NULL);
INSERT INTO PUBLIC.DOCSTR(OYADOCID, KODOCID, SEQ, NEWDATE, USERNAME, VERSIONNO) VALUES(1188, 1198, 10, TIMESTAMP '2007-03-30 00:21:13.281', NULL, NULL);
INSERT INTO PUBLIC.DOCSTR(OYADOCID, KODOCID, SEQ, NEWDATE, USERNAME, VERSIONNO) VALUES(1188, 1199, 11, TIMESTAMP '2007-03-30 00:21:13.312', NULL, NULL);
INSERT INTO PUBLIC.DOCSTR(OYADOCID, KODOCID, SEQ, NEWDATE, USERNAME, VERSIONNO) VALUES(1188, 1200, 12, TIMESTAMP '2007-03-30 00:21:13.328', NULL, NULL);
INSERT INTO PUBLIC.DOCSTR(OYADOCID, KODOCID, SEQ, NEWDATE, USERNAME, VERSIONNO) VALUES(1200, 1201, 1, TIMESTAMP '2007-03-30 00:21:13.375', NULL, NULL);
INSERT INTO PUBLIC.DOCSTR(OYADOCID, KODOCID, SEQ, NEWDATE, USERNAME, VERSIONNO) VALUES(1201, 1202, 1, TIMESTAMP '2007-03-30 00:21:13.39', NULL, NULL);
INSERT INTO PUBLIC.DOCSTR(OYADOCID, KODOCID, SEQ, NEWDATE, USERNAME, VERSIONNO) VALUES(1200, 1203, 2, TIMESTAMP '2007-03-30 00:21:13.39', NULL, NULL);
INSERT INTO PUBLIC.DOCSTR(OYADOCID, KODOCID, SEQ, NEWDATE, USERNAME, VERSIONNO) VALUES(1200, 1204, 3, TIMESTAMP '2007-03-30 00:21:13.406', NULL, NULL);
INSERT INTO PUBLIC.DOCSTR(OYADOCID, KODOCID, SEQ, NEWDATE, USERNAME, VERSIONNO) VALUES(1204, 1205, 1, TIMESTAMP '2007-03-30 00:21:13.421', NULL, NULL);
INSERT INTO PUBLIC.DOCSTR(OYADOCID, KODOCID, SEQ, NEWDATE, USERNAME, VERSIONNO) VALUES(1204, 1206, 2, TIMESTAMP '2007-03-30 00:21:13.421', NULL, NULL);
INSERT INTO PUBLIC.DOCSTR(OYADOCID, KODOCID, SEQ, NEWDATE, USERNAME, VERSIONNO) VALUES(1206, 1207, 1, TIMESTAMP '2007-03-30 00:21:13.437', NULL, NULL);
INSERT INTO PUBLIC.DOCSTR(OYADOCID, KODOCID, SEQ, NEWDATE, USERNAME, VERSIONNO) VALUES(1204, 1208, 3, TIMESTAMP '2007-03-30 00:21:13.453', NULL, NULL);
INSERT INTO PUBLIC.DOCSTR(OYADOCID, KODOCID, SEQ, NEWDATE, USERNAME, VERSIONNO) VALUES(1204, 1209, 4, TIMESTAMP '2007-03-30 00:21:13.453', NULL, NULL);
INSERT INTO PUBLIC.DOCSTR(OYADOCID, KODOCID, SEQ, NEWDATE, USERNAME, VERSIONNO) VALUES(1204, 1210, 5, TIMESTAMP '2007-03-30 00:21:13.468', NULL, NULL);
INSERT INTO PUBLIC.DOCSTR(OYADOCID, KODOCID, SEQ, NEWDATE, USERNAME, VERSIONNO) VALUES(1210, 1211, 1, TIMESTAMP '2007-03-30 00:21:13.484', NULL, NULL);
INSERT INTO PUBLIC.DOCSTR(OYADOCID, KODOCID, SEQ, NEWDATE, USERNAME, VERSIONNO) VALUES(1204, 1212, 6, TIMESTAMP '2007-03-30 00:21:13.531', NULL, NULL);
INSERT INTO PUBLIC.DOCSTR(OYADOCID, KODOCID, SEQ, NEWDATE, USERNAME, VERSIONNO) VALUES(1204, 1213, 7, TIMESTAMP '2007-03-30 00:21:13.531', NULL, NULL);
INSERT INTO PUBLIC.DOCSTR(OYADOCID, KODOCID, SEQ, NEWDATE, USERNAME, VERSIONNO) VALUES(1200, 1214, 4, TIMESTAMP '2007-03-30 00:21:13.531', NULL, NULL);
INSERT INTO PUBLIC.DOCSTR(OYADOCID, KODOCID, SEQ, NEWDATE, USERNAME, VERSIONNO) VALUES(1188, 1215, 13, TIMESTAMP '2007-03-30 00:21:13.578', NULL, NULL);
INSERT INTO PUBLIC.DOCSTR(OYADOCID, KODOCID, SEQ, NEWDATE, USERNAME, VERSIONNO) VALUES(1188, 1216, 14, TIMESTAMP '2007-03-30 00:21:13.609', NULL, NULL);
INSERT INTO PUBLIC.DOCSTR(OYADOCID, KODOCID, SEQ, NEWDATE, USERNAME, VERSIONNO) VALUES(1188, 1217, 15, TIMESTAMP '2007-03-30 00:21:13.64', NULL, NULL);
INSERT INTO PUBLIC.DOCSTR(OYADOCID, KODOCID, SEQ, NEWDATE, USERNAME, VERSIONNO) VALUES(1188, 1218, 16, TIMESTAMP '2007-03-30 00:21:13.656', NULL, NULL);
INSERT INTO PUBLIC.DOCSTR(OYADOCID, KODOCID, SEQ, NEWDATE, USERNAME, VERSIONNO) VALUES(1188, 1219, 17, TIMESTAMP '2007-03-30 00:21:13.671', NULL, NULL);
INSERT INTO PUBLIC.DOCSTR(OYADOCID, KODOCID, SEQ, NEWDATE, USERNAME, VERSIONNO) VALUES(1188, 1220, 18, TIMESTAMP '2007-03-30 00:21:13.703', NULL, NULL);
INSERT INTO PUBLIC.DOCSTR(OYADOCID, KODOCID, SEQ, NEWDATE, USERNAME, VERSIONNO) VALUES(1220, 1221, 1, TIMESTAMP '2007-03-30 00:21:13.734', NULL, NULL);
INSERT INTO PUBLIC.DOCSTR(OYADOCID, KODOCID, SEQ, NEWDATE, USERNAME, VERSIONNO) VALUES(1220, 1222, 2, TIMESTAMP '2007-03-30 00:21:13.734', NULL, NULL);
INSERT INTO PUBLIC.DOCSTR(OYADOCID, KODOCID, SEQ, NEWDATE, USERNAME, VERSIONNO) VALUES(1188, 1223, 19, TIMESTAMP '2007-03-30 00:21:13.75', NULL, NULL);
INSERT INTO PUBLIC.DOCSTR(OYADOCID, KODOCID, SEQ, NEWDATE, USERNAME, VERSIONNO) VALUES(1188, 1224, 20, TIMESTAMP '2007-03-30 00:21:13.781', NULL, NULL);
INSERT INTO PUBLIC.DOCSTR(OYADOCID, KODOCID, SEQ, NEWDATE, USERNAME, VERSIONNO) VALUES(1188, 1225, 21, TIMESTAMP '2007-03-30 00:21:13.796', NULL, NULL);
INSERT INTO PUBLIC.DOCSTR(OYADOCID, KODOCID, SEQ, NEWDATE, USERNAME, VERSIONNO) VALUES(1188, 1226, 22, TIMESTAMP '2007-03-30 00:21:13.843', NULL, NULL);
INSERT INTO PUBLIC.DOCSTR(OYADOCID, KODOCID, SEQ, NEWDATE, USERNAME, VERSIONNO) VALUES(1188, 1227, 23, TIMESTAMP '2007-03-30 00:21:13.859', NULL, NULL);
INSERT INTO PUBLIC.DOCSTR(OYADOCID, KODOCID, SEQ, NEWDATE, USERNAME, VERSIONNO) VALUES(1227, 1228, 1, TIMESTAMP '2007-03-30 00:21:13.921', NULL, NULL);
INSERT INTO PUBLIC.DOCSTR(OYADOCID, KODOCID, SEQ, NEWDATE, USERNAME, VERSIONNO) VALUES(1227, 1229, 2, TIMESTAMP '2007-03-30 00:21:13.921', NULL, NULL);
INSERT INTO PUBLIC.DOCSTR(OYADOCID, KODOCID, SEQ, NEWDATE, USERNAME, VERSIONNO) VALUES(1188, 1230, 24, TIMESTAMP '2007-03-30 00:21:13.937', NULL, NULL);
INSERT INTO PUBLIC.DOCSTR(OYADOCID, KODOCID, SEQ, NEWDATE, USERNAME, VERSIONNO) VALUES(1188, 1231, 25, TIMESTAMP '2007-03-30 00:21:13.984', NULL, NULL);
INSERT INTO PUBLIC.DOCSTR(OYADOCID, KODOCID, SEQ, NEWDATE, USERNAME, VERSIONNO) VALUES(1188, 1232, 26, TIMESTAMP '2007-03-30 00:21:14.015', NULL, NULL);
INSERT INTO PUBLIC.DOCSTR(OYADOCID, KODOCID, SEQ, NEWDATE, USERNAME, VERSIONNO) VALUES(1188, 1233, 27, TIMESTAMP '2007-03-30 00:21:14.046', NULL, NULL);
INSERT INTO PUBLIC.DOCSTR(OYADOCID, KODOCID, SEQ, NEWDATE, USERNAME, VERSIONNO) VALUES(1188, 1234, 28, TIMESTAMP '2007-03-30 00:21:14.078', NULL, NULL);
INSERT INTO PUBLIC.DOCSTR(OYADOCID, KODOCID, SEQ, NEWDATE, USERNAME, VERSIONNO) VALUES(1188, 1235, 29, TIMESTAMP '2007-03-30 00:21:14.109', NULL, NULL);
INSERT INTO PUBLIC.DOCSTR(OYADOCID, KODOCID, SEQ, NEWDATE, USERNAME, VERSIONNO) VALUES(1188, 1236, 30, TIMESTAMP '2007-03-30 00:21:14.156', NULL, NULL);
INSERT INTO PUBLIC.DOCSTR(OYADOCID, KODOCID, SEQ, NEWDATE, USERNAME, VERSIONNO) VALUES(1236, 1237, 1, TIMESTAMP '2007-03-30 00:21:14.203', NULL, NULL);
INSERT INTO PUBLIC.DOCSTR(OYADOCID, KODOCID, SEQ, NEWDATE, USERNAME, VERSIONNO) VALUES(1236, 1238, 2, TIMESTAMP '2007-03-30 00:21:14.203', NULL, NULL);
INSERT INTO PUBLIC.DOCSTR(OYADOCID, KODOCID, SEQ, NEWDATE, USERNAME, VERSIONNO) VALUES(1236, 1239, 3, TIMESTAMP '2007-03-30 00:21:14.218', NULL, NULL);
INSERT INTO PUBLIC.DOCSTR(OYADOCID, KODOCID, SEQ, NEWDATE, USERNAME, VERSIONNO) VALUES(1236, 1240, 4, TIMESTAMP '2007-03-30 00:21:14.234', NULL, NULL);
INSERT INTO PUBLIC.DOCSTR(OYADOCID, KODOCID, SEQ, NEWDATE, USERNAME, VERSIONNO) VALUES(1188, 1241, 31, TIMESTAMP '2007-03-30 00:21:14.234', NULL, NULL);
INSERT INTO PUBLIC.DOCSTR(OYADOCID, KODOCID, SEQ, NEWDATE, USERNAME, VERSIONNO) VALUES(1188, 1242, 32, TIMESTAMP '2007-03-30 00:21:14.312', NULL, NULL);
INSERT INTO PUBLIC.DOCSTR(OYADOCID, KODOCID, SEQ, NEWDATE, USERNAME, VERSIONNO) VALUES(1188, 1243, 33, TIMESTAMP '2007-03-30 00:21:14.359', NULL, NULL);
INSERT INTO PUBLIC.DOCSTR(OYADOCID, KODOCID, SEQ, NEWDATE, USERNAME, VERSIONNO) VALUES(1188, 1244, 34, TIMESTAMP '2007-03-30 00:21:14.406', NULL, NULL);
INSERT INTO PUBLIC.DOCSTR(OYADOCID, KODOCID, SEQ, NEWDATE, USERNAME, VERSIONNO) VALUES(1188, 1245, 35, TIMESTAMP '2007-03-30 00:21:14.453', NULL, NULL);
INSERT INTO PUBLIC.DOCSTR(OYADOCID, KODOCID, SEQ, NEWDATE, USERNAME, VERSIONNO) VALUES(1188, 1246, 36, TIMESTAMP '2007-03-30 00:21:14.5', NULL, NULL);
INSERT INTO PUBLIC.DOCSTR(OYADOCID, KODOCID, SEQ, NEWDATE, USERNAME, VERSIONNO) VALUES(1188, 1247, 37, TIMESTAMP '2007-03-30 00:21:14.562', NULL, NULL);
INSERT INTO PUBLIC.DOCSTR(OYADOCID, KODOCID, SEQ, NEWDATE, USERNAME, VERSIONNO) VALUES(1247, 1248, 1, TIMESTAMP '2007-03-30 00:21:14.609', NULL, NULL);
INSERT INTO PUBLIC.DOCSTR(OYADOCID, KODOCID, SEQ, NEWDATE, USERNAME, VERSIONNO) VALUES(1248, 1249, 1, TIMESTAMP '2007-03-30 00:21:14.609', NULL, NULL);
INSERT INTO PUBLIC.DOCSTR(OYADOCID, KODOCID, SEQ, NEWDATE, USERNAME, VERSIONNO) VALUES(1248, 1250, 2, TIMESTAMP '2007-03-30 00:21:14.625', NULL, NULL);
INSERT INTO PUBLIC.DOCSTR(OYADOCID, KODOCID, SEQ, NEWDATE, USERNAME, VERSIONNO) VALUES(1248, 1251, 3, TIMESTAMP '2007-03-30 00:21:14.64', NULL, NULL);
INSERT INTO PUBLIC.DOCSTR(OYADOCID, KODOCID, SEQ, NEWDATE, USERNAME, VERSIONNO) VALUES(1248, 1252, 4, TIMESTAMP '2007-03-30 00:21:14.64', NULL, NULL);
INSERT INTO PUBLIC.DOCSTR(OYADOCID, KODOCID, SEQ, NEWDATE, USERNAME, VERSIONNO) VALUES(1248, 1253, 5, TIMESTAMP '2007-03-30 00:21:14.656', NULL, NULL);
INSERT INTO PUBLIC.DOCSTR(OYADOCID, KODOCID, SEQ, NEWDATE, USERNAME, VERSIONNO) VALUES(1248, 1254, 6, TIMESTAMP '2007-03-30 00:21:14.703', NULL, NULL);
INSERT INTO PUBLIC.DOCSTR(OYADOCID, KODOCID, SEQ, NEWDATE, USERNAME, VERSIONNO) VALUES(1247, 1255, 2, TIMESTAMP '2007-03-30 00:21:14.703', NULL, NULL);
INSERT INTO PUBLIC.DOCSTR(OYADOCID, KODOCID, SEQ, NEWDATE, USERNAME, VERSIONNO) VALUES(1247, 1256, 3, TIMESTAMP '2007-03-30 00:21:14.703', NULL, NULL);
INSERT INTO PUBLIC.DOCSTR(OYADOCID, KODOCID, SEQ, NEWDATE, USERNAME, VERSIONNO) VALUES(1188, 1257, 38, TIMESTAMP '2007-03-30 00:21:14.718', NULL, NULL);
INSERT INTO PUBLIC.DOCSTR(OYADOCID, KODOCID, SEQ, NEWDATE, USERNAME, VERSIONNO) VALUES(1188, 1258, 39, TIMESTAMP '2007-03-30 00:21:14.812', NULL, NULL);
INSERT INTO PUBLIC.DOCSTR(OYADOCID, KODOCID, SEQ, NEWDATE, USERNAME, VERSIONNO) VALUES(1188, 1259, 40, TIMESTAMP '2007-03-30 00:21:14.875', NULL, NULL);
INSERT INTO PUBLIC.DOCSTR(OYADOCID, KODOCID, SEQ, NEWDATE, USERNAME, VERSIONNO) VALUES(1188, 1260, 41, TIMESTAMP '2007-03-30 00:21:14.921', NULL, NULL);
INSERT INTO PUBLIC.DOCSTR(OYADOCID, KODOCID, SEQ, NEWDATE, USERNAME, VERSIONNO) VALUES(1188, 1261, 42, TIMESTAMP '2007-03-30 00:21:14.968', NULL, NULL);
INSERT INTO PUBLIC.DOCSTR(OYADOCID, KODOCID, SEQ, NEWDATE, USERNAME, VERSIONNO) VALUES(1188, 1262, 43, TIMESTAMP '2007-03-30 00:21:15.015', NULL, NULL);
INSERT INTO PUBLIC.DOCSTR(OYADOCID, KODOCID, SEQ, NEWDATE, USERNAME, VERSIONNO) VALUES(1188, 1263, 44, TIMESTAMP '2007-03-30 00:21:15.062', NULL, NULL);
INSERT INTO PUBLIC.DOCSTR(OYADOCID, KODOCID, SEQ, NEWDATE, USERNAME, VERSIONNO) VALUES(1263, 1264, 1, TIMESTAMP '2007-03-30 00:21:15.109', NULL, NULL);
INSERT INTO PUBLIC.DOCSTR(OYADOCID, KODOCID, SEQ, NEWDATE, USERNAME, VERSIONNO) VALUES(1264, 1265, 1, TIMESTAMP '2007-03-30 00:21:15.125', NULL, NULL);
INSERT INTO PUBLIC.DOCSTR(OYADOCID, KODOCID, SEQ, NEWDATE, USERNAME, VERSIONNO) VALUES(1264, 1266, 2, TIMESTAMP '2007-03-30 00:21:15.125', NULL, NULL);
INSERT INTO PUBLIC.DOCSTR(OYADOCID, KODOCID, SEQ, NEWDATE, USERNAME, VERSIONNO) VALUES(1263, 1267, 2, TIMESTAMP '2007-03-30 00:21:15.14', NULL, NULL);
INSERT INTO PUBLIC.DOCSTR(OYADOCID, KODOCID, SEQ, NEWDATE, USERNAME, VERSIONNO) VALUES(1263, 1268, 3, TIMESTAMP '2007-03-30 00:21:15.156', NULL, NULL);
INSERT INTO PUBLIC.DOCSTR(OYADOCID, KODOCID, SEQ, NEWDATE, USERNAME, VERSIONNO) VALUES(1188, 1269, 45, TIMESTAMP '2007-03-30 00:21:15.156', NULL, NULL);
INSERT INTO PUBLIC.DOCSTR(OYADOCID, KODOCID, SEQ, NEWDATE, USERNAME, VERSIONNO) VALUES(1188, 1270, 46, TIMESTAMP '2007-03-30 00:21:15.234', NULL, NULL);
INSERT INTO PUBLIC.DOCSTR(OYADOCID, KODOCID, SEQ, NEWDATE, USERNAME, VERSIONNO) VALUES(1188, 1271, 47, TIMESTAMP '2007-03-30 00:21:15.296', NULL, NULL);
INSERT INTO PUBLIC.DOCSTR(OYADOCID, KODOCID, SEQ, NEWDATE, USERNAME, VERSIONNO) VALUES(1188, 1272, 48, TIMESTAMP '2007-03-30 00:21:15.343', NULL, NULL);
INSERT INTO PUBLIC.DOCSTR(OYADOCID, KODOCID, SEQ, NEWDATE, USERNAME, VERSIONNO) VALUES(1188, 1273, 49, TIMESTAMP '2007-03-30 00:21:15.406', NULL, NULL);
INSERT INTO PUBLIC.DOCSTR(OYADOCID, KODOCID, SEQ, NEWDATE, USERNAME, VERSIONNO) VALUES(1188, 1274, 50, TIMESTAMP '2007-03-30 00:21:15.453', NULL, NULL);
INSERT INTO PUBLIC.DOCSTR(OYADOCID, KODOCID, SEQ, NEWDATE, USERNAME, VERSIONNO) VALUES(1188, 1275, 51, TIMESTAMP '2007-03-30 00:21:15.515', NULL, NULL);
INSERT INTO PUBLIC.DOCSTR(OYADOCID, KODOCID, SEQ, NEWDATE, USERNAME, VERSIONNO) VALUES(1275, 1276, 1, TIMESTAMP '2007-03-30 00:21:15.578', NULL, NULL);
INSERT INTO PUBLIC.DOCSTR(OYADOCID, KODOCID, SEQ, NEWDATE, USERNAME, VERSIONNO) VALUES(1276, 1277, 1, TIMESTAMP '2007-03-30 00:21:15.578', NULL, NULL);
INSERT INTO PUBLIC.DOCSTR(OYADOCID, KODOCID, SEQ, NEWDATE, USERNAME, VERSIONNO) VALUES(1276, 1278, 2, TIMESTAMP '2007-03-30 00:21:15.578', NULL, NULL);
INSERT INTO PUBLIC.DOCSTR(OYADOCID, KODOCID, SEQ, NEWDATE, USERNAME, VERSIONNO) VALUES(1276, 1279, 3, TIMESTAMP '2007-03-30 00:21:15.593', NULL, NULL);
INSERT INTO PUBLIC.DOCSTR(OYADOCID, KODOCID, SEQ, NEWDATE, USERNAME, VERSIONNO) VALUES(1276, 1280, 4, TIMESTAMP '2007-03-30 00:21:15.593', NULL, NULL);
INSERT INTO PUBLIC.DOCSTR(OYADOCID, KODOCID, SEQ, NEWDATE, USERNAME, VERSIONNO) VALUES(1276, 1281, 5, TIMESTAMP '2007-03-30 00:21:15.609', NULL, NULL);
INSERT INTO PUBLIC.DOCSTR(OYADOCID, KODOCID, SEQ, NEWDATE, USERNAME, VERSIONNO) VALUES(1276, 1282, 6, TIMESTAMP '2007-03-30 00:21:15.625', NULL, NULL);
INSERT INTO PUBLIC.DOCSTR(OYADOCID, KODOCID, SEQ, NEWDATE, USERNAME, VERSIONNO) VALUES(1282, 1283, 1, TIMESTAMP '2007-03-30 00:21:15.625', NULL, NULL);
INSERT INTO PUBLIC.DOCSTR(OYADOCID, KODOCID, SEQ, NEWDATE, USERNAME, VERSIONNO) VALUES(1283, 1284, 1, TIMESTAMP '2007-03-30 00:21:15.625', NULL, NULL);
INSERT INTO PUBLIC.DOCSTR(OYADOCID, KODOCID, SEQ, NEWDATE, USERNAME, VERSIONNO) VALUES(1284, 1285, 1, TIMESTAMP '2007-03-30 00:21:15.64', NULL, NULL);
INSERT INTO PUBLIC.DOCSTR(OYADOCID, KODOCID, SEQ, NEWDATE, USERNAME, VERSIONNO) VALUES(1285, 1286, 1, TIMESTAMP '2007-03-30 00:21:15.64', NULL, NULL);
INSERT INTO PUBLIC.DOCSTR(OYADOCID, KODOCID, SEQ, NEWDATE, USERNAME, VERSIONNO) VALUES(1284, 1287, 2, TIMESTAMP '2007-03-30 00:21:15.656', NULL, NULL);
INSERT INTO PUBLIC.DOCSTR(OYADOCID, KODOCID, SEQ, NEWDATE, USERNAME, VERSIONNO) VALUES(1283, 1288, 2, TIMESTAMP '2007-03-30 00:21:15.656', NULL, NULL);
INSERT INTO PUBLIC.DOCSTR(OYADOCID, KODOCID, SEQ, NEWDATE, USERNAME, VERSIONNO) VALUES(1288, 1289, 1, TIMESTAMP '2007-03-30 00:21:15.656', NULL, NULL);
INSERT INTO PUBLIC.DOCSTR(OYADOCID, KODOCID, SEQ, NEWDATE, USERNAME, VERSIONNO) VALUES(1283, 1290, 3, TIMESTAMP '2007-03-30 00:21:15.687', NULL, NULL);
INSERT INTO PUBLIC.DOCSTR(OYADOCID, KODOCID, SEQ, NEWDATE, USERNAME, VERSIONNO) VALUES(1282, 1291, 2, TIMESTAMP '2007-03-30 00:21:15.703', NULL, NULL);
INSERT INTO PUBLIC.DOCSTR(OYADOCID, KODOCID, SEQ, NEWDATE, USERNAME, VERSIONNO) VALUES(1276, 1292, 7, TIMESTAMP '2007-03-30 00:21:15.703', NULL, NULL);
INSERT INTO PUBLIC.DOCSTR(OYADOCID, KODOCID, SEQ, NEWDATE, USERNAME, VERSIONNO) VALUES(1276, 1293, 8, TIMESTAMP '2007-03-30 00:21:15.718', NULL, NULL);
INSERT INTO PUBLIC.DOCSTR(OYADOCID, KODOCID, SEQ, NEWDATE, USERNAME, VERSIONNO) VALUES(1276, 1294, 9, TIMESTAMP '2007-03-30 00:21:15.765', NULL, NULL);
INSERT INTO PUBLIC.DOCSTR(OYADOCID, KODOCID, SEQ, NEWDATE, USERNAME, VERSIONNO) VALUES(1294, 1295, 1, TIMESTAMP '2007-03-30 00:21:15.765', NULL, NULL);
INSERT INTO PUBLIC.DOCSTR(OYADOCID, KODOCID, SEQ, NEWDATE, USERNAME, VERSIONNO) VALUES(1276, 1296, 10, TIMESTAMP '2007-03-30 00:21:15.765', NULL, NULL);
INSERT INTO PUBLIC.DOCSTR(OYADOCID, KODOCID, SEQ, NEWDATE, USERNAME, VERSIONNO) VALUES(1275, 1297, 2, TIMESTAMP '2007-03-30 00:21:15.781', NULL, NULL);
INSERT INTO PUBLIC.DOCSTR(OYADOCID, KODOCID, SEQ, NEWDATE, USERNAME, VERSIONNO) VALUES(1275, 1298, 3, TIMESTAMP '2007-03-30 00:21:15.828', NULL, NULL);
INSERT INTO PUBLIC.DOCSTR(OYADOCID, KODOCID, SEQ, NEWDATE, USERNAME, VERSIONNO) VALUES(1188, 1299, 52, TIMESTAMP '2007-03-30 00:21:15.843', NULL, NULL);
INSERT INTO PUBLIC.DOCSTR(OYADOCID, KODOCID, SEQ, NEWDATE, USERNAME, VERSIONNO) VALUES(1188, 1300, 53, TIMESTAMP '2007-03-30 00:21:15.89', NULL, NULL);
INSERT INTO PUBLIC.DOCSTR(OYADOCID, KODOCID, SEQ, NEWDATE, USERNAME, VERSIONNO) VALUES(1188, 1301, 54, TIMESTAMP '2007-03-30 00:21:15.953', NULL, NULL);
INSERT INTO PUBLIC.DOCSTR(OYADOCID, KODOCID, SEQ, NEWDATE, USERNAME, VERSIONNO) VALUES(1188, 1302, 55, TIMESTAMP '2007-03-30 00:21:16.015', NULL, NULL);
INSERT INTO PUBLIC.DOCSTR(OYADOCID, KODOCID, SEQ, NEWDATE, USERNAME, VERSIONNO) VALUES(1188, 1303, 56, TIMESTAMP '2007-03-30 00:21:16.078', NULL, NULL);
INSERT INTO PUBLIC.DOCSTR(OYADOCID, KODOCID, SEQ, NEWDATE, USERNAME, VERSIONNO) VALUES(1188, 1304, 57, TIMESTAMP '2007-03-30 00:21:16.14', NULL, NULL);
INSERT INTO PUBLIC.DOCSTR(OYADOCID, KODOCID, SEQ, NEWDATE, USERNAME, VERSIONNO) VALUES(1304, 1305, 1, TIMESTAMP '2007-03-30 00:21:16.203', NULL, NULL);
INSERT INTO PUBLIC.DOCSTR(OYADOCID, KODOCID, SEQ, NEWDATE, USERNAME, VERSIONNO) VALUES(1304, 1306, 2, TIMESTAMP '2007-03-30 00:21:16.218', NULL, NULL);
INSERT INTO PUBLIC.DOCSTR(OYADOCID, KODOCID, SEQ, NEWDATE, USERNAME, VERSIONNO) VALUES(1304, 1307, 3, TIMESTAMP '2007-03-30 00:21:16.218', NULL, NULL);
INSERT INTO PUBLIC.DOCSTR(OYADOCID, KODOCID, SEQ, NEWDATE, USERNAME, VERSIONNO) VALUES(1307, 1308, 1, TIMESTAMP '2007-03-30 00:21:16.234', NULL, NULL);
INSERT INTO PUBLIC.DOCSTR(OYADOCID, KODOCID, SEQ, NEWDATE, USERNAME, VERSIONNO) VALUES(82, 2815, 8, TIMESTAMP '2007-04-29 09:12:32.25', STRINGDECODE('\u591a\u3005\u826f\u7d14'), NULL);
INSERT INTO PUBLIC.DOCSTR(OYADOCID, KODOCID, SEQ, NEWDATE, USERNAME, VERSIONNO) VALUES(2815, 2816, 1, TIMESTAMP '2007-04-29 09:12:39.015', STRINGDECODE('\u591a\u3005\u826f\u7d14'), NULL);
INSERT INTO PUBLIC.DOCSTR(OYADOCID, KODOCID, SEQ, NEWDATE, USERNAME, VERSIONNO) VALUES(2815, 2817, 2, TIMESTAMP '2007-04-29 09:12:39.031', STRINGDECODE('\u591a\u3005\u826f\u7d14'), NULL);
INSERT INTO PUBLIC.DOCSTR(OYADOCID, KODOCID, SEQ, NEWDATE, USERNAME, VERSIONNO) VALUES(2817, 2818, 1, TIMESTAMP '2007-04-29 09:12:39.046', STRINGDECODE('\u591a\u3005\u826f\u7d14'), NULL);
INSERT INTO PUBLIC.DOCSTR(OYADOCID, KODOCID, SEQ, NEWDATE, USERNAME, VERSIONNO) VALUES(2815, 2819, 3, TIMESTAMP '2007-04-29 09:12:39.078', STRINGDECODE('\u591a\u3005\u826f\u7d14'), NULL);
INSERT INTO PUBLIC.DOCSTR(OYADOCID, KODOCID, SEQ, NEWDATE, USERNAME, VERSIONNO) VALUES(2819, 2820, 1, TIMESTAMP '2007-04-29 09:12:39.093', STRINGDECODE('\u591a\u3005\u826f\u7d14'), NULL);
INSERT INTO PUBLIC.DOCSTR(OYADOCID, KODOCID, SEQ, NEWDATE, USERNAME, VERSIONNO) VALUES(2820, 2821, 1, TIMESTAMP '2007-04-29 09:12:39.093', STRINGDECODE('\u591a\u3005\u826f\u7d14'), NULL);
INSERT INTO PUBLIC.DOCSTR(OYADOCID, KODOCID, SEQ, NEWDATE, USERNAME, VERSIONNO) VALUES(2820, 2822, 2, TIMESTAMP '2007-04-29 09:12:39.125', STRINGDECODE('\u591a\u3005\u826f\u7d14'), NULL);
INSERT INTO PUBLIC.DOCSTR(OYADOCID, KODOCID, SEQ, NEWDATE, USERNAME, VERSIONNO) VALUES(2820, 2823, 3, TIMESTAMP '2007-04-29 09:12:39.14', STRINGDECODE('\u591a\u3005\u826f\u7d14'), NULL);
INSERT INTO PUBLIC.DOCSTR(OYADOCID, KODOCID, SEQ, NEWDATE, USERNAME, VERSIONNO) VALUES(2820, 2824, 4, TIMESTAMP '2007-04-29 09:12:39.14', STRINGDECODE('\u591a\u3005\u826f\u7d14'), NULL);
INSERT INTO PUBLIC.DOCSTR(OYADOCID, KODOCID, SEQ, NEWDATE, USERNAME, VERSIONNO) VALUES(2820, 2825, 5, TIMESTAMP '2007-04-29 09:12:39.171', STRINGDECODE('\u591a\u3005\u826f\u7d14'), NULL);
INSERT INTO PUBLIC.DOCSTR(OYADOCID, KODOCID, SEQ, NEWDATE, USERNAME, VERSIONNO) VALUES(2820, 2826, 6, TIMESTAMP '2007-04-29 09:12:39.187', STRINGDECODE('\u591a\u3005\u826f\u7d14'), NULL);
INSERT INTO PUBLIC.DOCSTR(OYADOCID, KODOCID, SEQ, NEWDATE, USERNAME, VERSIONNO) VALUES(2820, 2827, 7, TIMESTAMP '2007-04-29 09:12:39.203', STRINGDECODE('\u591a\u3005\u826f\u7d14'), NULL);
INSERT INTO PUBLIC.DOCSTR(OYADOCID, KODOCID, SEQ, NEWDATE, USERNAME, VERSIONNO) VALUES(2820, 2828, 8, TIMESTAMP '2007-04-29 09:12:39.218', STRINGDECODE('\u591a\u3005\u826f\u7d14'), NULL);
INSERT INTO PUBLIC.DOCSTR(OYADOCID, KODOCID, SEQ, NEWDATE, USERNAME, VERSIONNO) VALUES(2820, 2829, 9, TIMESTAMP '2007-04-29 09:12:39.218', STRINGDECODE('\u591a\u3005\u826f\u7d14'), NULL);
INSERT INTO PUBLIC.DOCSTR(OYADOCID, KODOCID, SEQ, NEWDATE, USERNAME, VERSIONNO) VALUES(2820, 2830, 10, TIMESTAMP '2007-04-29 09:12:39.234', STRINGDECODE('\u591a\u3005\u826f\u7d14'), NULL);
INSERT INTO PUBLIC.DOCSTR(OYADOCID, KODOCID, SEQ, NEWDATE, USERNAME, VERSIONNO) VALUES(2820, 2831, 11, TIMESTAMP '2007-04-29 09:12:39.234', STRINGDECODE('\u591a\u3005\u826f\u7d14'), NULL);
INSERT INTO PUBLIC.DOCSTR(OYADOCID, KODOCID, SEQ, NEWDATE, USERNAME, VERSIONNO) VALUES(2820, 2832, 12, TIMESTAMP '2007-04-29 09:12:39.25', STRINGDECODE('\u591a\u3005\u826f\u7d14'), NULL);
INSERT INTO PUBLIC.DOCSTR(OYADOCID, KODOCID, SEQ, NEWDATE, USERNAME, VERSIONNO) VALUES(2820, 2833, 13, TIMESTAMP '2007-04-29 09:12:39.281', STRINGDECODE('\u591a\u3005\u826f\u7d14'), NULL);
INSERT INTO PUBLIC.DOCSTR(OYADOCID, KODOCID, SEQ, NEWDATE, USERNAME, VERSIONNO) VALUES(2820, 2834, 14, TIMESTAMP '2007-04-29 09:12:39.296', STRINGDECODE('\u591a\u3005\u826f\u7d14'), NULL);
INSERT INTO PUBLIC.DOCSTR(OYADOCID, KODOCID, SEQ, NEWDATE, USERNAME, VERSIONNO) VALUES(2815, 2835, 4, TIMESTAMP '2007-04-29 09:12:39.296', STRINGDECODE('\u591a\u3005\u826f\u7d14'), NULL);
INSERT INTO PUBLIC.DOCSTR(OYADOCID, KODOCID, SEQ, NEWDATE, USERNAME, VERSIONNO) VALUES(2835, 2836, 1, TIMESTAMP '2007-04-29 09:12:39.312', STRINGDECODE('\u591a\u3005\u826f\u7d14'), NULL);
INSERT INTO PUBLIC.DOCSTR(OYADOCID, KODOCID, SEQ, NEWDATE, USERNAME, VERSIONNO) VALUES(2836, 2837, 1, TIMESTAMP '2007-04-29 09:12:39.328', STRINGDECODE('\u591a\u3005\u826f\u7d14'), NULL);
INSERT INTO PUBLIC.DOCSTR(OYADOCID, KODOCID, SEQ, NEWDATE, USERNAME, VERSIONNO) VALUES(2836, 2838, 2, TIMESTAMP '2007-04-29 09:12:39.328', STRINGDECODE('\u591a\u3005\u826f\u7d14'), NULL);
INSERT INTO PUBLIC.DOCSTR(OYADOCID, KODOCID, SEQ, NEWDATE, USERNAME, VERSIONNO) VALUES(2836, 2839, 3, TIMESTAMP '2007-04-29 09:12:39.343', STRINGDECODE('\u591a\u3005\u826f\u7d14'), NULL);
INSERT INTO PUBLIC.DOCSTR(OYADOCID, KODOCID, SEQ, NEWDATE, USERNAME, VERSIONNO) VALUES(2836, 2840, 4, TIMESTAMP '2007-04-29 09:12:39.359', STRINGDECODE('\u591a\u3005\u826f\u7d14'), NULL);
INSERT INTO PUBLIC.DOCSTR(OYADOCID, KODOCID, SEQ, NEWDATE, USERNAME, VERSIONNO) VALUES(2836, 2841, 5, TIMESTAMP '2007-04-29 09:12:39.359', STRINGDECODE('\u591a\u3005\u826f\u7d14'), NULL);
INSERT INTO PUBLIC.DOCSTR(OYADOCID, KODOCID, SEQ, NEWDATE, USERNAME, VERSIONNO) VALUES(2835, 2842, 2, TIMESTAMP '2007-04-29 09:12:39.39', STRINGDECODE('\u591a\u3005\u826f\u7d14'), NULL);
INSERT INTO PUBLIC.DOCSTR(OYADOCID, KODOCID, SEQ, NEWDATE, USERNAME, VERSIONNO) VALUES(2842, 2843, 1, TIMESTAMP '2007-04-29 09:12:39.39', STRINGDECODE('\u591a\u3005\u826f\u7d14'), NULL);
INSERT INTO PUBLIC.DOCSTR(OYADOCID, KODOCID, SEQ, NEWDATE, USERNAME, VERSIONNO) VALUES(2842, 2844, 2, TIMESTAMP '2007-04-29 09:12:39.406', STRINGDECODE('\u591a\u3005\u826f\u7d14'), NULL);
INSERT INTO PUBLIC.DOCSTR(OYADOCID, KODOCID, SEQ, NEWDATE, USERNAME, VERSIONNO) VALUES(2842, 2845, 3, TIMESTAMP '2007-04-29 09:12:39.421', STRINGDECODE('\u591a\u3005\u826f\u7d14'), NULL);
INSERT INTO PUBLIC.DOCSTR(OYADOCID, KODOCID, SEQ, NEWDATE, USERNAME, VERSIONNO) VALUES(2845, 2846, 1, TIMESTAMP '2007-04-29 09:12:39.437', STRINGDECODE('\u591a\u3005\u826f\u7d14'), NULL);
INSERT INTO PUBLIC.DOCSTR(OYADOCID, KODOCID, SEQ, NEWDATE, USERNAME, VERSIONNO) VALUES(2845, 2847, 2, TIMESTAMP '2007-04-29 09:12:39.437', STRINGDECODE('\u591a\u3005\u826f\u7d14'), NULL);
INSERT INTO PUBLIC.DOCSTR(OYADOCID, KODOCID, SEQ, NEWDATE, USERNAME, VERSIONNO) VALUES(2845, 2848, 3, TIMESTAMP '2007-04-29 09:12:39.453', STRINGDECODE('\u591a\u3005\u826f\u7d14'), NULL);
INSERT INTO PUBLIC.DOCSTR(OYADOCID, KODOCID, SEQ, NEWDATE, USERNAME, VERSIONNO) VALUES(2845, 2849, 4, TIMESTAMP '2007-04-29 09:12:39.453', STRINGDECODE('\u591a\u3005\u826f\u7d14'), NULL);
INSERT INTO PUBLIC.DOCSTR(OYADOCID, KODOCID, SEQ, NEWDATE, USERNAME, VERSIONNO) VALUES(2845, 2850, 5, TIMESTAMP '2007-04-29 09:12:39.468', STRINGDECODE('\u591a\u3005\u826f\u7d14'), NULL);
INSERT INTO PUBLIC.DOCSTR(OYADOCID, KODOCID, SEQ, NEWDATE, USERNAME, VERSIONNO) VALUES(2845, 2851, 6, TIMESTAMP '2007-04-29 09:12:39.484', STRINGDECODE('\u591a\u3005\u826f\u7d14'), NULL);
INSERT INTO PUBLIC.DOCSTR(OYADOCID, KODOCID, SEQ, NEWDATE, USERNAME, VERSIONNO) VALUES(2845, 2852, 7, TIMESTAMP '2007-04-29 09:12:39.484', STRINGDECODE('\u591a\u3005\u826f\u7d14'), NULL);
INSERT INTO PUBLIC.DOCSTR(OYADOCID, KODOCID, SEQ, NEWDATE, USERNAME, VERSIONNO) VALUES(125, 134, 10, TIMESTAMP '2006-12-14 11:52:04.0', STRINGDECODE('\u30de\u30c3\u30ae\u30fc'), NULL);
INSERT INTO PUBLIC.DOCSTR(OYADOCID, KODOCID, SEQ, NEWDATE, USERNAME, VERSIONNO) VALUES(125, 135, 20, TIMESTAMP '2006-12-14 11:52:14.0', STRINGDECODE('\u30de\u30c3\u30ae\u30fc'), NULL);
INSERT INTO PUBLIC.DOCSTR(OYADOCID, KODOCID, SEQ, NEWDATE, USERNAME, VERSIONNO) VALUES(125, 136, 30, TIMESTAMP '2006-12-14 11:52:24.0', STRINGDECODE('\u30de\u30c3\u30ae\u30fc'), NULL);
INSERT INTO PUBLIC.DOCSTR(OYADOCID, KODOCID, SEQ, NEWDATE, USERNAME, VERSIONNO) VALUES(125, 137, 40, TIMESTAMP '2006-12-14 11:52:33.0', STRINGDECODE('\u30de\u30c3\u30ae\u30fc'), NULL);
INSERT INTO PUBLIC.DOCSTR(OYADOCID, KODOCID, SEQ, NEWDATE, USERNAME, VERSIONNO) VALUES(125, 138, 50, TIMESTAMP '2006-12-14 11:52:46.0', STRINGDECODE('\u30de\u30c3\u30ae\u30fc'), NULL);
INSERT INTO PUBLIC.DOCSTR(OYADOCID, KODOCID, SEQ, NEWDATE, USERNAME, VERSIONNO) VALUES(125, 139, 60, TIMESTAMP '2006-12-14 11:52:55.0', STRINGDECODE('\u30de\u30c3\u30ae\u30fc'), NULL);
INSERT INTO PUBLIC.DOCSTR(OYADOCID, KODOCID, SEQ, NEWDATE, USERNAME, VERSIONNO) VALUES(125, 140, 70, TIMESTAMP '2006-12-14 11:53:02.0', STRINGDECODE('\u30de\u30c3\u30ae\u30fc'), NULL);
INSERT INTO PUBLIC.DOCSTR(OYADOCID, KODOCID, SEQ, NEWDATE, USERNAME, VERSIONNO) VALUES(125, 141, 80, TIMESTAMP '2006-12-14 11:53:11.0', STRINGDECODE('\u30de\u30c3\u30ae\u30fc'), NULL);
INSERT INTO PUBLIC.DOCSTR(OYADOCID, KODOCID, SEQ, NEWDATE, USERNAME, VERSIONNO) VALUES(125, 142, 90, TIMESTAMP '2006-12-14 11:53:20.0', STRINGDECODE('\u30de\u30c3\u30ae\u30fc'), NULL);
INSERT INTO PUBLIC.DOCSTR(OYADOCID, KODOCID, SEQ, NEWDATE, USERNAME, VERSIONNO) VALUES(125, 143, 100, TIMESTAMP '2006-12-14 11:53:27.0', STRINGDECODE('\u30de\u30c3\u30ae\u30fc'), NULL);
INSERT INTO PUBLIC.DOCSTR(OYADOCID, KODOCID, SEQ, NEWDATE, USERNAME, VERSIONNO) VALUES(125, 144, 110, TIMESTAMP '2006-12-14 11:53:36.0', STRINGDECODE('\u30de\u30c3\u30ae\u30fc'), NULL);
INSERT INTO PUBLIC.DOCSTR(OYADOCID, KODOCID, SEQ, NEWDATE, USERNAME, VERSIONNO) VALUES(125, 145, 120, TIMESTAMP '2006-12-14 11:53:44.0', STRINGDECODE('\u30de\u30c3\u30ae\u30fc'), NULL);
INSERT INTO PUBLIC.DOCSTR(OYADOCID, KODOCID, SEQ, NEWDATE, USERNAME, VERSIONNO) VALUES(126, 146, 10, TIMESTAMP '2006-12-14 11:54:19.0', STRINGDECODE('\u30de\u30c3\u30ae\u30fc'), NULL);
INSERT INTO PUBLIC.DOCSTR(OYADOCID, KODOCID, SEQ, NEWDATE, USERNAME, VERSIONNO) VALUES(126, 150, 20, TIMESTAMP '2006-12-14 11:55:16.0', STRINGDECODE('\u30de\u30c3\u30ae\u30fc'), NULL);
INSERT INTO PUBLIC.DOCSTR(OYADOCID, KODOCID, SEQ, NEWDATE, USERNAME, VERSIONNO) VALUES(127, 156, 10, TIMESTAMP '2006-12-14 11:56:44.0', STRINGDECODE('\u30de\u30c3\u30ae\u30fc'), NULL);
INSERT INTO PUBLIC.DOCSTR(OYADOCID, KODOCID, SEQ, NEWDATE, USERNAME, VERSIONNO) VALUES(127, 157, 20, TIMESTAMP '2006-12-14 11:56:53.0', STRINGDECODE('\u30de\u30c3\u30ae\u30fc'), NULL);
INSERT INTO PUBLIC.DOCSTR(OYADOCID, KODOCID, SEQ, NEWDATE, USERNAME, VERSIONNO) VALUES(127, 158, 30, TIMESTAMP '2006-12-14 11:57:09.0', STRINGDECODE('\u30de\u30c3\u30ae\u30fc'), NULL);
INSERT INTO PUBLIC.DOCSTR(OYADOCID, KODOCID, SEQ, NEWDATE, USERNAME, VERSIONNO) VALUES(127, 159, 40, TIMESTAMP '2006-12-14 11:57:21.0', STRINGDECODE('\u30de\u30c3\u30ae\u30fc'), NULL);
INSERT INTO PUBLIC.DOCSTR(OYADOCID, KODOCID, SEQ, NEWDATE, USERNAME, VERSIONNO) VALUES(129, 162, 10, TIMESTAMP '2006-12-14 11:59:00.0', STRINGDECODE('\u30de\u30c3\u30ae\u30fc'), NULL);
INSERT INTO PUBLIC.DOCSTR(OYADOCID, KODOCID, SEQ, NEWDATE, USERNAME, VERSIONNO) VALUES(129, 163, 20, TIMESTAMP '2006-12-14 11:59:09.0', STRINGDECODE('\u30de\u30c3\u30ae\u30fc'), NULL);
INSERT INTO PUBLIC.DOCSTR(OYADOCID, KODOCID, SEQ, NEWDATE, USERNAME, VERSIONNO) VALUES(129, 164, 30, TIMESTAMP '2006-12-14 11:59:18.0', STRINGDECODE('\u30de\u30c3\u30ae\u30fc'), NULL);
INSERT INTO PUBLIC.DOCSTR(OYADOCID, KODOCID, SEQ, NEWDATE, USERNAME, VERSIONNO) VALUES(129, 165, 40, TIMESTAMP '2006-12-14 11:59:28.0', STRINGDECODE('\u30de\u30c3\u30ae\u30fc'), NULL);
INSERT INTO PUBLIC.DOCSTR(OYADOCID, KODOCID, SEQ, NEWDATE, USERNAME, VERSIONNO) VALUES(129, 166, 50, TIMESTAMP '2006-12-14 11:59:36.0', STRINGDECODE('\u30de\u30c3\u30ae\u30fc'), NULL);
INSERT INTO PUBLIC.DOCSTR(OYADOCID, KODOCID, SEQ, NEWDATE, USERNAME, VERSIONNO) VALUES(129, 167, 60, TIMESTAMP '2006-12-14 11:59:44.0', STRINGDECODE('\u30de\u30c3\u30ae\u30fc'), NULL);
INSERT INTO PUBLIC.DOCSTR(OYADOCID, KODOCID, SEQ, NEWDATE, USERNAME, VERSIONNO) VALUES(129, 168, 70, TIMESTAMP '2006-12-14 11:59:53.0', STRINGDECODE('\u30de\u30c3\u30ae\u30fc'), NULL);
INSERT INTO PUBLIC.DOCSTR(OYADOCID, KODOCID, SEQ, NEWDATE, USERNAME, VERSIONNO) VALUES(129, 169, 80, TIMESTAMP '2006-12-14 12:00:03.0', STRINGDECODE('\u30de\u30c3\u30ae\u30fc'), NULL);
INSERT INTO PUBLIC.DOCSTR(OYADOCID, KODOCID, SEQ, NEWDATE, USERNAME, VERSIONNO) VALUES(146, 147, 10, TIMESTAMP '2006-12-14 11:54:30.0', STRINGDECODE('\u30de\u30c3\u30ae\u30fc'), NULL);
INSERT INTO PUBLIC.DOCSTR(OYADOCID, KODOCID, SEQ, NEWDATE, USERNAME, VERSIONNO) VALUES(146, 148, 20, TIMESTAMP '2006-12-14 11:54:43.0', STRINGDECODE('\u30de\u30c3\u30ae\u30fc'), NULL);
INSERT INTO PUBLIC.DOCSTR(OYADOCID, KODOCID, SEQ, NEWDATE, USERNAME, VERSIONNO) VALUES(146, 149, 30, TIMESTAMP '2006-12-14 11:54:55.0', STRINGDECODE('\u30de\u30c3\u30ae\u30fc'), NULL);
INSERT INTO PUBLIC.DOCSTR(OYADOCID, KODOCID, SEQ, NEWDATE, USERNAME, VERSIONNO) VALUES(150, 151, 10, TIMESTAMP '2006-12-14 11:55:36.0', STRINGDECODE('\u30de\u30c3\u30ae\u30fc'), NULL);
INSERT INTO PUBLIC.DOCSTR(OYADOCID, KODOCID, SEQ, NEWDATE, USERNAME, VERSIONNO) VALUES(150, 152, 20, TIMESTAMP '2006-12-14 11:55:46.0', STRINGDECODE('\u30de\u30c3\u30ae\u30fc'), NULL);
INSERT INTO PUBLIC.DOCSTR(OYADOCID, KODOCID, SEQ, NEWDATE, USERNAME, VERSIONNO) VALUES(150, 153, 30, TIMESTAMP '2006-12-14 11:55:59.0', STRINGDECODE('\u30de\u30c3\u30ae\u30fc'), NULL);
INSERT INTO PUBLIC.DOCSTR(OYADOCID, KODOCID, SEQ, NEWDATE, USERNAME, VERSIONNO) VALUES(150, 154, 40, TIMESTAMP '2006-12-14 11:56:08.0', STRINGDECODE('\u30de\u30c3\u30ae\u30fc'), NULL);
INSERT INTO PUBLIC.DOCSTR(OYADOCID, KODOCID, SEQ, NEWDATE, USERNAME, VERSIONNO) VALUES(150, 155, 50, TIMESTAMP '2006-12-14 11:56:19.0', STRINGDECODE('\u30de\u30c3\u30ae\u30fc'), NULL);
INSERT INTO PUBLIC.DOCSTR(OYADOCID, KODOCID, SEQ, NEWDATE, USERNAME, VERSIONNO) VALUES(158, 160, 10, TIMESTAMP '2006-12-14 11:57:50.0', STRINGDECODE('\u30de\u30c3\u30ae\u30fc'), NULL);
INSERT INTO PUBLIC.DOCSTR(OYADOCID, KODOCID, SEQ, NEWDATE, USERNAME, VERSIONNO) VALUES(158, 161, 20, TIMESTAMP '2006-12-14 11:57:58.0', STRINGDECODE('\u30de\u30c3\u30ae\u30fc'), NULL);
INSERT INTO PUBLIC.DOCSTR(OYADOCID, KODOCID, SEQ, NEWDATE, USERNAME, VERSIONNO) VALUES(173, 125, 10, TIMESTAMP '2006-12-19 17:19:10.0', STRINGDECODE('\u6ff1\u5cf6'), NULL);
INSERT INTO PUBLIC.DOCSTR(OYADOCID, KODOCID, SEQ, NEWDATE, USERNAME, VERSIONNO) VALUES(173, 126, 40, TIMESTAMP '2006-12-19 17:20:26.0', STRINGDECODE('\u6ff1\u5cf6'), NULL);
INSERT INTO PUBLIC.DOCSTR(OYADOCID, KODOCID, SEQ, NEWDATE, USERNAME, VERSIONNO) VALUES(173, 127, 50, TIMESTAMP '2006-12-19 17:20:44.0', STRINGDECODE('\u6ff1\u5cf6'), NULL);
INSERT INTO PUBLIC.DOCSTR(OYADOCID, KODOCID, SEQ, NEWDATE, USERNAME, VERSIONNO) VALUES(173, 128, 20, TIMESTAMP '2006-12-19 17:19:57.0', STRINGDECODE('\u6ff1\u5cf6'), NULL);
INSERT INTO PUBLIC.DOCSTR(OYADOCID, KODOCID, SEQ, NEWDATE, USERNAME, VERSIONNO) VALUES(173, 129, 30, TIMESTAMP '2006-12-19 17:20:10.0', STRINGDECODE('\u6ff1\u5cf6'), NULL);
INSERT INTO PUBLIC.DOCSTR(OYADOCID, KODOCID, SEQ, NEWDATE, USERNAME, VERSIONNO) VALUES(1304, 1309, 4, TIMESTAMP '2007-03-30 00:21:16.234', NULL, NULL);
INSERT INTO PUBLIC.DOCSTR(OYADOCID, KODOCID, SEQ, NEWDATE, USERNAME, VERSIONNO) VALUES(1304, 1310, 5, TIMESTAMP '2007-03-30 00:21:16.25', NULL, NULL);
INSERT INTO PUBLIC.DOCSTR(OYADOCID, KODOCID, SEQ, NEWDATE, USERNAME, VERSIONNO) VALUES(1310, 1311, 1, TIMESTAMP '2007-03-30 00:21:16.265', NULL, NULL);
INSERT INTO PUBLIC.DOCSTR(OYADOCID, KODOCID, SEQ, NEWDATE, USERNAME, VERSIONNO) VALUES(1310, 1312, 2, TIMESTAMP '2007-03-30 00:21:16.265', NULL, NULL);
INSERT INTO PUBLIC.DOCSTR(OYADOCID, KODOCID, SEQ, NEWDATE, USERNAME, VERSIONNO) VALUES(1304, 1313, 6, TIMESTAMP '2007-03-30 00:21:16.281', NULL, NULL);
INSERT INTO PUBLIC.DOCSTR(OYADOCID, KODOCID, SEQ, NEWDATE, USERNAME, VERSIONNO) VALUES(1304, 1314, 7, TIMESTAMP '2007-03-30 00:21:16.281', NULL, NULL);
INSERT INTO PUBLIC.DOCSTR(OYADOCID, KODOCID, SEQ, NEWDATE, USERNAME, VERSIONNO) VALUES(1304, 1315, 8, TIMESTAMP '2007-03-30 00:21:16.328', NULL, NULL);
INSERT INTO PUBLIC.DOCSTR(OYADOCID, KODOCID, SEQ, NEWDATE, USERNAME, VERSIONNO) VALUES(1304, 1316, 9, TIMESTAMP '2007-03-30 00:21:16.343', NULL, NULL);
INSERT INTO PUBLIC.DOCSTR(OYADOCID, KODOCID, SEQ, NEWDATE, USERNAME, VERSIONNO) VALUES(1188, 1317, 58, TIMESTAMP '2007-03-30 00:21:16.359', NULL, NULL);
INSERT INTO PUBLIC.DOCSTR(OYADOCID, KODOCID, SEQ, NEWDATE, USERNAME, VERSIONNO) VALUES(1188, 1318, 59, TIMESTAMP '2007-03-30 00:21:16.421', NULL, NULL);
INSERT INTO PUBLIC.DOCSTR(OYADOCID, KODOCID, SEQ, NEWDATE, USERNAME, VERSIONNO) VALUES(1318, 1319, 1, TIMESTAMP '2007-03-30 00:21:16.5', NULL, NULL);
INSERT INTO PUBLIC.DOCSTR(OYADOCID, KODOCID, SEQ, NEWDATE, USERNAME, VERSIONNO) VALUES(1318, 1320, 2, TIMESTAMP '2007-03-30 00:21:16.5', NULL, NULL);
INSERT INTO PUBLIC.DOCSTR(OYADOCID, KODOCID, SEQ, NEWDATE, USERNAME, VERSIONNO) VALUES(1318, 1321, 3, TIMESTAMP '2007-03-30 00:21:16.531', NULL, NULL);
INSERT INTO PUBLIC.DOCSTR(OYADOCID, KODOCID, SEQ, NEWDATE, USERNAME, VERSIONNO) VALUES(1318, 1322, 4, TIMESTAMP '2007-03-30 00:21:16.546', NULL, NULL);
INSERT INTO PUBLIC.DOCSTR(OYADOCID, KODOCID, SEQ, NEWDATE, USERNAME, VERSIONNO) VALUES(1318, 1323, 5, TIMESTAMP '2007-03-30 00:21:16.546', NULL, NULL);
INSERT INTO PUBLIC.DOCSTR(OYADOCID, KODOCID, SEQ, NEWDATE, USERNAME, VERSIONNO) VALUES(1318, 1324, 6, TIMESTAMP '2007-03-30 00:21:16.562', NULL, NULL);
INSERT INTO PUBLIC.DOCSTR(OYADOCID, KODOCID, SEQ, NEWDATE, USERNAME, VERSIONNO) VALUES(1324, 1325, 1, TIMESTAMP '2007-03-30 00:21:16.562', NULL, NULL);
INSERT INTO PUBLIC.DOCSTR(OYADOCID, KODOCID, SEQ, NEWDATE, USERNAME, VERSIONNO) VALUES(1318, 1326, 7, TIMESTAMP '2007-03-30 00:21:16.562', NULL, NULL);
INSERT INTO PUBLIC.DOCSTR(OYADOCID, KODOCID, SEQ, NEWDATE, USERNAME, VERSIONNO) VALUES(1318, 1327, 8, TIMESTAMP '2007-03-30 00:21:16.593', NULL, NULL);
INSERT INTO PUBLIC.DOCSTR(OYADOCID, KODOCID, SEQ, NEWDATE, USERNAME, VERSIONNO) VALUES(1188, 1328, 60, TIMESTAMP '2007-03-30 00:21:16.609', NULL, NULL);
INSERT INTO PUBLIC.DOCSTR(OYADOCID, KODOCID, SEQ, NEWDATE, USERNAME, VERSIONNO) VALUES(1188, 1329, 61, TIMESTAMP '2007-03-30 00:21:16.687', NULL, NULL);
INSERT INTO PUBLIC.DOCSTR(OYADOCID, KODOCID, SEQ, NEWDATE, USERNAME, VERSIONNO) VALUES(1188, 1330, 62, TIMESTAMP '2007-03-30 00:21:16.765', NULL, NULL);
INSERT INTO PUBLIC.DOCSTR(OYADOCID, KODOCID, SEQ, NEWDATE, USERNAME, VERSIONNO) VALUES(1330, 1331, 1, TIMESTAMP '2007-03-30 00:21:16.843', NULL, NULL);
INSERT INTO PUBLIC.DOCSTR(OYADOCID, KODOCID, SEQ, NEWDATE, USERNAME, VERSIONNO) VALUES(1331, 1332, 1, TIMESTAMP '2007-03-30 00:21:16.843', NULL, NULL);
INSERT INTO PUBLIC.DOCSTR(OYADOCID, KODOCID, SEQ, NEWDATE, USERNAME, VERSIONNO) VALUES(1330, 1333, 2, TIMESTAMP '2007-03-30 00:21:16.859', NULL, NULL);
INSERT INTO PUBLIC.DOCSTR(OYADOCID, KODOCID, SEQ, NEWDATE, USERNAME, VERSIONNO) VALUES(1333, 1334, 1, TIMESTAMP '2007-03-30 00:21:16.859', NULL, NULL);
INSERT INTO PUBLIC.DOCSTR(OYADOCID, KODOCID, SEQ, NEWDATE, USERNAME, VERSIONNO) VALUES(1330, 1335, 3, TIMESTAMP '2007-03-30 00:21:16.906', NULL, NULL);
INSERT INTO PUBLIC.DOCSTR(OYADOCID, KODOCID, SEQ, NEWDATE, USERNAME, VERSIONNO) VALUES(1188, 1336, 63, TIMESTAMP '2007-03-30 00:21:16.906', NULL, NULL);
INSERT INTO PUBLIC.DOCSTR(OYADOCID, KODOCID, SEQ, NEWDATE, USERNAME, VERSIONNO) VALUES(1188, 1337, 64, TIMESTAMP '2007-03-30 00:21:17.015', NULL, NULL);
INSERT INTO PUBLIC.DOCSTR(OYADOCID, KODOCID, SEQ, NEWDATE, USERNAME, VERSIONNO) VALUES(1337, 1338, 1, TIMESTAMP '2007-03-30 00:21:17.109', NULL, NULL);
INSERT INTO PUBLIC.DOCSTR(OYADOCID, KODOCID, SEQ, NEWDATE, USERNAME, VERSIONNO) VALUES(1337, 1339, 2, TIMESTAMP '2007-03-30 00:21:17.109', NULL, NULL);
INSERT INTO PUBLIC.DOCSTR(OYADOCID, KODOCID, SEQ, NEWDATE, USERNAME, VERSIONNO) VALUES(1337, 1340, 3, TIMESTAMP '2007-03-30 00:21:17.125', NULL, NULL);
INSERT INTO PUBLIC.DOCSTR(OYADOCID, KODOCID, SEQ, NEWDATE, USERNAME, VERSIONNO) VALUES(1188, 1341, 65, TIMESTAMP '2007-03-30 00:21:17.125', NULL, NULL);
INSERT INTO PUBLIC.DOCSTR(OYADOCID, KODOCID, SEQ, NEWDATE, USERNAME, VERSIONNO) VALUES(1188, 1342, 66, TIMESTAMP '2007-03-30 00:21:17.203', NULL, NULL);
INSERT INTO PUBLIC.DOCSTR(OYADOCID, KODOCID, SEQ, NEWDATE, USERNAME, VERSIONNO) VALUES(1342, 1343, 1, TIMESTAMP '2007-03-30 00:21:17.296', NULL, NULL);
INSERT INTO PUBLIC.DOCSTR(OYADOCID, KODOCID, SEQ, NEWDATE, USERNAME, VERSIONNO) VALUES(1342, 1344, 2, TIMESTAMP '2007-03-30 00:21:17.296', NULL, NULL);
INSERT INTO PUBLIC.DOCSTR(OYADOCID, KODOCID, SEQ, NEWDATE, USERNAME, VERSIONNO) VALUES(1342, 1345, 3, TIMESTAMP '2007-03-30 00:21:17.312', NULL, NULL);
INSERT INTO PUBLIC.DOCSTR(OYADOCID, KODOCID, SEQ, NEWDATE, USERNAME, VERSIONNO) VALUES(594, 1346, 31, TIMESTAMP '2007-03-30 00:21:17.312', NULL, NULL);
INSERT INTO PUBLIC.DOCSTR(OYADOCID, KODOCID, SEQ, NEWDATE, USERNAME, VERSIONNO) VALUES(594, 1347, 32, TIMESTAMP '2007-03-30 00:21:17.39', NULL, NULL);
INSERT INTO PUBLIC.DOCSTR(OYADOCID, KODOCID, SEQ, NEWDATE, USERNAME, VERSIONNO) VALUES(1347, 1348, 1, TIMESTAMP '2007-03-30 00:21:17.656', NULL, NULL);
INSERT INTO PUBLIC.DOCSTR(OYADOCID, KODOCID, SEQ, NEWDATE, USERNAME, VERSIONNO) VALUES(594, 1349, 33, TIMESTAMP '2007-03-30 00:21:17.656', NULL, NULL);
INSERT INTO PUBLIC.DOCSTR(OYADOCID, KODOCID, SEQ, NEWDATE, USERNAME, VERSIONNO) VALUES(594, 1350, 34, TIMESTAMP '2007-03-30 00:21:17.75', NULL, NULL);
INSERT INTO PUBLIC.DOCSTR(OYADOCID, KODOCID, SEQ, NEWDATE, USERNAME, VERSIONNO) VALUES(1350, 1351, 1, TIMESTAMP '2007-03-30 00:21:17.828', NULL, NULL);
INSERT INTO PUBLIC.DOCSTR(OYADOCID, KODOCID, SEQ, NEWDATE, USERNAME, VERSIONNO) VALUES(594, 1352, 35, TIMESTAMP '2007-03-30 00:21:17.843', NULL, NULL);
INSERT INTO PUBLIC.DOCSTR(OYADOCID, KODOCID, SEQ, NEWDATE, USERNAME, VERSIONNO) VALUES(1352, 1353, 1, TIMESTAMP '2007-03-30 00:21:17.921', NULL, NULL);
INSERT INTO PUBLIC.DOCSTR(OYADOCID, KODOCID, SEQ, NEWDATE, USERNAME, VERSIONNO) VALUES(1353, 1354, 1, TIMESTAMP '2007-03-30 00:21:17.921', NULL, NULL);
INSERT INTO PUBLIC.DOCSTR(OYADOCID, KODOCID, SEQ, NEWDATE, USERNAME, VERSIONNO) VALUES(1354, 1355, 1, TIMESTAMP '2007-03-30 00:21:17.921', NULL, NULL);
INSERT INTO PUBLIC.DOCSTR(OYADOCID, KODOCID, SEQ, NEWDATE, USERNAME, VERSIONNO) VALUES(1355, 1356, 1, TIMESTAMP '2007-03-30 00:21:17.921', NULL, NULL);
INSERT INTO PUBLIC.DOCSTR(OYADOCID, KODOCID, SEQ, NEWDATE, USERNAME, VERSIONNO) VALUES(1354, 1357, 2, TIMESTAMP '2007-03-30 00:21:17.937', NULL, NULL);
INSERT INTO PUBLIC.DOCSTR(OYADOCID, KODOCID, SEQ, NEWDATE, USERNAME, VERSIONNO) VALUES(1354, 1358, 3, TIMESTAMP '2007-03-30 00:21:17.937', NULL, NULL);
INSERT INTO PUBLIC.DOCSTR(OYADOCID, KODOCID, SEQ, NEWDATE, USERNAME, VERSIONNO) VALUES(1354, 1359, 4, TIMESTAMP '2007-03-30 00:21:17.953', NULL, NULL);
INSERT INTO PUBLIC.DOCSTR(OYADOCID, KODOCID, SEQ, NEWDATE, USERNAME, VERSIONNO) VALUES(1353, 1360, 2, TIMESTAMP '2007-03-30 00:21:17.953', NULL, NULL);
INSERT INTO PUBLIC.DOCSTR(OYADOCID, KODOCID, SEQ, NEWDATE, USERNAME, VERSIONNO) VALUES(1353, 1361, 3, TIMESTAMP '2007-03-30 00:21:18.031', NULL, NULL);
INSERT INTO PUBLIC.DOCSTR(OYADOCID, KODOCID, SEQ, NEWDATE, USERNAME, VERSIONNO) VALUES(1353, 1362, 4, TIMESTAMP '2007-03-30 00:21:18.031', NULL, NULL);
INSERT INTO PUBLIC.DOCSTR(OYADOCID, KODOCID, SEQ, NEWDATE, USERNAME, VERSIONNO) VALUES(1352, 1363, 2, TIMESTAMP '2007-03-30 00:21:18.046', NULL, NULL);
INSERT INTO PUBLIC.DOCSTR(OYADOCID, KODOCID, SEQ, NEWDATE, USERNAME, VERSIONNO) VALUES(1352, 1364, 3, TIMESTAMP '2007-03-30 00:21:18.046', NULL, NULL);
INSERT INTO PUBLIC.DOCSTR(OYADOCID, KODOCID, SEQ, NEWDATE, USERNAME, VERSIONNO) VALUES(1364, 1365, 1, TIMESTAMP '2007-03-30 00:21:18.062', NULL, NULL);
INSERT INTO PUBLIC.DOCSTR(OYADOCID, KODOCID, SEQ, NEWDATE, USERNAME, VERSIONNO) VALUES(1352, 1366, 4, TIMESTAMP '2007-03-30 00:21:18.062', NULL, NULL);
INSERT INTO PUBLIC.DOCSTR(OYADOCID, KODOCID, SEQ, NEWDATE, USERNAME, VERSIONNO) VALUES(1352, 1367, 5, TIMESTAMP '2007-03-30 00:21:18.078', NULL, NULL);
INSERT INTO PUBLIC.DOCSTR(OYADOCID, KODOCID, SEQ, NEWDATE, USERNAME, VERSIONNO) VALUES(1352, 1368, 6, TIMESTAMP '2007-03-30 00:21:18.093', NULL, NULL);
INSERT INTO PUBLIC.DOCSTR(OYADOCID, KODOCID, SEQ, NEWDATE, USERNAME, VERSIONNO) VALUES(1352, 1369, 7, TIMESTAMP '2007-03-30 00:21:18.109', NULL, NULL);
INSERT INTO PUBLIC.DOCSTR(OYADOCID, KODOCID, SEQ, NEWDATE, USERNAME, VERSIONNO) VALUES(1352, 1370, 8, TIMESTAMP '2007-03-30 00:21:18.109', NULL, NULL);
INSERT INTO PUBLIC.DOCSTR(OYADOCID, KODOCID, SEQ, NEWDATE, USERNAME, VERSIONNO) VALUES(1352, 1371, 9, TIMESTAMP '2007-03-30 00:21:18.125', NULL, NULL);
INSERT INTO PUBLIC.DOCSTR(OYADOCID, KODOCID, SEQ, NEWDATE, USERNAME, VERSIONNO) VALUES(1352, 1372, 10, TIMESTAMP '2007-03-30 00:21:18.14', NULL, NULL);
INSERT INTO PUBLIC.DOCSTR(OYADOCID, KODOCID, SEQ, NEWDATE, USERNAME, VERSIONNO) VALUES(1372, 1373, 1, TIMESTAMP '2007-03-30 00:21:18.156', NULL, NULL);
INSERT INTO PUBLIC.DOCSTR(OYADOCID, KODOCID, SEQ, NEWDATE, USERNAME, VERSIONNO) VALUES(1373, 1374, 1, TIMESTAMP '2007-03-30 00:21:18.171', NULL, NULL);
INSERT INTO PUBLIC.DOCSTR(OYADOCID, KODOCID, SEQ, NEWDATE, USERNAME, VERSIONNO) VALUES(1373, 1375, 2, TIMESTAMP '2007-03-30 00:21:18.187', NULL, NULL);
INSERT INTO PUBLIC.DOCSTR(OYADOCID, KODOCID, SEQ, NEWDATE, USERNAME, VERSIONNO) VALUES(1372, 1376, 2, TIMESTAMP '2007-03-30 00:21:18.187', NULL, NULL);
INSERT INTO PUBLIC.DOCSTR(OYADOCID, KODOCID, SEQ, NEWDATE, USERNAME, VERSIONNO) VALUES(1372, 1377, 3, TIMESTAMP '2007-03-30 00:21:18.203', NULL, NULL);
INSERT INTO PUBLIC.DOCSTR(OYADOCID, KODOCID, SEQ, NEWDATE, USERNAME, VERSIONNO) VALUES(1352, 1378, 11, TIMESTAMP '2007-03-30 00:21:18.218', NULL, NULL);
INSERT INTO PUBLIC.DOCSTR(OYADOCID, KODOCID, SEQ, NEWDATE, USERNAME, VERSIONNO) VALUES(1352, 1379, 12, TIMESTAMP '2007-03-30 00:21:18.25', NULL, NULL);
INSERT INTO PUBLIC.DOCSTR(OYADOCID, KODOCID, SEQ, NEWDATE, USERNAME, VERSIONNO) VALUES(1352, 1380, 13, TIMESTAMP '2007-03-30 00:21:18.281', NULL, NULL);
INSERT INTO PUBLIC.DOCSTR(OYADOCID, KODOCID, SEQ, NEWDATE, USERNAME, VERSIONNO) VALUES(1352, 1381, 14, TIMESTAMP '2007-03-30 00:21:18.296', NULL, NULL);
INSERT INTO PUBLIC.DOCSTR(OYADOCID, KODOCID, SEQ, NEWDATE, USERNAME, VERSIONNO) VALUES(1352, 1382, 15, TIMESTAMP '2007-03-30 00:21:18.328', NULL, NULL);
INSERT INTO PUBLIC.DOCSTR(OYADOCID, KODOCID, SEQ, NEWDATE, USERNAME, VERSIONNO) VALUES(1352, 1383, 16, TIMESTAMP '2007-03-30 00:21:18.343', NULL, NULL);
INSERT INTO PUBLIC.DOCSTR(OYADOCID, KODOCID, SEQ, NEWDATE, USERNAME, VERSIONNO) VALUES(1352, 1384, 17, TIMESTAMP '2007-03-30 00:21:18.39', NULL, NULL);
INSERT INTO PUBLIC.DOCSTR(OYADOCID, KODOCID, SEQ, NEWDATE, USERNAME, VERSIONNO) VALUES(1384, 1385, 1, TIMESTAMP '2007-03-30 00:21:18.421', NULL, NULL);
INSERT INTO PUBLIC.DOCSTR(OYADOCID, KODOCID, SEQ, NEWDATE, USERNAME, VERSIONNO) VALUES(1385, 1386, 1, TIMESTAMP '2007-03-30 00:21:18.421', NULL, NULL);
INSERT INTO PUBLIC.DOCSTR(OYADOCID, KODOCID, SEQ, NEWDATE, USERNAME, VERSIONNO) VALUES(1385, 1387, 2, TIMESTAMP '2007-03-30 00:21:18.437', NULL, NULL);
INSERT INTO PUBLIC.DOCSTR(OYADOCID, KODOCID, SEQ, NEWDATE, USERNAME, VERSIONNO) VALUES(1384, 1388, 2, TIMESTAMP '2007-03-30 00:21:18.437', NULL, NULL);
INSERT INTO PUBLIC.DOCSTR(OYADOCID, KODOCID, SEQ, NEWDATE, USERNAME, VERSIONNO) VALUES(1384, 1389, 3, TIMESTAMP '2007-03-30 00:21:18.437', NULL, NULL);
INSERT INTO PUBLIC.DOCSTR(OYADOCID, KODOCID, SEQ, NEWDATE, USERNAME, VERSIONNO) VALUES(1352, 1390, 18, TIMESTAMP '2007-03-30 00:21:18.453', NULL, NULL);
INSERT INTO PUBLIC.DOCSTR(OYADOCID, KODOCID, SEQ, NEWDATE, USERNAME, VERSIONNO) VALUES(594, 1391, 36, TIMESTAMP '2007-03-30 00:21:18.484', NULL, NULL);
INSERT INTO PUBLIC.DOCSTR(OYADOCID, KODOCID, SEQ, NEWDATE, USERNAME, VERSIONNO) VALUES(82, 1392, 6, TIMESTAMP '2007-03-30 00:23:38.796', NULL, NULL);
INSERT INTO PUBLIC.DOCSTR(OYADOCID, KODOCID, SEQ, NEWDATE, USERNAME, VERSIONNO) VALUES(1392, 1393, 1, TIMESTAMP '2007-03-30 00:23:41.296', NULL, NULL);
INSERT INTO PUBLIC.DOCSTR(OYADOCID, KODOCID, SEQ, NEWDATE, USERNAME, VERSIONNO) VALUES(1393, 1394, 1, TIMESTAMP '2007-03-30 00:23:41.312', NULL, NULL);
INSERT INTO PUBLIC.DOCSTR(OYADOCID, KODOCID, SEQ, NEWDATE, USERNAME, VERSIONNO) VALUES(1394, 1395, 1, TIMESTAMP '2007-03-30 00:23:41.328', NULL, NULL);
INSERT INTO PUBLIC.DOCSTR(OYADOCID, KODOCID, SEQ, NEWDATE, USERNAME, VERSIONNO) VALUES(1394, 1396, 2, TIMESTAMP '2007-03-30 00:23:41.343', NULL, NULL);
INSERT INTO PUBLIC.DOCSTR(OYADOCID, KODOCID, SEQ, NEWDATE, USERNAME, VERSIONNO) VALUES(1394, 1397, 3, TIMESTAMP '2007-03-30 00:23:41.359', NULL, NULL);
INSERT INTO PUBLIC.DOCSTR(OYADOCID, KODOCID, SEQ, NEWDATE, USERNAME, VERSIONNO) VALUES(1397, 1398, 1, TIMESTAMP '2007-03-30 00:23:41.375', NULL, NULL);
INSERT INTO PUBLIC.DOCSTR(OYADOCID, KODOCID, SEQ, NEWDATE, USERNAME, VERSIONNO) VALUES(1397, 1399, 2, TIMESTAMP '2007-03-30 00:23:41.375', NULL, NULL);
INSERT INTO PUBLIC.DOCSTR(OYADOCID, KODOCID, SEQ, NEWDATE, USERNAME, VERSIONNO) VALUES(1399, 1400, 1, TIMESTAMP '2007-03-30 00:23:41.406', NULL, NULL);
INSERT INTO PUBLIC.DOCSTR(OYADOCID, KODOCID, SEQ, NEWDATE, USERNAME, VERSIONNO) VALUES(1397, 1401, 3, TIMESTAMP '2007-03-30 00:23:41.421', NULL, NULL);
INSERT INTO PUBLIC.DOCSTR(OYADOCID, KODOCID, SEQ, NEWDATE, USERNAME, VERSIONNO) VALUES(1397, 1402, 4, TIMESTAMP '2007-03-30 00:23:41.437', NULL, NULL);
INSERT INTO PUBLIC.DOCSTR(OYADOCID, KODOCID, SEQ, NEWDATE, USERNAME, VERSIONNO) VALUES(1397, 1403, 5, TIMESTAMP '2007-03-30 00:23:41.453', NULL, NULL);
INSERT INTO PUBLIC.DOCSTR(OYADOCID, KODOCID, SEQ, NEWDATE, USERNAME, VERSIONNO) VALUES(1403, 1404, 1, TIMESTAMP '2007-03-30 00:23:41.468', NULL, NULL);
INSERT INTO PUBLIC.DOCSTR(OYADOCID, KODOCID, SEQ, NEWDATE, USERNAME, VERSIONNO) VALUES(1397, 1405, 6, TIMESTAMP '2007-03-30 00:23:41.484', NULL, NULL);
INSERT INTO PUBLIC.DOCSTR(OYADOCID, KODOCID, SEQ, NEWDATE, USERNAME, VERSIONNO) VALUES(1397, 1406, 7, TIMESTAMP '2007-03-30 00:23:41.531', NULL, NULL);
INSERT INTO PUBLIC.DOCSTR(OYADOCID, KODOCID, SEQ, NEWDATE, USERNAME, VERSIONNO) VALUES(1394, 1407, 4, TIMESTAMP '2007-03-30 00:23:41.546', NULL, NULL);
INSERT INTO PUBLIC.DOCSTR(OYADOCID, KODOCID, SEQ, NEWDATE, USERNAME, VERSIONNO) VALUES(1393, 1408, 2, TIMESTAMP '2007-03-30 00:23:41.546', NULL, NULL);
INSERT INTO PUBLIC.DOCSTR(OYADOCID, KODOCID, SEQ, NEWDATE, USERNAME, VERSIONNO) VALUES(578, 589, 10, TIMESTAMP '2006-12-22 11:21:34.0', STRINGDECODE('\u6ff1\u5cf6'), NULL);
INSERT INTO PUBLIC.DOCSTR(OYADOCID, KODOCID, SEQ, NEWDATE, USERNAME, VERSIONNO) VALUES(578, 590, 20, TIMESTAMP '2006-12-22 11:22:59.0', STRINGDECODE('\u30de\u30c3\u30ae\u30fc'), NULL);
INSERT INTO PUBLIC.DOCSTR(OYADOCID, KODOCID, SEQ, NEWDATE, USERNAME, VERSIONNO) VALUES(578, 591, 30, TIMESTAMP '2006-12-22 11:23:11.0', STRINGDECODE('\u30de\u30c3\u30ae\u30fc'), NULL);
INSERT INTO PUBLIC.DOCSTR(OYADOCID, KODOCID, SEQ, NEWDATE, USERNAME, VERSIONNO) VALUES(579, 596, 10, TIMESTAMP '2006-12-22 11:26:41.0', STRINGDECODE('\u30de\u30c3\u30ae\u30fc'), NULL);
INSERT INTO PUBLIC.DOCSTR(OYADOCID, KODOCID, SEQ, NEWDATE, USERNAME, VERSIONNO) VALUES(579, 601, 20, TIMESTAMP '2006-12-22 11:37:40.0', STRINGDECODE('\u30de\u30c3\u30ae\u30fc'), NULL);
INSERT INTO PUBLIC.DOCSTR(OYADOCID, KODOCID, SEQ, NEWDATE, USERNAME, VERSIONNO) VALUES(579, 606, 30, TIMESTAMP '2006-12-22 11:50:11.0', STRINGDECODE('\u30de\u30c3\u30ae\u30fc'), NULL);
INSERT INTO PUBLIC.DOCSTR(OYADOCID, KODOCID, SEQ, NEWDATE, USERNAME, VERSIONNO) VALUES(579, 628, 40, TIMESTAMP '2006-12-22 12:07:22.0', STRINGDECODE('\u30de\u30c3\u30ae\u30fc'), NULL);
INSERT INTO PUBLIC.DOCSTR(OYADOCID, KODOCID, SEQ, NEWDATE, USERNAME, VERSIONNO) VALUES(579, 636, 50, TIMESTAMP '2006-12-22 13:30:15.0', STRINGDECODE('\u30de\u30c3\u30ae\u30fc'), NULL);
INSERT INTO PUBLIC.DOCSTR(OYADOCID, KODOCID, SEQ, NEWDATE, USERNAME, VERSIONNO) VALUES(579, 644, 60, TIMESTAMP '2006-12-22 13:39:00.0', STRINGDECODE('\u30de\u30c3\u30ae\u30fc'), NULL);
INSERT INTO PUBLIC.DOCSTR(OYADOCID, KODOCID, SEQ, NEWDATE, USERNAME, VERSIONNO) VALUES(590, 592, 10, TIMESTAMP '2006-12-22 11:23:45.0', STRINGDECODE('\u30de\u30c3\u30ae\u30fc'), NULL);
INSERT INTO PUBLIC.DOCSTR(OYADOCID, KODOCID, SEQ, NEWDATE, USERNAME, VERSIONNO) VALUES(590, 593, 20, TIMESTAMP '2006-12-22 11:24:10.0', STRINGDECODE('\u30de\u30c3\u30ae\u30fc'), NULL);
INSERT INTO PUBLIC.DOCSTR(OYADOCID, KODOCID, SEQ, NEWDATE, USERNAME, VERSIONNO) VALUES(591, 594, 10, TIMESTAMP '2006-12-22 11:24:28.0', STRINGDECODE('\u30de\u30c3\u30ae\u30fc'), NULL);
INSERT INTO PUBLIC.DOCSTR(OYADOCID, KODOCID, SEQ, NEWDATE, USERNAME, VERSIONNO) VALUES(591, 595, 20, TIMESTAMP '2006-12-22 11:24:37.0', STRINGDECODE('\u30de\u30c3\u30ae\u30fc'), NULL);
INSERT INTO PUBLIC.DOCSTR(OYADOCID, KODOCID, SEQ, NEWDATE, USERNAME, VERSIONNO) VALUES(596, 173, 60, TIMESTAMP '2006-12-22 11:35:51.0', STRINGDECODE('\u6ff1\u5cf6'), NULL);
INSERT INTO PUBLIC.DOCSTR(OYADOCID, KODOCID, SEQ, NEWDATE, USERNAME, VERSIONNO) VALUES(596, 597, 110, TIMESTAMP '2007-01-04 15:55:22.0', STRINGDECODE('\u6ff1\u5cf6'), NULL);
INSERT INTO PUBLIC.DOCSTR(OYADOCID, KODOCID, SEQ, NEWDATE, USERNAME, VERSIONNO) VALUES(596, 598, 120, TIMESTAMP '2007-01-04 15:55:29.0', STRINGDECODE('\u6ff1\u5cf6'), NULL);
INSERT INTO PUBLIC.DOCSTR(OYADOCID, KODOCID, SEQ, NEWDATE, USERNAME, VERSIONNO) VALUES(596, 649, 130, TIMESTAMP '2007-01-04 15:55:41.0', STRINGDECODE('\u6ff1\u5cf6'), NULL);
INSERT INTO PUBLIC.DOCSTR(OYADOCID, KODOCID, SEQ, NEWDATE, USERNAME, VERSIONNO) VALUES(596, 650, 140, TIMESTAMP '2007-01-04 15:55:47.0', STRINGDECODE('\u6ff1\u5cf6'), NULL);
INSERT INTO PUBLIC.DOCSTR(OYADOCID, KODOCID, SEQ, NEWDATE, USERNAME, VERSIONNO) VALUES(597, 599, 10, TIMESTAMP '2006-12-22 11:28:21.0', STRINGDECODE('\u30de\u30c3\u30ae\u30fc'), NULL);
INSERT INTO PUBLIC.DOCSTR(OYADOCID, KODOCID, SEQ, NEWDATE, USERNAME, VERSIONNO) VALUES(597, 619, 20, TIMESTAMP '2006-12-22 11:59:57.0', STRINGDECODE('\u30de\u30c3\u30ae\u30fc'), NULL);
INSERT INTO PUBLIC.DOCSTR(OYADOCID, KODOCID, SEQ, NEWDATE, USERNAME, VERSIONNO) VALUES(597, 625, 30, TIMESTAMP '2006-12-22 12:04:56.0', STRINGDECODE('\u30de\u30c3\u30ae\u30fc'), NULL);
INSERT INTO PUBLIC.DOCSTR(OYADOCID, KODOCID, SEQ, NEWDATE, USERNAME, VERSIONNO) VALUES(597, 626, 40, TIMESTAMP '2006-12-22 12:05:07.0', STRINGDECODE('\u30de\u30c3\u30ae\u30fc'), NULL);
INSERT INTO PUBLIC.DOCSTR(OYADOCID, KODOCID, SEQ, NEWDATE, USERNAME, VERSIONNO) VALUES(598, 600, 10, TIMESTAMP '2006-12-22 11:28:35.0', STRINGDECODE('\u30de\u30c3\u30ae\u30fc'), NULL);
INSERT INTO PUBLIC.DOCSTR(OYADOCID, KODOCID, SEQ, NEWDATE, USERNAME, VERSIONNO) VALUES(598, 620, 20, TIMESTAMP '2006-12-22 12:00:41.0', STRINGDECODE('\u30de\u30c3\u30ae\u30fc'), NULL);
INSERT INTO PUBLIC.DOCSTR(OYADOCID, KODOCID, SEQ, NEWDATE, USERNAME, VERSIONNO) VALUES(598, 621, 30, TIMESTAMP '2006-12-22 12:01:02.0', STRINGDECODE('\u30de\u30c3\u30ae\u30fc'), NULL);
INSERT INTO PUBLIC.DOCSTR(OYADOCID, KODOCID, SEQ, NEWDATE, USERNAME, VERSIONNO) VALUES(601, 385, 10, TIMESTAMP '2006-12-22 11:37:53.0', STRINGDECODE('\u6ff1\u5cf6'), NULL);
INSERT INTO PUBLIC.DOCSTR(OYADOCID, KODOCID, SEQ, NEWDATE, USERNAME, VERSIONNO) VALUES(601, 602, 20, TIMESTAMP '2006-12-22 11:38:24.0', STRINGDECODE('\u30de\u30c3\u30ae\u30fc'), NULL);
INSERT INTO PUBLIC.DOCSTR(OYADOCID, KODOCID, SEQ, NEWDATE, USERNAME, VERSIONNO) VALUES(601, 603, 30, TIMESTAMP '2006-12-22 11:38:35.0', STRINGDECODE('\u30de\u30c3\u30ae\u30fc'), NULL);
INSERT INTO PUBLIC.DOCSTR(OYADOCID, KODOCID, SEQ, NEWDATE, USERNAME, VERSIONNO) VALUES(602, 604, 10, TIMESTAMP '2006-12-22 11:39:51.0', STRINGDECODE('\u30de\u30c3\u30ae\u30fc'), NULL);
INSERT INTO PUBLIC.DOCSTR(OYADOCID, KODOCID, SEQ, NEWDATE, USERNAME, VERSIONNO) VALUES(602, 622, 20, TIMESTAMP '2006-12-22 12:01:50.0', STRINGDECODE('\u30de\u30c3\u30ae\u30fc'), NULL);
INSERT INTO PUBLIC.DOCSTR(OYADOCID, KODOCID, SEQ, NEWDATE, USERNAME, VERSIONNO) VALUES(603, 605, 10, TIMESTAMP '2006-12-22 11:40:14.0', STRINGDECODE('\u30de\u30c3\u30ae\u30fc'), NULL);
INSERT INTO PUBLIC.DOCSTR(OYADOCID, KODOCID, SEQ, NEWDATE, USERNAME, VERSIONNO) VALUES(603, 623, 20, TIMESTAMP '2006-12-22 12:02:18.0', STRINGDECODE('\u30de\u30c3\u30ae\u30fc'), NULL);
INSERT INTO PUBLIC.DOCSTR(OYADOCID, KODOCID, SEQ, NEWDATE, USERNAME, VERSIONNO) VALUES(603, 624, 30, TIMESTAMP '2006-12-22 12:04:34.0', STRINGDECODE('\u30de\u30c3\u30ae\u30fc'), NULL);
INSERT INTO PUBLIC.DOCSTR(OYADOCID, KODOCID, SEQ, NEWDATE, USERNAME, VERSIONNO) VALUES(606, 607, 40, TIMESTAMP '2006-12-22 13:32:42.0', STRINGDECODE('\u6ff1\u5cf6'), NULL);
INSERT INTO PUBLIC.DOCSTR(OYADOCID, KODOCID, SEQ, NEWDATE, USERNAME, VERSIONNO) VALUES(606, 608, 50, TIMESTAMP '2006-12-22 13:32:54.0', STRINGDECODE('\u6ff1\u5cf6'), NULL);
INSERT INTO PUBLIC.DOCSTR(OYADOCID, KODOCID, SEQ, NEWDATE, USERNAME, VERSIONNO) VALUES(606, 638, 30, TIMESTAMP '2006-12-22 13:32:19.0', STRINGDECODE('\u6ff1\u5cf6'), NULL);
INSERT INTO PUBLIC.DOCSTR(OYADOCID, KODOCID, SEQ, NEWDATE, USERNAME, VERSIONNO) VALUES(607, 609, 10, TIMESTAMP '2006-12-22 11:52:09.0', STRINGDECODE('\u30de\u30c3\u30ae\u30fc'), NULL);
INSERT INTO PUBLIC.DOCSTR(OYADOCID, KODOCID, SEQ, NEWDATE, USERNAME, VERSIONNO) VALUES(607, 610, 20, TIMESTAMP '2006-12-22 11:52:16.0', STRINGDECODE('\u30de\u30c3\u30ae\u30fc'), NULL);
INSERT INTO PUBLIC.DOCSTR(OYADOCID, KODOCID, SEQ, NEWDATE, USERNAME, VERSIONNO) VALUES(608, 611, 10, TIMESTAMP '2006-12-22 11:52:34.0', STRINGDECODE('\u30de\u30c3\u30ae\u30fc'), NULL);
INSERT INTO PUBLIC.DOCSTR(OYADOCID, KODOCID, SEQ, NEWDATE, USERNAME, VERSIONNO) VALUES(608, 612, 20, TIMESTAMP '2006-12-22 11:52:48.0', STRINGDECODE('\u30de\u30c3\u30ae\u30fc'), NULL);
INSERT INTO PUBLIC.DOCSTR(OYADOCID, KODOCID, SEQ, NEWDATE, USERNAME, VERSIONNO) VALUES(609, 613, 10, TIMESTAMP '2006-12-22 11:54:11.0', STRINGDECODE('\u30de\u30c3\u30ae\u30fc'), NULL);
INSERT INTO PUBLIC.DOCSTR(OYADOCID, KODOCID, SEQ, NEWDATE, USERNAME, VERSIONNO) VALUES(609, 614, 20, TIMESTAMP '2006-12-22 11:56:02.0', STRINGDECODE('\u30de\u30c3\u30ae\u30fc'), NULL);
INSERT INTO PUBLIC.DOCSTR(OYADOCID, KODOCID, SEQ, NEWDATE, USERNAME, VERSIONNO) VALUES(610, 615, 10, TIMESTAMP '2006-12-22 11:56:34.0', STRINGDECODE('\u30de\u30c3\u30ae\u30fc'), NULL);
INSERT INTO PUBLIC.DOCSTR(OYADOCID, KODOCID, SEQ, NEWDATE, USERNAME, VERSIONNO) VALUES(610, 616, 20, TIMESTAMP '2006-12-22 11:57:04.0', STRINGDECODE('\u30de\u30c3\u30ae\u30fc'), NULL);
INSERT INTO PUBLIC.DOCSTR(OYADOCID, KODOCID, SEQ, NEWDATE, USERNAME, VERSIONNO) VALUES(611, 617, 10, TIMESTAMP '2006-12-22 11:57:22.0', STRINGDECODE('\u30de\u30c3\u30ae\u30fc'), NULL);
INSERT INTO PUBLIC.DOCSTR(OYADOCID, KODOCID, SEQ, NEWDATE, USERNAME, VERSIONNO) VALUES(612, 618, 10, TIMESTAMP '2006-12-22 11:57:38.0', STRINGDECODE('\u30de\u30c3\u30ae\u30fc'), NULL);
INSERT INTO PUBLIC.DOCSTR(OYADOCID, KODOCID, SEQ, NEWDATE, USERNAME, VERSIONNO) VALUES(628, 627, 10, TIMESTAMP '2006-12-22 12:07:37.0', STRINGDECODE('\u6ff1\u5cf6'), NULL);
INSERT INTO PUBLIC.DOCSTR(OYADOCID, KODOCID, SEQ, NEWDATE, USERNAME, VERSIONNO) VALUES(628, 629, 20, TIMESTAMP '2006-12-22 12:08:02.0', STRINGDECODE('\u30de\u30c3\u30ae\u30fc'), NULL);
INSERT INTO PUBLIC.DOCSTR(OYADOCID, KODOCID, SEQ, NEWDATE, USERNAME, VERSIONNO) VALUES(628, 630, 30, TIMESTAMP '2006-12-22 12:08:13.0', STRINGDECODE('\u30de\u30c3\u30ae\u30fc'), NULL);
INSERT INTO PUBLIC.DOCSTR(OYADOCID, KODOCID, SEQ, NEWDATE, USERNAME, VERSIONNO) VALUES(629, 631, 10, TIMESTAMP '2006-12-22 12:08:49.0', STRINGDECODE('\u30de\u30c3\u30ae\u30fc'), NULL);
INSERT INTO PUBLIC.DOCSTR(OYADOCID, KODOCID, SEQ, NEWDATE, USERNAME, VERSIONNO) VALUES(629, 632, 20, TIMESTAMP '2006-12-22 12:09:00.0', STRINGDECODE('\u30de\u30c3\u30ae\u30fc'), NULL);
INSERT INTO PUBLIC.DOCSTR(OYADOCID, KODOCID, SEQ, NEWDATE, USERNAME, VERSIONNO) VALUES(629, 633, 30, TIMESTAMP '2006-12-22 12:09:09.0', STRINGDECODE('\u30de\u30c3\u30ae\u30fc'), NULL);
INSERT INTO PUBLIC.DOCSTR(OYADOCID, KODOCID, SEQ, NEWDATE, USERNAME, VERSIONNO) VALUES(630, 634, 10, TIMESTAMP '2006-12-22 12:09:36.0', STRINGDECODE('\u30de\u30c3\u30ae\u30fc'), NULL);
INSERT INTO PUBLIC.DOCSTR(OYADOCID, KODOCID, SEQ, NEWDATE, USERNAME, VERSIONNO) VALUES(636, 635, 10, TIMESTAMP '2006-12-22 13:30:34.0', STRINGDECODE('\u6ff1\u5cf6'), NULL);
INSERT INTO PUBLIC.DOCSTR(OYADOCID, KODOCID, SEQ, NEWDATE, USERNAME, VERSIONNO) VALUES(644, 643, 10, TIMESTAMP '2006-12-22 13:39:10.0', STRINGDECODE('\u6ff1\u5cf6'), NULL);
INSERT INTO PUBLIC.DOCSTR(OYADOCID, KODOCID, SEQ, NEWDATE, USERNAME, VERSIONNO) VALUES(644, 645, 20, TIMESTAMP '2006-12-22 13:40:11.0', STRINGDECODE('\u30de\u30c3\u30ae\u30fc'), NULL);
INSERT INTO PUBLIC.DOCSTR(OYADOCID, KODOCID, SEQ, NEWDATE, USERNAME, VERSIONNO) VALUES(644, 646, 30, TIMESTAMP '2006-12-22 13:40:25.0', STRINGDECODE('\u30de\u30c3\u30ae\u30fc'), NULL);
INSERT INTO PUBLIC.DOCSTR(OYADOCID, KODOCID, SEQ, NEWDATE, USERNAME, VERSIONNO) VALUES(645, 647, 10, TIMESTAMP '2006-12-22 13:40:58.0', STRINGDECODE('\u30de\u30c3\u30ae\u30fc'), NULL);
INSERT INTO PUBLIC.DOCSTR(OYADOCID, KODOCID, SEQ, NEWDATE, USERNAME, VERSIONNO) VALUES(646, 648, 10, TIMESTAMP '2006-12-22 13:41:12.0', STRINGDECODE('\u30de\u30c3\u30ae\u30fc'), NULL);
INSERT INTO PUBLIC.DOCSTR(OYADOCID, KODOCID, SEQ, NEWDATE, USERNAME, VERSIONNO) VALUES(649, 651, 10, TIMESTAMP '2006-12-22 13:46:43.0', STRINGDECODE('\u30de\u30c3\u30ae\u30fc'), NULL);
INSERT INTO PUBLIC.DOCSTR(OYADOCID, KODOCID, SEQ, NEWDATE, USERNAME, VERSIONNO) VALUES(650, 652, 10, TIMESTAMP '2006-12-22 13:47:03.0', STRINGDECODE('\u30de\u30c3\u30ae\u30fc'), NULL);
INSERT INTO PUBLIC.DOCSTR(OYADOCID, KODOCID, SEQ, NEWDATE, USERNAME, VERSIONNO) VALUES(582, 1416, 1, TIMESTAMP '2007-04-03 22:47:34.703', NULL, NULL);
INSERT INTO PUBLIC.DOCSTR(OYADOCID, KODOCID, SEQ, NEWDATE, USERNAME, VERSIONNO) VALUES(1056, 1419, 2, TIMESTAMP '2007-04-03 22:50:35.562', NULL, NULL);
INSERT INTO PUBLIC.DOCSTR(OYADOCID, KODOCID, SEQ, NEWDATE, USERNAME, VERSIONNO) VALUES(1419, 1420, 1, TIMESTAMP '2007-04-03 22:50:35.656', NULL, NULL);
INSERT INTO PUBLIC.DOCSTR(OYADOCID, KODOCID, SEQ, NEWDATE, USERNAME, VERSIONNO) VALUES(1056, 1421, 3, TIMESTAMP '2007-04-03 22:50:42.609', NULL, NULL);
INSERT INTO PUBLIC.DOCSTR(OYADOCID, KODOCID, SEQ, NEWDATE, USERNAME, VERSIONNO) VALUES(1392, 1422, 2, TIMESTAMP '2007-04-03 22:54:04.703', NULL, NULL);
INSERT INTO PUBLIC.DOCSTR(OYADOCID, KODOCID, SEQ, NEWDATE, USERNAME, VERSIONNO) VALUES(1422, 1423, 1, TIMESTAMP '2007-04-03 22:54:04.812', NULL, NULL);
INSERT INTO PUBLIC.DOCSTR(OYADOCID, KODOCID, SEQ, NEWDATE, USERNAME, VERSIONNO) VALUES(1423, 1424, 1, TIMESTAMP '2007-04-03 22:54:04.843', NULL, NULL);
INSERT INTO PUBLIC.DOCSTR(OYADOCID, KODOCID, SEQ, NEWDATE, USERNAME, VERSIONNO) VALUES(1392, 1425, 3, TIMESTAMP '2007-04-03 22:54:45.25', NULL, NULL);
INSERT INTO PUBLIC.DOCSTR(OYADOCID, KODOCID, SEQ, NEWDATE, USERNAME, VERSIONNO) VALUES(1392, 1426, 4, TIMESTAMP '2007-04-03 23:00:25.843', NULL, NULL);
INSERT INTO PUBLIC.DOCSTR(OYADOCID, KODOCID, SEQ, NEWDATE, USERNAME, VERSIONNO) VALUES(1425, 1428, 1, TIMESTAMP '2007-04-03 23:00:33.437', NULL, NULL);
INSERT INTO PUBLIC.DOCSTR(OYADOCID, KODOCID, SEQ, NEWDATE, USERNAME, VERSIONNO) VALUES(1392, 1429, 5, TIMESTAMP '2007-04-08 01:40:48.281', NULL, NULL);
INSERT INTO PUBLIC.DOCSTR(OYADOCID, KODOCID, SEQ, NEWDATE, USERNAME, VERSIONNO) VALUES(1429, 1430, 1, TIMESTAMP '2007-04-08 01:41:28.593', NULL, NULL);
INSERT INTO PUBLIC.DOCSTR(OYADOCID, KODOCID, SEQ, NEWDATE, USERNAME, VERSIONNO) VALUES(1430, 1431, 1, TIMESTAMP '2007-04-08 01:41:44.718', NULL, NULL);
INSERT INTO PUBLIC.DOCSTR(OYADOCID, KODOCID, SEQ, NEWDATE, USERNAME, VERSIONNO) VALUES(82, 2666, 7, TIMESTAMP '2007-04-28 15:07:20.109', STRINGDECODE('\u591a\u3005\u826f\u7d14'), NULL);
INSERT INTO PUBLIC.DOCSTR(OYADOCID, KODOCID, SEQ, NEWDATE, USERNAME, VERSIONNO) VALUES(2677, 2716, 7, TIMESTAMP '2007-04-28 15:15:31.281', STRINGDECODE('\u591a\u3005\u826f\u7d14'), NULL);
INSERT INTO PUBLIC.DOCSTR(OYADOCID, KODOCID, SEQ, NEWDATE, USERNAME, VERSIONNO) VALUES(2724, 2729, 5, TIMESTAMP '2007-04-28 15:15:31.343', STRINGDECODE('\u591a\u3005\u826f\u7d14'), NULL);
INSERT INTO PUBLIC.DOCSTR(OYADOCID, KODOCID, SEQ, NEWDATE, USERNAME, VERSIONNO) VALUES(2716, 2717, 1, TIMESTAMP '2007-04-28 15:15:31.281', STRINGDECODE('\u591a\u3005\u826f\u7d14'), NULL);
INSERT INTO PUBLIC.DOCSTR(OYADOCID, KODOCID, SEQ, NEWDATE, USERNAME, VERSIONNO) VALUES(2716, 2718, 2, TIMESTAMP '2007-04-28 15:15:31.296', STRINGDECODE('\u591a\u3005\u826f\u7d14'), NULL);
INSERT INTO PUBLIC.DOCSTR(OYADOCID, KODOCID, SEQ, NEWDATE, USERNAME, VERSIONNO) VALUES(2716, 2719, 3, TIMESTAMP '2007-04-28 15:15:31.296', STRINGDECODE('\u591a\u3005\u826f\u7d14'), NULL);
INSERT INTO PUBLIC.DOCSTR(OYADOCID, KODOCID, SEQ, NEWDATE, USERNAME, VERSIONNO) VALUES(2716, 2720, 4, TIMESTAMP '2007-04-28 15:15:31.296', STRINGDECODE('\u591a\u3005\u826f\u7d14'), NULL);
INSERT INTO PUBLIC.DOCSTR(OYADOCID, KODOCID, SEQ, NEWDATE, USERNAME, VERSIONNO) VALUES(2677, 2721, 8, TIMESTAMP '2007-04-28 15:15:31.312', STRINGDECODE('\u591a\u3005\u826f\u7d14'), NULL);
INSERT INTO PUBLIC.DOCSTR(OYADOCID, KODOCID, SEQ, NEWDATE, USERNAME, VERSIONNO) VALUES(2721, 2722, 1, TIMESTAMP '2007-04-28 15:15:31.312', STRINGDECODE('\u591a\u3005\u826f\u7d14'), NULL);
INSERT INTO PUBLIC.DOCSTR(OYADOCID, KODOCID, SEQ, NEWDATE, USERNAME, VERSIONNO) VALUES(2666, 2723, 2, TIMESTAMP '2007-04-28 15:15:31.312', STRINGDECODE('\u591a\u3005\u826f\u7d14'), NULL);
INSERT INTO PUBLIC.DOCSTR(OYADOCID, KODOCID, SEQ, NEWDATE, USERNAME, VERSIONNO) VALUES(2723, 2724, 1, TIMESTAMP '2007-04-28 15:15:31.328', STRINGDECODE('\u591a\u3005\u826f\u7d14'), NULL);
INSERT INTO PUBLIC.DOCSTR(OYADOCID, KODOCID, SEQ, NEWDATE, USERNAME, VERSIONNO) VALUES(2724, 2725, 1, TIMESTAMP '2007-04-28 15:15:31.328', STRINGDECODE('\u591a\u3005\u826f\u7d14'), NULL);
INSERT INTO PUBLIC.DOCSTR(OYADOCID, KODOCID, SEQ, NEWDATE, USERNAME, VERSIONNO) VALUES(2724, 2726, 2, TIMESTAMP '2007-04-28 15:15:31.328', STRINGDECODE('\u591a\u3005\u826f\u7d14'), NULL);
INSERT INTO PUBLIC.DOCSTR(OYADOCID, KODOCID, SEQ, NEWDATE, USERNAME, VERSIONNO) VALUES(2724, 2727, 3, TIMESTAMP '2007-04-28 15:15:31.328', STRINGDECODE('\u591a\u3005\u826f\u7d14'), NULL);
INSERT INTO PUBLIC.DOCSTR(OYADOCID, KODOCID, SEQ, NEWDATE, USERNAME, VERSIONNO) VALUES(2724, 2728, 4, TIMESTAMP '2007-04-28 15:15:31.343', STRINGDECODE('\u591a\u3005\u826f\u7d14'), NULL);
INSERT INTO PUBLIC.DOCSTR(OYADOCID, KODOCID, SEQ, NEWDATE, USERNAME, VERSIONNO) VALUES(2666, 2677, 1, TIMESTAMP '2007-04-28 15:15:30.921', STRINGDECODE('\u591a\u3005\u826f\u7d14'), NULL);
INSERT INTO PUBLIC.DOCSTR(OYADOCID, KODOCID, SEQ, NEWDATE, USERNAME, VERSIONNO) VALUES(2677, 2678, 1, TIMESTAMP '2007-04-28 15:15:30.921', STRINGDECODE('\u591a\u3005\u826f\u7d14'), NULL);
INSERT INTO PUBLIC.DOCSTR(OYADOCID, KODOCID, SEQ, NEWDATE, USERNAME, VERSIONNO) VALUES(2678, 2679, 1, TIMESTAMP '2007-04-28 15:15:30.937', STRINGDECODE('\u591a\u3005\u826f\u7d14'), NULL);
INSERT INTO PUBLIC.DOCSTR(OYADOCID, KODOCID, SEQ, NEWDATE, USERNAME, VERSIONNO) VALUES(2678, 2680, 2, TIMESTAMP '2007-04-28 15:15:30.937', STRINGDECODE('\u591a\u3005\u826f\u7d14'), NULL);
INSERT INTO PUBLIC.DOCSTR(OYADOCID, KODOCID, SEQ, NEWDATE, USERNAME, VERSIONNO) VALUES(2678, 2681, 3, TIMESTAMP '2007-04-28 15:15:30.953', STRINGDECODE('\u591a\u3005\u826f\u7d14'), NULL);
INSERT INTO PUBLIC.DOCSTR(OYADOCID, KODOCID, SEQ, NEWDATE, USERNAME, VERSIONNO) VALUES(2678, 2682, 4, TIMESTAMP '2007-04-28 15:15:30.968', STRINGDECODE('\u591a\u3005\u826f\u7d14'), NULL);
INSERT INTO PUBLIC.DOCSTR(OYADOCID, KODOCID, SEQ, NEWDATE, USERNAME, VERSIONNO) VALUES(2678, 2683, 5, TIMESTAMP '2007-04-28 15:15:30.968', STRINGDECODE('\u591a\u3005\u826f\u7d14'), NULL);
INSERT INTO PUBLIC.DOCSTR(OYADOCID, KODOCID, SEQ, NEWDATE, USERNAME, VERSIONNO) VALUES(2677, 2684, 2, TIMESTAMP '2007-04-28 15:15:30.968', STRINGDECODE('\u591a\u3005\u826f\u7d14'), NULL);
INSERT INTO PUBLIC.DOCSTR(OYADOCID, KODOCID, SEQ, NEWDATE, USERNAME, VERSIONNO) VALUES(2684, 2685, 1, TIMESTAMP '2007-04-28 15:15:30.984', STRINGDECODE('\u591a\u3005\u826f\u7d14'), NULL);
INSERT INTO PUBLIC.DOCSTR(OYADOCID, KODOCID, SEQ, NEWDATE, USERNAME, VERSIONNO) VALUES(2684, 2686, 2, TIMESTAMP '2007-04-28 15:15:30.984', STRINGDECODE('\u591a\u3005\u826f\u7d14'), NULL);
INSERT INTO PUBLIC.DOCSTR(OYADOCID, KODOCID, SEQ, NEWDATE, USERNAME, VERSIONNO) VALUES(2684, 2687, 3, TIMESTAMP '2007-04-28 15:15:30.984', STRINGDECODE('\u591a\u3005\u826f\u7d14'), NULL);
INSERT INTO PUBLIC.DOCSTR(OYADOCID, KODOCID, SEQ, NEWDATE, USERNAME, VERSIONNO) VALUES(2684, 2688, 4, TIMESTAMP '2007-04-28 15:15:31.0', STRINGDECODE('\u591a\u3005\u826f\u7d14'), NULL);
INSERT INTO PUBLIC.DOCSTR(OYADOCID, KODOCID, SEQ, NEWDATE, USERNAME, VERSIONNO) VALUES(2684, 2689, 5, TIMESTAMP '2007-04-28 15:15:31.0', STRINGDECODE('\u591a\u3005\u826f\u7d14'), NULL);
INSERT INTO PUBLIC.DOCSTR(OYADOCID, KODOCID, SEQ, NEWDATE, USERNAME, VERSIONNO) VALUES(2684, 2690, 6, TIMESTAMP '2007-04-28 15:15:31.015', STRINGDECODE('\u591a\u3005\u826f\u7d14'), NULL);
INSERT INTO PUBLIC.DOCSTR(OYADOCID, KODOCID, SEQ, NEWDATE, USERNAME, VERSIONNO) VALUES(2684, 2691, 7, TIMESTAMP '2007-04-28 15:15:31.046', STRINGDECODE('\u591a\u3005\u826f\u7d14'), NULL);
INSERT INTO PUBLIC.DOCSTR(OYADOCID, KODOCID, SEQ, NEWDATE, USERNAME, VERSIONNO) VALUES(2684, 2692, 8, TIMESTAMP '2007-04-28 15:15:31.046', STRINGDECODE('\u591a\u3005\u826f\u7d14'), NULL);
INSERT INTO PUBLIC.DOCSTR(OYADOCID, KODOCID, SEQ, NEWDATE, USERNAME, VERSIONNO) VALUES(2684, 2693, 9, TIMESTAMP '2007-04-28 15:15:31.046', STRINGDECODE('\u591a\u3005\u826f\u7d14'), NULL);
INSERT INTO PUBLIC.DOCSTR(OYADOCID, KODOCID, SEQ, NEWDATE, USERNAME, VERSIONNO) VALUES(2677, 2694, 3, TIMESTAMP '2007-04-28 15:15:31.062', STRINGDECODE('\u591a\u3005\u826f\u7d14'), NULL);
INSERT INTO PUBLIC.DOCSTR(OYADOCID, KODOCID, SEQ, NEWDATE, USERNAME, VERSIONNO) VALUES(2694, 2695, 1, TIMESTAMP '2007-04-28 15:15:31.109', STRINGDECODE('\u591a\u3005\u826f\u7d14'), NULL);
INSERT INTO PUBLIC.DOCSTR(OYADOCID, KODOCID, SEQ, NEWDATE, USERNAME, VERSIONNO) VALUES(2694, 2696, 2, TIMESTAMP '2007-04-28 15:15:31.109', STRINGDECODE('\u591a\u3005\u826f\u7d14'), NULL);
INSERT INTO PUBLIC.DOCSTR(OYADOCID, KODOCID, SEQ, NEWDATE, USERNAME, VERSIONNO) VALUES(2694, 2697, 3, TIMESTAMP '2007-04-28 15:15:31.125', STRINGDECODE('\u591a\u3005\u826f\u7d14'), NULL);
INSERT INTO PUBLIC.DOCSTR(OYADOCID, KODOCID, SEQ, NEWDATE, USERNAME, VERSIONNO) VALUES(2694, 2698, 4, TIMESTAMP '2007-04-28 15:15:31.125', STRINGDECODE('\u591a\u3005\u826f\u7d14'), NULL);
INSERT INTO PUBLIC.DOCSTR(OYADOCID, KODOCID, SEQ, NEWDATE, USERNAME, VERSIONNO) VALUES(2694, 2699, 5, TIMESTAMP '2007-04-28 15:15:31.14', STRINGDECODE('\u591a\u3005\u826f\u7d14'), NULL);
INSERT INTO PUBLIC.DOCSTR(OYADOCID, KODOCID, SEQ, NEWDATE, USERNAME, VERSIONNO) VALUES(2694, 2700, 6, TIMESTAMP '2007-04-28 15:15:31.14', STRINGDECODE('\u591a\u3005\u826f\u7d14'), NULL);
INSERT INTO PUBLIC.DOCSTR(OYADOCID, KODOCID, SEQ, NEWDATE, USERNAME, VERSIONNO) VALUES(2694, 2701, 7, TIMESTAMP '2007-04-28 15:15:31.156', STRINGDECODE('\u591a\u3005\u826f\u7d14'), NULL);
INSERT INTO PUBLIC.DOCSTR(OYADOCID, KODOCID, SEQ, NEWDATE, USERNAME, VERSIONNO) VALUES(2694, 2702, 8, TIMESTAMP '2007-04-28 15:15:31.156', STRINGDECODE('\u591a\u3005\u826f\u7d14'), NULL);
INSERT INTO PUBLIC.DOCSTR(OYADOCID, KODOCID, SEQ, NEWDATE, USERNAME, VERSIONNO) VALUES(2694, 2703, 9, TIMESTAMP '2007-04-28 15:15:31.171', STRINGDECODE('\u591a\u3005\u826f\u7d14'), NULL);
INSERT INTO PUBLIC.DOCSTR(OYADOCID, KODOCID, SEQ, NEWDATE, USERNAME, VERSIONNO) VALUES(2694, 2704, 10, TIMESTAMP '2007-04-28 15:15:31.187', STRINGDECODE('\u591a\u3005\u826f\u7d14'), NULL);
INSERT INTO PUBLIC.DOCSTR(OYADOCID, KODOCID, SEQ, NEWDATE, USERNAME, VERSIONNO) VALUES(2694, 2705, 11, TIMESTAMP '2007-04-28 15:15:31.187', STRINGDECODE('\u591a\u3005\u826f\u7d14'), NULL);
INSERT INTO PUBLIC.DOCSTR(OYADOCID, KODOCID, SEQ, NEWDATE, USERNAME, VERSIONNO) VALUES(2677, 2706, 4, TIMESTAMP '2007-04-28 15:15:31.203', STRINGDECODE('\u591a\u3005\u826f\u7d14'), NULL);
INSERT INTO PUBLIC.DOCSTR(OYADOCID, KODOCID, SEQ, NEWDATE, USERNAME, VERSIONNO) VALUES(2706, 2707, 1, TIMESTAMP '2007-04-28 15:15:31.203', STRINGDECODE('\u591a\u3005\u826f\u7d14'), NULL);
INSERT INTO PUBLIC.DOCSTR(OYADOCID, KODOCID, SEQ, NEWDATE, USERNAME, VERSIONNO) VALUES(2706, 2708, 2, TIMESTAMP '2007-04-28 15:15:31.218', STRINGDECODE('\u591a\u3005\u826f\u7d14'), NULL);
INSERT INTO PUBLIC.DOCSTR(OYADOCID, KODOCID, SEQ, NEWDATE, USERNAME, VERSIONNO) VALUES(2706, 2709, 3, TIMESTAMP '2007-04-28 15:15:31.218', STRINGDECODE('\u591a\u3005\u826f\u7d14'), NULL);
INSERT INTO PUBLIC.DOCSTR(OYADOCID, KODOCID, SEQ, NEWDATE, USERNAME, VERSIONNO) VALUES(2706, 2710, 4, TIMESTAMP '2007-04-28 15:15:31.218', STRINGDECODE('\u591a\u3005\u826f\u7d14'), NULL);
INSERT INTO PUBLIC.DOCSTR(OYADOCID, KODOCID, SEQ, NEWDATE, USERNAME, VERSIONNO) VALUES(2677, 2711, 5, TIMESTAMP '2007-04-28 15:15:31.234', STRINGDECODE('\u591a\u3005\u826f\u7d14'), NULL);
INSERT INTO PUBLIC.DOCSTR(OYADOCID, KODOCID, SEQ, NEWDATE, USERNAME, VERSIONNO) VALUES(2711, 2712, 1, TIMESTAMP '2007-04-28 15:15:31.234', STRINGDECODE('\u591a\u3005\u826f\u7d14'), NULL);
INSERT INTO PUBLIC.DOCSTR(OYADOCID, KODOCID, SEQ, NEWDATE, USERNAME, VERSIONNO) VALUES(2711, 2713, 2, TIMESTAMP '2007-04-28 15:15:31.234', STRINGDECODE('\u591a\u3005\u826f\u7d14'), NULL);
INSERT INTO PUBLIC.DOCSTR(OYADOCID, KODOCID, SEQ, NEWDATE, USERNAME, VERSIONNO) VALUES(2677, 2714, 6, TIMESTAMP '2007-04-28 15:15:31.265', STRINGDECODE('\u591a\u3005\u826f\u7d14'), NULL);
INSERT INTO PUBLIC.DOCSTR(OYADOCID, KODOCID, SEQ, NEWDATE, USERNAME, VERSIONNO) VALUES(2714, 2715, 1, TIMESTAMP '2007-04-28 15:15:31.265', STRINGDECODE('\u591a\u3005\u826f\u7d14'), NULL);
INSERT INTO PUBLIC.DOCSTR(OYADOCID, KODOCID, SEQ, NEWDATE, USERNAME, VERSIONNO) VALUES(2724, 2730, 6, TIMESTAMP '2007-04-28 15:15:31.343', STRINGDECODE('\u591a\u3005\u826f\u7d14'), NULL);
INSERT INTO PUBLIC.DOCSTR(OYADOCID, KODOCID, SEQ, NEWDATE, USERNAME, VERSIONNO) VALUES(2724, 2731, 7, TIMESTAMP '2007-04-28 15:15:31.343', STRINGDECODE('\u591a\u3005\u826f\u7d14'), NULL);
INSERT INTO PUBLIC.DOCSTR(OYADOCID, KODOCID, SEQ, NEWDATE, USERNAME, VERSIONNO) VALUES(2724, 2732, 8, TIMESTAMP '2007-04-28 15:15:31.375', STRINGDECODE('\u591a\u3005\u826f\u7d14'), NULL);
INSERT INTO PUBLIC.DOCSTR(OYADOCID, KODOCID, SEQ, NEWDATE, USERNAME, VERSIONNO) VALUES(2723, 2733, 2, TIMESTAMP '2007-04-28 15:15:31.375', STRINGDECODE('\u591a\u3005\u826f\u7d14'), NULL);
INSERT INTO PUBLIC.DOCSTR(OYADOCID, KODOCID, SEQ, NEWDATE, USERNAME, VERSIONNO) VALUES(2733, 2734, 1, TIMESTAMP '2007-04-28 15:15:31.375', STRINGDECODE('\u591a\u3005\u826f\u7d14'), NULL);
INSERT INTO PUBLIC.DOCSTR(OYADOCID, KODOCID, SEQ, NEWDATE, USERNAME, VERSIONNO) VALUES(2733, 2735, 2, TIMESTAMP '2007-04-28 15:15:31.39', STRINGDECODE('\u591a\u3005\u826f\u7d14'), NULL);
INSERT INTO PUBLIC.DOCSTR(OYADOCID, KODOCID, SEQ, NEWDATE, USERNAME, VERSIONNO) VALUES(2733, 2736, 3, TIMESTAMP '2007-04-28 15:15:31.39', STRINGDECODE('\u591a\u3005\u826f\u7d14'), NULL);
INSERT INTO PUBLIC.DOCSTR(OYADOCID, KODOCID, SEQ, NEWDATE, USERNAME, VERSIONNO) VALUES(2733, 2737, 4, TIMESTAMP '2007-04-28 15:15:31.39', STRINGDECODE('\u591a\u3005\u826f\u7d14'), NULL);
INSERT INTO PUBLIC.DOCSTR(OYADOCID, KODOCID, SEQ, NEWDATE, USERNAME, VERSIONNO) VALUES(2733, 2738, 5, TIMESTAMP '2007-04-28 15:15:31.39', STRINGDECODE('\u591a\u3005\u826f\u7d14'), NULL);
INSERT INTO PUBLIC.DOCSTR(OYADOCID, KODOCID, SEQ, NEWDATE, USERNAME, VERSIONNO) VALUES(2733, 2739, 6, TIMESTAMP '2007-04-28 15:15:31.406', STRINGDECODE('\u591a\u3005\u826f\u7d14'), NULL);
INSERT INTO PUBLIC.DOCSTR(OYADOCID, KODOCID, SEQ, NEWDATE, USERNAME, VERSIONNO) VALUES(2733, 2740, 7, TIMESTAMP '2007-04-28 15:15:31.406', STRINGDECODE('\u591a\u3005\u826f\u7d14'), NULL);
INSERT INTO PUBLIC.DOCSTR(OYADOCID, KODOCID, SEQ, NEWDATE, USERNAME, VERSIONNO) VALUES(2733, 2741, 8, TIMESTAMP '2007-04-28 15:15:31.406', STRINGDECODE('\u591a\u3005\u826f\u7d14'), NULL);
INSERT INTO PUBLIC.DOCSTR(OYADOCID, KODOCID, SEQ, NEWDATE, USERNAME, VERSIONNO) VALUES(2733, 2742, 9, TIMESTAMP '2007-04-28 15:15:31.421', STRINGDECODE('\u591a\u3005\u826f\u7d14'), NULL);
INSERT INTO PUBLIC.DOCSTR(OYADOCID, KODOCID, SEQ, NEWDATE, USERNAME, VERSIONNO) VALUES(2733, 2743, 10, TIMESTAMP '2007-04-28 15:15:31.421', STRINGDECODE('\u591a\u3005\u826f\u7d14'), NULL);
INSERT INTO PUBLIC.DOCSTR(OYADOCID, KODOCID, SEQ, NEWDATE, USERNAME, VERSIONNO) VALUES(2733, 2744, 11, TIMESTAMP '2007-04-28 15:15:31.421', STRINGDECODE('\u591a\u3005\u826f\u7d14'), NULL);
INSERT INTO PUBLIC.DOCSTR(OYADOCID, KODOCID, SEQ, NEWDATE, USERNAME, VERSIONNO) VALUES(2723, 2745, 3, TIMESTAMP '2007-04-28 15:15:31.437', STRINGDECODE('\u591a\u3005\u826f\u7d14'), NULL);
INSERT INTO PUBLIC.DOCSTR(OYADOCID, KODOCID, SEQ, NEWDATE, USERNAME, VERSIONNO) VALUES(2745, 2746, 1, TIMESTAMP '2007-04-28 15:15:31.437', STRINGDECODE('\u591a\u3005\u826f\u7d14'), NULL);
INSERT INTO PUBLIC.DOCSTR(OYADOCID, KODOCID, SEQ, NEWDATE, USERNAME, VERSIONNO) VALUES(2745, 2747, 2, TIMESTAMP '2007-04-28 15:15:31.453', STRINGDECODE('\u591a\u3005\u826f\u7d14'), NULL);
INSERT INTO PUBLIC.DOCSTR(OYADOCID, KODOCID, SEQ, NEWDATE, USERNAME, VERSIONNO) VALUES(2723, 2748, 4, TIMESTAMP '2007-04-28 15:15:31.453', STRINGDECODE('\u591a\u3005\u826f\u7d14'), NULL);
INSERT INTO PUBLIC.DOCSTR(OYADOCID, KODOCID, SEQ, NEWDATE, USERNAME, VERSIONNO) VALUES(2748, 2749, 1, TIMESTAMP '2007-04-28 15:15:31.453', STRINGDECODE('\u591a\u3005\u826f\u7d14'), NULL);
INSERT INTO PUBLIC.DOCSTR(OYADOCID, KODOCID, SEQ, NEWDATE, USERNAME, VERSIONNO) VALUES(2748, 2750, 2, TIMESTAMP '2007-04-28 15:15:31.453', STRINGDECODE('\u591a\u3005\u826f\u7d14'), NULL);
INSERT INTO PUBLIC.DOCSTR(OYADOCID, KODOCID, SEQ, NEWDATE, USERNAME, VERSIONNO) VALUES(2748, 2751, 3, TIMESTAMP '2007-04-28 15:15:31.468', STRINGDECODE('\u591a\u3005\u826f\u7d14'), NULL);
INSERT INTO PUBLIC.DOCSTR(OYADOCID, KODOCID, SEQ, NEWDATE, USERNAME, VERSIONNO) VALUES(2748, 2752, 4, TIMESTAMP '2007-04-28 15:15:31.468', STRINGDECODE('\u591a\u3005\u826f\u7d14'), NULL);
INSERT INTO PUBLIC.DOCSTR(OYADOCID, KODOCID, SEQ, NEWDATE, USERNAME, VERSIONNO) VALUES(2723, 2753, 5, TIMESTAMP '2007-04-28 15:15:31.484', STRINGDECODE('\u591a\u3005\u826f\u7d14'), NULL);
INSERT INTO PUBLIC.DOCSTR(OYADOCID, KODOCID, SEQ, NEWDATE, USERNAME, VERSIONNO) VALUES(2753, 2754, 1, TIMESTAMP '2007-04-28 15:15:31.484', STRINGDECODE('\u591a\u3005\u826f\u7d14'), NULL);
INSERT INTO PUBLIC.DOCSTR(OYADOCID, KODOCID, SEQ, NEWDATE, USERNAME, VERSIONNO) VALUES(2666, 2755, 3, TIMESTAMP '2007-04-28 15:15:31.484', STRINGDECODE('\u591a\u3005\u826f\u7d14'), NULL);
INSERT INTO PUBLIC.DOCSTR(OYADOCID, KODOCID, SEQ, NEWDATE, USERNAME, VERSIONNO) VALUES(2755, 2756, 1, TIMESTAMP '2007-04-28 15:15:31.484', STRINGDECODE('\u591a\u3005\u826f\u7d14'), NULL);
INSERT INTO PUBLIC.DOCSTR(OYADOCID, KODOCID, SEQ, NEWDATE, USERNAME, VERSIONNO) VALUES(2756, 2757, 1, TIMESTAMP '2007-04-28 15:15:31.515', STRINGDECODE('\u591a\u3005\u826f\u7d14'), NULL);
INSERT INTO PUBLIC.DOCSTR(OYADOCID, KODOCID, SEQ, NEWDATE, USERNAME, VERSIONNO) VALUES(2756, 2758, 2, TIMESTAMP '2007-04-28 15:15:31.515', STRINGDECODE('\u591a\u3005\u826f\u7d14'), NULL);
INSERT INTO PUBLIC.DOCSTR(OYADOCID, KODOCID, SEQ, NEWDATE, USERNAME, VERSIONNO) VALUES(2756, 2759, 3, TIMESTAMP '2007-04-28 15:15:31.531', STRINGDECODE('\u591a\u3005\u826f\u7d14'), NULL);
INSERT INTO PUBLIC.DOCSTR(OYADOCID, KODOCID, SEQ, NEWDATE, USERNAME, VERSIONNO) VALUES(2756, 2760, 4, TIMESTAMP '2007-04-28 15:15:31.531', STRINGDECODE('\u591a\u3005\u826f\u7d14'), NULL);
INSERT INTO PUBLIC.DOCSTR(OYADOCID, KODOCID, SEQ, NEWDATE, USERNAME, VERSIONNO) VALUES(2756, 2761, 5, TIMESTAMP '2007-04-28 15:15:31.546', STRINGDECODE('\u591a\u3005\u826f\u7d14'), NULL);
INSERT INTO PUBLIC.DOCSTR(OYADOCID, KODOCID, SEQ, NEWDATE, USERNAME, VERSIONNO) VALUES(2755, 2762, 2, TIMESTAMP '2007-04-28 15:15:31.546', STRINGDECODE('\u591a\u3005\u826f\u7d14'), NULL);
INSERT INTO PUBLIC.DOCSTR(OYADOCID, KODOCID, SEQ, NEWDATE, USERNAME, VERSIONNO) VALUES(2762, 2763, 1, TIMESTAMP '2007-04-28 15:15:31.546', STRINGDECODE('\u591a\u3005\u826f\u7d14'), NULL);
INSERT INTO PUBLIC.DOCSTR(OYADOCID, KODOCID, SEQ, NEWDATE, USERNAME, VERSIONNO) VALUES(2762, 2764, 2, TIMESTAMP '2007-04-28 15:15:31.546', STRINGDECODE('\u591a\u3005\u826f\u7d14'), NULL);
INSERT INTO PUBLIC.DOCSTR(OYADOCID, KODOCID, SEQ, NEWDATE, USERNAME, VERSIONNO) VALUES(2762, 2765, 3, TIMESTAMP '2007-04-28 15:15:31.562', STRINGDECODE('\u591a\u3005\u826f\u7d14'), NULL);
INSERT INTO PUBLIC.DOCSTR(OYADOCID, KODOCID, SEQ, NEWDATE, USERNAME, VERSIONNO) VALUES(2762, 2766, 4, TIMESTAMP '2007-04-28 15:15:31.562', STRINGDECODE('\u591a\u3005\u826f\u7d14'), NULL);
INSERT INTO PUBLIC.DOCSTR(OYADOCID, KODOCID, SEQ, NEWDATE, USERNAME, VERSIONNO) VALUES(2762, 2767, 5, TIMESTAMP '2007-04-28 15:15:31.562', STRINGDECODE('\u591a\u3005\u826f\u7d14'), NULL);
INSERT INTO PUBLIC.DOCSTR(OYADOCID, KODOCID, SEQ, NEWDATE, USERNAME, VERSIONNO) VALUES(2762, 2768, 6, TIMESTAMP '2007-04-28 15:15:31.562', STRINGDECODE('\u591a\u3005\u826f\u7d14'), NULL);
INSERT INTO PUBLIC.DOCSTR(OYADOCID, KODOCID, SEQ, NEWDATE, USERNAME, VERSIONNO) VALUES(2762, 2769, 7, TIMESTAMP '2007-04-28 15:15:31.578', STRINGDECODE('\u591a\u3005\u826f\u7d14'), NULL);
INSERT INTO PUBLIC.DOCSTR(OYADOCID, KODOCID, SEQ, NEWDATE, USERNAME, VERSIONNO) VALUES(2755, 2770, 3, TIMESTAMP '2007-04-28 15:15:31.578', STRINGDECODE('\u591a\u3005\u826f\u7d14'), NULL);
INSERT INTO PUBLIC.DOCSTR(OYADOCID, KODOCID, SEQ, NEWDATE, USERNAME, VERSIONNO) VALUES(2770, 2771, 1, TIMESTAMP '2007-04-28 15:15:31.578', STRINGDECODE('\u591a\u3005\u826f\u7d14'), NULL);
INSERT INTO PUBLIC.DOCSTR(OYADOCID, KODOCID, SEQ, NEWDATE, USERNAME, VERSIONNO) VALUES(2770, 2772, 2, TIMESTAMP '2007-04-28 15:15:31.593', STRINGDECODE('\u591a\u3005\u826f\u7d14'), NULL);
INSERT INTO PUBLIC.DOCSTR(OYADOCID, KODOCID, SEQ, NEWDATE, USERNAME, VERSIONNO) VALUES(2770, 2773, 3, TIMESTAMP '2007-04-28 15:15:31.609', STRINGDECODE('\u591a\u3005\u826f\u7d14'), NULL);
INSERT INTO PUBLIC.DOCSTR(OYADOCID, KODOCID, SEQ, NEWDATE, USERNAME, VERSIONNO) VALUES(2770, 2774, 4, TIMESTAMP '2007-04-28 15:15:31.625', STRINGDECODE('\u591a\u3005\u826f\u7d14'), NULL);
INSERT INTO PUBLIC.DOCSTR(OYADOCID, KODOCID, SEQ, NEWDATE, USERNAME, VERSIONNO) VALUES(2770, 2775, 5, TIMESTAMP '2007-04-28 15:15:31.625', STRINGDECODE('\u591a\u3005\u826f\u7d14'), NULL);
INSERT INTO PUBLIC.DOCSTR(OYADOCID, KODOCID, SEQ, NEWDATE, USERNAME, VERSIONNO) VALUES(2770, 2776, 6, TIMESTAMP '2007-04-28 15:15:31.625', STRINGDECODE('\u591a\u3005\u826f\u7d14'), NULL);
INSERT INTO PUBLIC.DOCSTR(OYADOCID, KODOCID, SEQ, NEWDATE, USERNAME, VERSIONNO) VALUES(2770, 2777, 7, TIMESTAMP '2007-04-28 15:15:31.64', STRINGDECODE('\u591a\u3005\u826f\u7d14'), NULL);
INSERT INTO PUBLIC.DOCSTR(OYADOCID, KODOCID, SEQ, NEWDATE, USERNAME, VERSIONNO) VALUES(2770, 2778, 8, TIMESTAMP '2007-04-28 15:15:31.64', STRINGDECODE('\u591a\u3005\u826f\u7d14'), NULL);
INSERT INTO PUBLIC.DOCSTR(OYADOCID, KODOCID, SEQ, NEWDATE, USERNAME, VERSIONNO) VALUES(2666, 2779, 4, TIMESTAMP '2007-04-28 15:15:31.64', STRINGDECODE('\u591a\u3005\u826f\u7d14'), NULL);
INSERT INTO PUBLIC.DOCSTR(OYADOCID, KODOCID, SEQ, NEWDATE, USERNAME, VERSIONNO) VALUES(2779, 2780, 1, TIMESTAMP '2007-04-28 15:15:31.64', STRINGDECODE('\u591a\u3005\u826f\u7d14'), NULL);
INSERT INTO PUBLIC.DOCSTR(OYADOCID, KODOCID, SEQ, NEWDATE, USERNAME, VERSIONNO) VALUES(2780, 2781, 1, TIMESTAMP '2007-04-28 15:15:31.656', STRINGDECODE('\u591a\u3005\u826f\u7d14'), NULL);
INSERT INTO PUBLIC.DOCSTR(OYADOCID, KODOCID, SEQ, NEWDATE, USERNAME, VERSIONNO) VALUES(2780, 2782, 2, TIMESTAMP '2007-04-28 15:15:31.656', STRINGDECODE('\u591a\u3005\u826f\u7d14'), NULL);
INSERT INTO PUBLIC.DOCSTR(OYADOCID, KODOCID, SEQ, NEWDATE, USERNAME, VERSIONNO) VALUES(2780, 2783, 3, TIMESTAMP '2007-04-28 15:15:31.656', STRINGDECODE('\u591a\u3005\u826f\u7d14'), NULL);
INSERT INTO PUBLIC.DOCSTR(OYADOCID, KODOCID, SEQ, NEWDATE, USERNAME, VERSIONNO) VALUES(2780, 2784, 4, TIMESTAMP '2007-04-28 15:15:31.656', STRINGDECODE('\u591a\u3005\u826f\u7d14'), NULL);
INSERT INTO PUBLIC.DOCSTR(OYADOCID, KODOCID, SEQ, NEWDATE, USERNAME, VERSIONNO) VALUES(2780, 2785, 5, TIMESTAMP '2007-04-28 15:15:31.687', STRINGDECODE('\u591a\u3005\u826f\u7d14'), NULL);
INSERT INTO PUBLIC.DOCSTR(OYADOCID, KODOCID, SEQ, NEWDATE, USERNAME, VERSIONNO) VALUES(2780, 2786, 6, TIMESTAMP '2007-04-28 15:15:31.687', STRINGDECODE('\u591a\u3005\u826f\u7d14'), NULL);
INSERT INTO PUBLIC.DOCSTR(OYADOCID, KODOCID, SEQ, NEWDATE, USERNAME, VERSIONNO) VALUES(2780, 2787, 7, TIMESTAMP '2007-04-28 15:15:31.703', STRINGDECODE('\u591a\u3005\u826f\u7d14'), NULL);
INSERT INTO PUBLIC.DOCSTR(OYADOCID, KODOCID, SEQ, NEWDATE, USERNAME, VERSIONNO) VALUES(2780, 2788, 8, TIMESTAMP '2007-04-28 15:15:31.703', STRINGDECODE('\u591a\u3005\u826f\u7d14'), NULL);
INSERT INTO PUBLIC.DOCSTR(OYADOCID, KODOCID, SEQ, NEWDATE, USERNAME, VERSIONNO) VALUES(2780, 2789, 9, TIMESTAMP '2007-04-28 15:15:31.703', STRINGDECODE('\u591a\u3005\u826f\u7d14'), NULL);
INSERT INTO PUBLIC.DOCSTR(OYADOCID, KODOCID, SEQ, NEWDATE, USERNAME, VERSIONNO) VALUES(2780, 2790, 10, TIMESTAMP '2007-04-28 15:15:31.718', STRINGDECODE('\u591a\u3005\u826f\u7d14'), NULL);
INSERT INTO PUBLIC.DOCSTR(OYADOCID, KODOCID, SEQ, NEWDATE, USERNAME, VERSIONNO) VALUES(2779, 2791, 2, TIMESTAMP '2007-04-28 15:15:31.734', STRINGDECODE('\u591a\u3005\u826f\u7d14'), NULL);
INSERT INTO PUBLIC.DOCSTR(OYADOCID, KODOCID, SEQ, NEWDATE, USERNAME, VERSIONNO) VALUES(2791, 2792, 1, TIMESTAMP '2007-04-28 15:15:31.734', STRINGDECODE('\u591a\u3005\u826f\u7d14'), NULL);
INSERT INTO PUBLIC.DOCSTR(OYADOCID, KODOCID, SEQ, NEWDATE, USERNAME, VERSIONNO) VALUES(2779, 2793, 3, TIMESTAMP '2007-04-28 15:15:31.765', STRINGDECODE('\u591a\u3005\u826f\u7d14'), NULL);
INSERT INTO PUBLIC.DOCSTR(OYADOCID, KODOCID, SEQ, NEWDATE, USERNAME, VERSIONNO) VALUES(2793, 2794, 1, TIMESTAMP '2007-04-28 15:15:31.765', STRINGDECODE('\u591a\u3005\u826f\u7d14'), NULL);
INSERT INTO PUBLIC.DOCSTR(OYADOCID, KODOCID, SEQ, NEWDATE, USERNAME, VERSIONNO) VALUES(2666, 2795, 5, TIMESTAMP '2007-04-28 15:15:31.765', STRINGDECODE('\u591a\u3005\u826f\u7d14'), NULL);
INSERT INTO PUBLIC.DOCSTR(OYADOCID, KODOCID, SEQ, NEWDATE, USERNAME, VERSIONNO) VALUES(2795, 2796, 1, TIMESTAMP '2007-04-28 15:15:31.781', STRINGDECODE('\u591a\u3005\u826f\u7d14'), NULL);
INSERT INTO PUBLIC.DOCSTR(OYADOCID, KODOCID, SEQ, NEWDATE, USERNAME, VERSIONNO) VALUES(2796, 2797, 1, TIMESTAMP '2007-04-28 15:15:31.781', STRINGDECODE('\u591a\u3005\u826f\u7d14'), NULL);
INSERT INTO PUBLIC.DOCSTR(OYADOCID, KODOCID, SEQ, NEWDATE, USERNAME, VERSIONNO) VALUES(2795, 2798, 2, TIMESTAMP '2007-04-28 15:15:31.781', STRINGDECODE('\u591a\u3005\u826f\u7d14'), NULL);
INSERT INTO PUBLIC.DOCSTR(OYADOCID, KODOCID, SEQ, NEWDATE, USERNAME, VERSIONNO) VALUES(2798, 2799, 1, TIMESTAMP '2007-04-28 15:15:31.796', STRINGDECODE('\u591a\u3005\u826f\u7d14'), NULL);
INSERT INTO PUBLIC.DOCSTR(OYADOCID, KODOCID, SEQ, NEWDATE, USERNAME, VERSIONNO) VALUES(2798, 2800, 2, TIMESTAMP '2007-04-28 15:15:31.796', STRINGDECODE('\u591a\u3005\u826f\u7d14'), NULL);
INSERT INTO PUBLIC.DOCSTR(OYADOCID, KODOCID, SEQ, NEWDATE, USERNAME, VERSIONNO) VALUES(2795, 2801, 3, TIMESTAMP '2007-04-28 15:15:31.796', STRINGDECODE('\u591a\u3005\u826f\u7d14'), NULL);
INSERT INTO PUBLIC.DOCSTR(OYADOCID, KODOCID, SEQ, NEWDATE, USERNAME, VERSIONNO) VALUES(2801, 2802, 1, TIMESTAMP '2007-04-28 15:15:31.796', STRINGDECODE('\u591a\u3005\u826f\u7d14'), NULL);
INSERT INTO PUBLIC.DOCSTR(OYADOCID, KODOCID, SEQ, NEWDATE, USERNAME, VERSIONNO) VALUES(2795, 2803, 4, TIMESTAMP '2007-04-28 15:15:31.812', STRINGDECODE('\u591a\u3005\u826f\u7d14'), NULL);
INSERT INTO PUBLIC.DOCSTR(OYADOCID, KODOCID, SEQ, NEWDATE, USERNAME, VERSIONNO) VALUES(2803, 2804, 1, TIMESTAMP '2007-04-28 15:15:31.812', STRINGDECODE('\u591a\u3005\u826f\u7d14'), NULL);
INSERT INTO PUBLIC.DOCSTR(OYADOCID, KODOCID, SEQ, NEWDATE, USERNAME, VERSIONNO) VALUES(2666, 2805, 6, TIMESTAMP '2007-04-28 15:15:31.812', STRINGDECODE('\u591a\u3005\u826f\u7d14'), NULL);
INSERT INTO PUBLIC.DOCSTR(OYADOCID, KODOCID, SEQ, NEWDATE, USERNAME, VERSIONNO) VALUES(2805, 2806, 1, TIMESTAMP '2007-04-28 15:15:31.828', STRINGDECODE('\u591a\u3005\u826f\u7d14'), NULL);
INSERT INTO PUBLIC.DOCSTR(OYADOCID, KODOCID, SEQ, NEWDATE, USERNAME, VERSIONNO) VALUES(2806, 2807, 1, TIMESTAMP '2007-04-28 15:15:31.828', STRINGDECODE('\u591a\u3005\u826f\u7d14'), NULL);
INSERT INTO PUBLIC.DOCSTR(OYADOCID, KODOCID, SEQ, NEWDATE, USERNAME, VERSIONNO) VALUES(2806, 2808, 2, TIMESTAMP '2007-04-28 15:15:31.828', STRINGDECODE('\u591a\u3005\u826f\u7d14'), NULL);
INSERT INTO PUBLIC.DOCSTR(OYADOCID, KODOCID, SEQ, NEWDATE, USERNAME, VERSIONNO) VALUES(2805, 2809, 2, TIMESTAMP '2007-04-28 15:15:31.843', STRINGDECODE('\u591a\u3005\u826f\u7d14'), NULL);
INSERT INTO PUBLIC.DOCSTR(OYADOCID, KODOCID, SEQ, NEWDATE, USERNAME, VERSIONNO) VALUES(2809, 2810, 1, TIMESTAMP '2007-04-28 15:15:31.843', STRINGDECODE('\u591a\u3005\u826f\u7d14'), NULL);
INSERT INTO PUBLIC.DOCSTR(OYADOCID, KODOCID, SEQ, NEWDATE, USERNAME, VERSIONNO) VALUES(2809, 2811, 2, TIMESTAMP '2007-04-28 15:15:31.843', STRINGDECODE('\u591a\u3005\u826f\u7d14'), NULL);
INSERT INTO PUBLIC.DOCSTR(OYADOCID, KODOCID, SEQ, NEWDATE, USERNAME, VERSIONNO) VALUES(2805, 2812, 3, TIMESTAMP '2007-04-28 15:15:31.843', STRINGDECODE('\u591a\u3005\u826f\u7d14'), NULL);
INSERT INTO PUBLIC.DOCSTR(OYADOCID, KODOCID, SEQ, NEWDATE, USERNAME, VERSIONNO) VALUES(2812, 2813, 1, TIMESTAMP '2007-04-28 15:15:31.875', STRINGDECODE('\u591a\u3005\u826f\u7d14'), NULL);
INSERT INTO PUBLIC.DOCSTR(OYADOCID, KODOCID, SEQ, NEWDATE, USERNAME, VERSIONNO) VALUES(2812, 2814, 2, TIMESTAMP '2007-04-28 15:15:31.875', STRINGDECODE('\u591a\u3005\u826f\u7d14'), NULL);
INSERT INTO PUBLIC.DOCSTR(OYADOCID, KODOCID, SEQ, NEWDATE, USERNAME, VERSIONNO) VALUES(580, 2325, 92, TIMESTAMP '2007-04-25 01:47:53.234', STRINGDECODE('\u591a\u3005\u826f\u7d14'), NULL);
INSERT INTO PUBLIC.DOCSTR(OYADOCID, KODOCID, SEQ, NEWDATE, USERNAME, VERSIONNO) VALUES(2325, 2326, 1, TIMESTAMP '2007-04-25 01:48:44.015', STRINGDECODE('\u591a\u3005\u826f\u7d14'), NULL);
INSERT INTO PUBLIC.DOCSTR(OYADOCID, KODOCID, SEQ, NEWDATE, USERNAME, VERSIONNO) VALUES(1059, 790, 1, TIMESTAMP '2007-05-09 00:16:17.109', STRINGDECODE('\u591a\u3005\u826f\u7d14'), NULL);
INSERT INTO PUBLIC.DOCSTR(OYADOCID, KODOCID, SEQ, NEWDATE, USERNAME, VERSIONNO) VALUES(586, 1421, 2, TIMESTAMP '2007-05-31 23:03:00.484', STRINGDECODE('\u591a\u3005\u826f\u7d14'), NULL);
INSERT INTO PUBLIC.DOCSTR(OYADOCID, KODOCID, SEQ, NEWDATE, USERNAME, VERSIONNO) VALUES(1416, 1421, 2, TIMESTAMP '2007-05-31 23:03:18.0', STRINGDECODE('\u591a\u3005\u826f\u7d14'), NULL);
INSERT INTO PUBLIC.DOCSTR(OYADOCID, KODOCID, SEQ, NEWDATE, USERNAME, VERSIONNO) VALUES(1051, 578, 2, TIMESTAMP '2007-06-07 13:50:49.468', STRINGDECODE('\u591a\u3005\u826f\u7d14'), NULL);
INSERT INTO PUBLIC.DOCSTR(OYADOCID, KODOCID, SEQ, NEWDATE, USERNAME, VERSIONNO) VALUES(2326, 1424, 1, TIMESTAMP '2007-06-07 23:31:49.906', STRINGDECODE('\u591a\u3005\u826f\u7d14'), NULL);
INSERT INTO PUBLIC.DOCSTR(OYADOCID, KODOCID, SEQ, NEWDATE, USERNAME, VERSIONNO) VALUES(1393, 1424, 3, TIMESTAMP '2007-06-07 23:44:31.5', STRINGDECODE('\u591a\u3005\u826f\u7d14'), NULL);
INSERT INTO PUBLIC.DOCSTR(OYADOCID, KODOCID, SEQ, NEWDATE, USERNAME, VERSIONNO) VALUES(1429, 1426, 2, TIMESTAMP '2007-06-07 23:44:45.984', STRINGDECODE('\u591a\u3005\u826f\u7d14'), NULL);
INSERT INTO PUBLIC.DOCSTR(OYADOCID, KODOCID, SEQ, NEWDATE, USERNAME, VERSIONNO) VALUES(1426, 2857, 1, TIMESTAMP '2007-06-07 23:55:15.0', STRINGDECODE('\u591a\u3005\u826f\u7d14'), NULL);
INSERT INTO PUBLIC.DOCSTR(OYADOCID, KODOCID, SEQ, NEWDATE, USERNAME, VERSIONNO) VALUES(1430, 2855, 2, TIMESTAMP '2007-06-07 23:52:56.609', STRINGDECODE('\u591a\u3005\u826f\u7d14'), NULL);
INSERT INTO PUBLIC.DOCSTR(OYADOCID, KODOCID, SEQ, NEWDATE, USERNAME, VERSIONNO) VALUES(1392, 2858, 6, TIMESTAMP '2007-06-09 10:07:10.89', STRINGDECODE('\u591a\u3005\u826f\u7d14'), NULL);
INSERT INTO PUBLIC.DOCSTR(OYADOCID, KODOCID, SEQ, NEWDATE, USERNAME, VERSIONNO) VALUES(2678, 2858, 6, TIMESTAMP '2007-06-09 10:07:56.531', STRINGDECODE('\u591a\u3005\u826f\u7d14'), NULL);
INSERT INTO PUBLIC.DOCSTR(OYADOCID, KODOCID, SEQ, NEWDATE, USERNAME, VERSIONNO) VALUES(1211, 1207, 1, TIMESTAMP '2007-06-26 00:51:49.296', STRINGDECODE('\u4e09\u4e0a'), NULL);
INSERT INTO PUBLIC.DOCSTR(OYADOCID, KODOCID, SEQ, NEWDATE, USERNAME, VERSIONNO) VALUES(1202, 1207, 1, TIMESTAMP '2007-06-26 00:52:23.687', STRINGDECODE('\u4e09\u4e0a'), NULL);
INSERT INTO PUBLIC.DOCSTR(OYADOCID, KODOCID, SEQ, NEWDATE, USERNAME, VERSIONNO) VALUES(1216, 1207, 1, TIMESTAMP '2007-06-26 00:53:05.609', STRINGDECODE('\u4e09\u4e0a'), NULL);
INSERT INTO PUBLIC.DOCSTR(OYADOCID, KODOCID, SEQ, NEWDATE, USERNAME, VERSIONNO) VALUES(2815, 589, 5, TIMESTAMP '2007-06-22 00:13:14.828', STRINGDECODE('\u4e09\u4e0a'), NULL);
INSERT INTO PUBLIC.DOCSTR(OYADOCID, KODOCID, SEQ, NEWDATE, USERNAME, VERSIONNO) VALUES(580, 604, 93, TIMESTAMP '2007-06-23 02:35:39.546', STRINGDECODE('\u4e09\u4e0a'), NULL);
CREATE PRIMARY KEY ON PUBLIC.DOCSTR(OYADOCID, KODOCID);
CREATE INDEX PUBLIC.KO_ID ON PUBLIC.DOCSTR(KODOCID);
CREATE INDEX PUBLIC.OYA_ID ON PUBLIC.DOCSTR(OYADOCID);
CREATE CACHED TABLE PUBLIC.SORTTYPE(
    SORTTYPEID INT NOT NULL,
    SORTTYPENAME VARCHAR(50),
    ORDERSENT VARCHAR(128)
);
-- 5 = SELECT COUNT(*) FROM PUBLIC.SORTTYPE;
INSERT INTO PUBLIC.SORTTYPE(SORTTYPEID, SORTTYPENAME, ORDERSENT) VALUES(0, STRINGDECODE('\u6307\u5b9a\u9806'), 'docStr.SEQ');
INSERT INTO PUBLIC.SORTTYPE(SORTTYPEID, SORTTYPENAME, ORDERSENT) VALUES(10, STRINGDECODE('\u4f5c\u6210\u65e5\u6607\u9806'), 'doc.newDate');
INSERT INTO PUBLIC.SORTTYPE(SORTTYPEID, SORTTYPENAME, ORDERSENT) VALUES(11, STRINGDECODE('\u4f5c\u6210\u65e5\u964d\u9806'), 'doc.newDate DESC');
INSERT INTO PUBLIC.SORTTYPE(SORTTYPEID, SORTTYPENAME, ORDERSENT) VALUES(20, STRINGDECODE('\u30bf\u30a4\u30c8\u30eb\u6607\u9806'), 'doc.docTitle');
INSERT INTO PUBLIC.SORTTYPE(SORTTYPEID, SORTTYPENAME, ORDERSENT) VALUES(21, STRINGDECODE('\u30bf\u30a4\u30c8\u30eb\u964d\u9806'), 'doc.docTitle DESC');
CREATE PRIMARY KEY ON PUBLIC.SORTTYPE(SORTTYPEID);
CREATE CACHED TABLE PUBLIC.USERTBL(
    USERNAME VARCHAR(50) NOT NULL,
    ORG VARCHAR(50)
);
-- 6 = SELECT COUNT(*) FROM PUBLIC.USERTBL;
INSERT INTO PUBLIC.USERTBL(USERNAME, ORG) VALUES(STRINGDECODE('\u5c0f\u91ce'), 'ec-one');
INSERT INTO PUBLIC.USERTBL(USERNAME, ORG) VALUES(STRINGDECODE('\u6ff1\u5cf6'), 'ec-one');
INSERT INTO PUBLIC.USERTBL(USERNAME, ORG) VALUES(STRINGDECODE('\u5c0f\u6c60'), 'ec-one');
INSERT INTO PUBLIC.USERTBL(USERNAME, ORG) VALUES('yo', 'yo');
INSERT INTO PUBLIC.USERTBL(USERNAME, ORG) VALUES('chan', 'ec-one');
INSERT INTO PUBLIC.USERTBL(USERNAME, ORG) VALUES(STRINGDECODE('\u3088\u30fc\u3061\u3087\u3093\u3079'), STRINGDECODE('\u97d3\u56fd'));
CREATE PRIMARY KEY ON PUBLIC.USERTBL(USERNAME);
CREATE CACHED TABLE PUBLIC.WORKTYPE(
    WORKTYPEID INT NOT NULL,
    SEQ INT,
    WORKTYPENAME VARCHAR(100) NOT NULL,
    MEMO VARCHAR(65535),
    NEWDATE TIMESTAMP,
    VERSIONNO INT
);
-- 8 = SELECT COUNT(*) FROM PUBLIC.WORKTYPE;
INSERT INTO PUBLIC.WORKTYPE(WORKTYPEID, SEQ, WORKTYPENAME, MEMO, NEWDATE, VERSIONNO) VALUES(1, 100, STRINGDECODE('\u63d0\u6848'), 'jojo', TIMESTAMP '2007-02-20 22:15:19.0', 6);
INSERT INTO PUBLIC.WORKTYPE(WORKTYPEID, SEQ, WORKTYPENAME, MEMO, NEWDATE, VERSIONNO) VALUES(2, 200, STRINGDECODE('\u8981\u4ef6\u5b9a\u7fa9'), STRINGDECODE('\u3069\u30fc\u3075\u306b\u3084\u3093\u3060\u308d\u3046\u30fc\u306d\u30fc'), TIMESTAMP '2007-02-20 22:15:19.343', 9);
INSERT INTO PUBLIC.WORKTYPE(WORKTYPEID, SEQ, WORKTYPENAME, MEMO, NEWDATE, VERSIONNO) VALUES(3, 300, STRINGDECODE('\u57fa\u672c\u8a2d\u8a08'), STRINGDECODE('\u306a\u3093\u3067\u3060\u308d'), TIMESTAMP '2007-02-20 22:15:19.359', 11);
INSERT INTO PUBLIC.WORKTYPE(WORKTYPEID, SEQ, WORKTYPENAME, MEMO, NEWDATE, VERSIONNO) VALUES(4, 400, STRINGDECODE('\u8a73\u7d30\u8a2d\u8a08'), STRINGDECODE('\u305d\u30fc\u3060'), TIMESTAMP '2007-02-20 22:15:19.359', 2);
INSERT INTO PUBLIC.WORKTYPE(WORKTYPEID, SEQ, WORKTYPENAME, MEMO, NEWDATE, VERSIONNO) VALUES(5, 500, STRINGDECODE('\u5b9f\u88c5'), STRINGDECODE('java\u3068\u304b'), TIMESTAMP '2007-02-20 22:15:19.359', 1);
INSERT INTO PUBLIC.WORKTYPE(WORKTYPEID, SEQ, WORKTYPENAME, MEMO, NEWDATE, VERSIONNO) VALUES(15, 10000, STRINGDECODE('\u305d\u306e\u4ed6\u306e\u4f5c\u696d'), '', TIMESTAMP '2007-03-31 13:17:45.203', 0);
INSERT INTO PUBLIC.WORKTYPE(WORKTYPEID, SEQ, WORKTYPENAME, MEMO, NEWDATE, VERSIONNO) VALUES(7, 700, STRINGDECODE('\u7d50\u5408\u30c6\u30b9\u30c8'), '', TIMESTAMP '2007-03-17 15:43:24.75', 1);
INSERT INTO PUBLIC.WORKTYPE(WORKTYPEID, SEQ, WORKTYPENAME, MEMO, NEWDATE, VERSIONNO) VALUES(9, 150, STRINGDECODE('\u8abf\u67fb'), '', TIMESTAMP '2007-03-18 17:09:07.89', 0);
CREATE PRIMARY KEY ON PUBLIC.WORKTYPE(WORKTYPEID);
CREATE CACHED TABLE PUBLIC.OUTPUTTYPE(
    OUTPUTTYPEID INT NOT NULL,
    SEQ INT,
    OUTPUTTYPENAME VARCHAR(100) NOT NULL,
    MEMO VARCHAR(65535),
    NEWDATE TIMESTAMP,
    WORKTYPEID INT NOT NULL,
    VERSIONNO INT
);
-- 16 = SELECT COUNT(*) FROM PUBLIC.OUTPUTTYPE;
INSERT INTO PUBLIC.OUTPUTTYPE(OUTPUTTYPEID, SEQ, OUTPUTTYPENAME, MEMO, NEWDATE, WORKTYPEID, VERSIONNO) VALUES(23, 0, STRINGDECODE('\u8abf\u67fb\u5831\u544a\u66f8'), '', TIMESTAMP '2007-03-25 00:11:47.727', 9, 1);
INSERT INTO PUBLIC.OUTPUTTYPE(OUTPUTTYPEID, SEQ, OUTPUTTYPENAME, MEMO, NEWDATE, WORKTYPEID, VERSIONNO) VALUES(1, 100, STRINGDECODE('\u63d0\u6848\u66f8'), '', TIMESTAMP '2007-02-22 20:04:49.687', 1, 1);
INSERT INTO PUBLIC.OUTPUTTYPE(OUTPUTTYPEID, SEQ, OUTPUTTYPENAME, MEMO, NEWDATE, WORKTYPEID, VERSIONNO) VALUES(2, 200, STRINGDECODE('\u8981\u4ef6\u5b9a\u7fa9\u66f8'), STRINGDECODE('\u307d\u307d\u307d'), TIMESTAMP '2007-02-22 20:04:49.687', 2, 1);
INSERT INTO PUBLIC.OUTPUTTYPE(OUTPUTTYPEID, SEQ, OUTPUTTYPENAME, MEMO, NEWDATE, WORKTYPEID, VERSIONNO) VALUES(3, 300, STRINGDECODE('\u30c7\u30fc\u30bf\u30e2\u30c7\u30eb'), '', TIMESTAMP '2007-02-22 20:04:49.687', 3, 1);
INSERT INTO PUBLIC.OUTPUTTYPE(OUTPUTTYPEID, SEQ, OUTPUTTYPENAME, MEMO, NEWDATE, WORKTYPEID, VERSIONNO) VALUES(4, 400, STRINGDECODE('\u753b\u9762\u5b9a\u7fa9\u66f8'), '', TIMESTAMP '2007-02-22 20:04:49.687', 3, 2);
INSERT INTO PUBLIC.OUTPUTTYPE(OUTPUTTYPEID, SEQ, OUTPUTTYPENAME, MEMO, NEWDATE, WORKTYPEID, VERSIONNO) VALUES(5, 500, STRINGDECODE('\u5916\u90e8\u30a4\u30f3\u30bf\u30fc\u30d5\u30a7\u30fc\u30b9\u5b9a\u7fa9\u66f8'), '', TIMESTAMP '2007-02-22 20:04:49.687', 3, 0);
INSERT INTO PUBLIC.OUTPUTTYPE(OUTPUTTYPEID, SEQ, OUTPUTTYPENAME, MEMO, NEWDATE, WORKTYPEID, VERSIONNO) VALUES(6, 600, STRINGDECODE('\u57fa\u672c\u8a2d\u8a08\u66f8'), '', TIMESTAMP '2007-02-22 20:04:49.687', 3, 0);
INSERT INTO PUBLIC.OUTPUTTYPE(OUTPUTTYPEID, SEQ, OUTPUTTYPENAME, MEMO, NEWDATE, WORKTYPEID, VERSIONNO) VALUES(7, 700, STRINGDECODE('\u8a73\u7d30\u8a2d\u8a08\u66f8'), '', TIMESTAMP '2007-02-22 20:04:49.687', 4, 2);
INSERT INTO PUBLIC.OUTPUTTYPE(OUTPUTTYPEID, SEQ, OUTPUTTYPENAME, MEMO, NEWDATE, WORKTYPEID, VERSIONNO) VALUES(8, 100, 'java', STRINGDECODE('\u3061\u3087\u3093\u307e\u3052'), TIMESTAMP '2007-02-22 20:04:49.687', 5, 4);
INSERT INTO PUBLIC.OUTPUTTYPE(OUTPUTTYPEID, SEQ, OUTPUTTYPENAME, MEMO, NEWDATE, WORKTYPEID, VERSIONNO) VALUES(24, 100, STRINGDECODE('\u30c8\u30a4\u30ec\u306b\u884c\u304f'), '', TIMESTAMP '2007-03-31 13:18:00.187', 15, 4);
INSERT INTO PUBLIC.OUTPUTTYPE(OUTPUTTYPEID, SEQ, OUTPUTTYPENAME, MEMO, NEWDATE, WORKTYPEID, VERSIONNO) VALUES(18, 200, STRINGDECODE('\u8a2d\u5b9a\u30d5\u30a1\u30a4\u30eb'), '', TIMESTAMP '2007-03-21 22:26:29.546', 5, 0);
INSERT INTO PUBLIC.OUTPUTTYPE(OUTPUTTYPEID, SEQ, OUTPUTTYPENAME, MEMO, NEWDATE, WORKTYPEID, VERSIONNO) VALUES(19, 300, 'DDL', '', TIMESTAMP '2007-03-21 22:26:43.89', 5, 0);
INSERT INTO PUBLIC.OUTPUTTYPE(OUTPUTTYPEID, SEQ, OUTPUTTYPENAME, MEMO, NEWDATE, WORKTYPEID, VERSIONNO) VALUES(9, 0, STRINGDECODE('\u7d50\u5408\u30c6\u30b9\u30c8\u9805\u76ee\u8868'), '', TIMESTAMP '2007-03-17 22:17:15.171', 7, 0);
INSERT INTO PUBLIC.OUTPUTTYPE(OUTPUTTYPEID, SEQ, OUTPUTTYPENAME, MEMO, NEWDATE, WORKTYPEID, VERSIONNO) VALUES(10, 100, STRINGDECODE('\u6982\u5ff5\u30e2\u30c7\u30eb'), '', TIMESTAMP '2007-03-18 17:05:03.484', 2, 0);
INSERT INTO PUBLIC.OUTPUTTYPE(OUTPUTTYPEID, SEQ, OUTPUTTYPENAME, MEMO, NEWDATE, WORKTYPEID, VERSIONNO) VALUES(11, 100, STRINGDECODE('\u7d50\u5408\u30c6\u30b9\u30c8\u7d50\u679c'), '', TIMESTAMP '2007-03-18 17:18:05.39', 7, 0);
INSERT INTO PUBLIC.OUTPUTTYPE(OUTPUTTYPEID, SEQ, OUTPUTTYPENAME, MEMO, NEWDATE, WORKTYPEID, VERSIONNO) VALUES(25, 110, 'html', '', TIMESTAMP '2007-06-12 22:37:11.0', 5, 0);
CREATE PRIMARY KEY ON PUBLIC.OUTPUTTYPE(OUTPUTTYPEID);
CREATE CACHED TABLE PUBLIC.OUTPUT(
    OUTPUTID INT NOT NULL,
    OUTPUTTYPEID INT,
    NAME VARCHAR(128) NOT NULL,
    PATH VARCHAR(256),
    MEMO VARCHAR(65535),
    NEWDATE TIMESTAMP,
    USERNAME VARCHAR(50),
    VERSIONNO INT
);
-- 23 = SELECT COUNT(*) FROM PUBLIC.OUTPUT;
INSERT INTO PUBLIC.OUTPUT(OUTPUTID, OUTPUTTYPEID, NAME, PATH, MEMO, NEWDATE, USERNAME, VERSIONNO) VALUES(213, 9, STRINGDECODE('\uff58\uff58\u7d50\u5408\u30c6\u30b9\u30c8\u9805\u76ee\u8868'), '', '', TIMESTAMP '2007-03-23 11:32:13.312', STRINGDECODE('\u6ff1\u5cf6'), 1);
INSERT INTO PUBLIC.OUTPUT(OUTPUTID, OUTPUTTYPEID, NAME, PATH, MEMO, NEWDATE, USERNAME, VERSIONNO) VALUES(214, 23, STRINGDECODE('\uff58\uff58\u8abf\u67fb\u5831\u544a\u66f8'), '', '', TIMESTAMP '2007-03-25 00:12:33.339', '', 2);
INSERT INTO PUBLIC.OUTPUT(OUTPUTID, OUTPUTTYPEID, NAME, PATH, MEMO, NEWDATE, USERNAME, VERSIONNO) VALUES(216, 23, STRINGDECODE('\u3042\u305d\u3053\u8abf\u67fb\u5831\u544a\u66f8'), '', '', TIMESTAMP '2007-03-30 14:31:32.859', NULL, 4);
INSERT INTO PUBLIC.OUTPUT(OUTPUTID, OUTPUTTYPEID, NAME, PATH, MEMO, NEWDATE, USERNAME, VERSIONNO) VALUES(3, 3, STRINGDECODE('\uff58\uff58\u30c7\u30fc\u30bf\u30e2\u30c7\u30eb'), '', '', TIMESTAMP '2007-02-20 22:17:03.656', STRINGDECODE('\u6355\u9be8\u67d4\u548c\u8ad6'), 1);
INSERT INTO PUBLIC.OUTPUT(OUTPUTID, OUTPUTTYPEID, NAME, PATH, MEMO, NEWDATE, USERNAME, VERSIONNO) VALUES(4, 7, STRINGDECODE('\uff58\uff58\u8a73\u7d30\u8a2d\u8a08\u66f8'), '', '', TIMESTAMP '2007-02-20 22:17:03.656', STRINGDECODE('\u30aa\u30ed\u30c1\u30e7\u30f3'), 2);
INSERT INTO PUBLIC.OUTPUT(OUTPUTID, OUTPUTTYPEID, NAME, PATH, MEMO, NEWDATE, USERNAME, VERSIONNO) VALUES(5, 8, STRINGDECODE('\uff58\uff58Dao'), NULL, NULL, TIMESTAMP '2007-02-20 22:17:03.656', NULL, 0);
INSERT INTO PUBLIC.OUTPUT(OUTPUTID, OUTPUTTYPEID, NAME, PATH, MEMO, NEWDATE, USERNAME, VERSIONNO) VALUES(1, 1, STRINGDECODE('\uff58\uff58\u63d0\u6848\u66f8\u3060\u3088\u3093'), 'selj\dbSetup.bat', STRINGDECODE('\u3061\u3083\u3093\u3068\u5f01\u5f53\u98df\u3063\u3066\u308b\u304b\u3089\u3044\u3044\u3093\u3060\u3051\u3069\u3055'), TIMESTAMP '2007-02-20 22:17:03.64', STRINGDECODE('\u5c71\u4e0b'), 32);
INSERT INTO PUBLIC.OUTPUT(OUTPUTID, OUTPUTTYPEID, NAME, PATH, MEMO, NEWDATE, USERNAME, VERSIONNO) VALUES(2, 2, STRINGDECODE('\uff58\uff58\u8981\u4ef6\u5b9a\u7fa9\u66f8 \u304b\u3082'), 'project\javaWork\selj\src\main\jp\tokyo\selj\dao\DocStrSearchCondition.java', '', TIMESTAMP '2007-02-20 22:17:03.656', STRINGDECODE('\u6355\u9be8\u67d4\u548c\u8ad6'), 15);
INSERT INTO PUBLIC.OUTPUT(OUTPUTID, OUTPUTTYPEID, NAME, PATH, MEMO, NEWDATE, USERNAME, VERSIONNO) VALUES(203, 1, STRINGDECODE('\u307b\u3093\u3060\u3089\u63d0\u6848\u66f8'), STRINGDECODE('\u307b\u3093\u3060\u3089\u30d5\u30a9\u30eb\u30c0'), '', TIMESTAMP '2007-03-06 10:14:54.062', STRINGDECODE('\u6355\u9be8\u67d4\u548c\u8ad6'), 5);
INSERT INTO PUBLIC.OUTPUT(OUTPUTID, OUTPUTTYPEID, NAME, PATH, MEMO, NEWDATE, USERNAME, VERSIONNO) VALUES(205, 8, STRINGDECODE('\u306a\u3093\u3068\u304b\u30af\u30e9\u30b9'), '', '', TIMESTAMP '2007-03-06 10:16:28.515', NULL, 1);
INSERT INTO PUBLIC.OUTPUT(OUTPUTID, OUTPUTTYPEID, NAME, PATH, MEMO, NEWDATE, USERNAME, VERSIONNO) VALUES(8, 8, STRINGDECODE('\uff58\uff58Action'), STRINGDECODE('\u3071\u30fc\u3059\u30fc'), '', TIMESTAMP '2007-03-05 14:21:24.703', NULL, 2);
INSERT INTO PUBLIC.OUTPUT(OUTPUTID, OUTPUTTYPEID, NAME, PATH, MEMO, NEWDATE, USERNAME, VERSIONNO) VALUES(209, 2, STRINGDECODE('\u305d\u3093\u306a\u3053\u3068\u8a00\u3063\u3066\u306a\u3044\u8981\u4ef6\u5b9a\u7fa9\u66f8'), '', '', TIMESTAMP '2007-03-08 22:03:04.593', STRINGDECODE('\u30aa\u30ed\u30c1\u30e7\u30f3'), 1);
INSERT INTO PUBLIC.OUTPUT(OUTPUTID, OUTPUTTYPEID, NAME, PATH, MEMO, NEWDATE, USERNAME, VERSIONNO) VALUES(206, 10, STRINGDECODE('\u30a8\u30b9\u30d1\u30fc\u4e73\u6bdb\u8981\u4ef6\u5b9a\u7fa9\u66f8'), STRINGDECODE('\u30a8\u30b9\u30d1\u30fc\u4e73\u6bdb\u7814\u7a76\u6240'), STRINGDECODE('\u597d\u304d\u306a\u98df\u3079\u7269\u306f\u3001\u30d5\u30a1\u30a4\u30ca\u30eb\u4e73\u6bdb\u6625\u5dfb\u304d'), TIMESTAMP '2007-03-06 10:23:27.734', NULL, 3);
INSERT INTO PUBLIC.OUTPUT(OUTPUTID, OUTPUTTYPEID, NAME, PATH, MEMO, NEWDATE, USERNAME, VERSIONNO) VALUES(207, 7, STRINGDECODE('\u306a\u3093\u3068\u3044\u3046\u8a73\u7d30\u8a2d\u8a08\u66f8'), STRINGDECODE('\u3069\u3063\u304b\u306b\u3042\u308b'), '', TIMESTAMP '2007-03-08 18:38:25.625', STRINGDECODE('\u30d0\u30ab\u30dc\u30f3'), 0);
INSERT INTO PUBLIC.OUTPUT(OUTPUTID, OUTPUTTYPEID, NAME, PATH, MEMO, NEWDATE, USERNAME, VERSIONNO) VALUES(204, 7, STRINGDECODE('\u305d\u30fc\u3044\u3048\u3070\u8a73\u7d30\u8a2d\u8a08\u66f8'), STRINGDECODE('\u3069\u3053\u3060\u3063\u3051\uff1f'), '', TIMESTAMP '2007-03-06 10:15:46.046', NULL, 2);
INSERT INTO PUBLIC.OUTPUT(OUTPUTID, OUTPUTTYPEID, NAME, PATH, MEMO, NEWDATE, USERNAME, VERSIONNO) VALUES(217, 24, STRINGDECODE('\u5c3f'), '', '', TIMESTAMP '2007-03-31 13:18:40.312', STRINGDECODE('\u3088\u30fc\u3061\u3087\u3093\u3079'), 4);
INSERT INTO PUBLIC.OUTPUT(OUTPUTID, OUTPUTTYPEID, NAME, PATH, MEMO, NEWDATE, USERNAME, VERSIONNO) VALUES(218, 24, STRINGDECODE('\u7cde'), '', '', TIMESTAMP '2007-03-31 13:19:08.562', NULL, 0);
INSERT INTO PUBLIC.OUTPUT(OUTPUTID, OUTPUTTYPEID, NAME, PATH, MEMO, NEWDATE, USERNAME, VERSIONNO) VALUES(219, 6, STRINGDECODE('\uff58\uff58\u57fa\u672c\u8a2d\u8a08\u66f8'), '', '', TIMESTAMP '2007-05-11 23:20:10.265', STRINGDECODE('\u591a\u3005\u826f\u7d14'), 0);
INSERT INTO PUBLIC.OUTPUT(OUTPUTID, OUTPUTTYPEID, NAME, PATH, MEMO, NEWDATE, USERNAME, VERSIONNO) VALUES(208, 5, STRINGDECODE('\u30c6\u30fc\u30d6\u30eb\u5b9a\u7fa9\u66f8'), '', '', TIMESTAMP '2007-03-08 18:39:20.187', NULL, 1);
INSERT INTO PUBLIC.OUTPUT(OUTPUTID, OUTPUTTYPEID, NAME, PATH, MEMO, NEWDATE, USERNAME, VERSIONNO) VALUES(6, 4, STRINGDECODE('\uff58\uff58\u753b\u9762\u8a2d\u8a08\u66f8'), STRINGDECODE('\u3071\u3059'), '', TIMESTAMP '2007-02-26 21:52:51.125', NULL, 4);
INSERT INTO PUBLIC.OUTPUT(OUTPUTID, OUTPUTTYPEID, NAME, PATH, MEMO, NEWDATE, USERNAME, VERSIONNO) VALUES(201, 8, STRINGDECODE('\u3071\u3089\u3071\u3089\u30af\u30e9\u30b9'), STRINGDECODE('\u3071\u3089\u3071\u3089\u30d5\u30a9\u30eb\u30c0'), 'aaaaaaaaaaaaaaaaaaaaaaaaaaaaaaaaaaaaaaaaaaaaaaoooooooooooooooooooooooooooooooooooooooooooooooooooooooooooooohjk', TIMESTAMP '2007-03-05 19:54:15.046', STRINGDECODE('\u30de\u30c3\u30ae\u30fc'), 5);
INSERT INTO PUBLIC.OUTPUT(OUTPUTID, OUTPUTTYPEID, NAME, PATH, MEMO, NEWDATE, USERNAME, VERSIONNO) VALUES(220, 10, 'version.ini', 'C:\Documents and Settings\mikami\workspace\.metadata_ve_error\version.ini', '', TIMESTAMP '2007-05-31 09:40:31.031', STRINGDECODE('\u591a\u3005\u826f\u7d14'), 0);
INSERT INTO PUBLIC.OUTPUT(OUTPUTID, OUTPUTTYPEID, NAME, PATH, MEMO, NEWDATE, USERNAME, VERSIONNO) VALUES(221, 25, STRINGDECODE('\u30db\u30fc\u30e0\u30da\u30fc\u30b8'), '', '', TIMESTAMP '2007-06-12 22:37:34.39', STRINGDECODE('\u591a\u3005\u826f\u7d14'), 0);
CREATE PRIMARY KEY ON PUBLIC.OUTPUT(OUTPUTID);
CREATE UNIQUE INDEX PUBLIC.NAME_UNIQUE_INDEX_0 ON PUBLIC.OUTPUT(NAME);
CREATE CACHED TABLE PUBLIC.SYSZEETA(
    ID INT NOT NULL,
    VERSION VARCHAR(10) NOT NULL,
    NEEDUSERNAME BOOLEAN
);
-- 1 = SELECT COUNT(*) FROM PUBLIC.SYSZEETA;
INSERT INTO PUBLIC.SYSZEETA(ID, VERSION, NEEDUSERNAME) VALUES(1, '613', FALSE);
CREATE CACHED TABLE PUBLIC.CHECKTBL(
    OUTPUTID INT NOT NULL,
    CHECKDATE TIMESTAMP NOT NULL,
    USERNAME VARCHAR(50),
    VERSIONNO INT
);
-- 10 = SELECT COUNT(*) FROM PUBLIC.CHECKTBL;
INSERT INTO PUBLIC.CHECKTBL(OUTPUTID, CHECKDATE, USERNAME, VERSIONNO) VALUES(1, TIMESTAMP '2007-05-07 08:48:42.859', STRINGDECODE('\u591a\u3005\u826f\u7d14'), 0);
INSERT INTO PUBLIC.CHECKTBL(OUTPUTID, CHECKDATE, USERNAME, VERSIONNO) VALUES(1, TIMESTAMP '2007-05-07 14:27:25.5', STRINGDECODE('\u591a\u3005\u826f\u7d14'), 0);
INSERT INTO PUBLIC.CHECKTBL(OUTPUTID, CHECKDATE, USERNAME, VERSIONNO) VALUES(203, TIMESTAMP '2007-05-07 14:30:11.812', STRINGDECODE('\u591a\u3005\u826f\u7d14'), 0);
INSERT INTO PUBLIC.CHECKTBL(OUTPUTID, CHECKDATE, USERNAME, VERSIONNO) VALUES(206, TIMESTAMP '2007-05-10 23:32:57.968', STRINGDECODE('\u591a\u3005\u826f\u7d14'), 0);
INSERT INTO PUBLIC.CHECKTBL(OUTPUTID, CHECKDATE, USERNAME, VERSIONNO) VALUES(219, TIMESTAMP '2007-05-11 23:20:36.671', STRINGDECODE('\u591a\u3005\u826f\u7d14'), 0);
INSERT INTO PUBLIC.CHECKTBL(OUTPUTID, CHECKDATE, USERNAME, VERSIONNO) VALUES(219, TIMESTAMP '2007-05-11 23:21:35.187', STRINGDECODE('\u591a\u3005\u826f\u7d14'), 0);
INSERT INTO PUBLIC.CHECKTBL(OUTPUTID, CHECKDATE, USERNAME, VERSIONNO) VALUES(208, TIMESTAMP '2007-05-11 23:24:52.562', STRINGDECODE('\u591a\u3005\u826f\u7d14'), 0);
INSERT INTO PUBLIC.CHECKTBL(OUTPUTID, CHECKDATE, USERNAME, VERSIONNO) VALUES(2, TIMESTAMP '2007-06-24 00:39:52.109', STRINGDECODE('\u4e09\u4e0a'), 0);
INSERT INTO PUBLIC.CHECKTBL(OUTPUTID, CHECKDATE, USERNAME, VERSIONNO) VALUES(2, TIMESTAMP '2007-06-24 00:39:58.406', STRINGDECODE('\u4e09\u4e0a2'), 0);
INSERT INTO PUBLIC.CHECKTBL(OUTPUTID, CHECKDATE, USERNAME, VERSIONNO) VALUES(2, TIMESTAMP '2007-06-24 00:40:04.14', STRINGDECODE('\u3088\u30fc\u3061\u3087\u3093\u3079'), 0);
CREATE PRIMARY KEY ON PUBLIC.CHECKTBL(OUTPUTID, CHECKDATE);
CREATE CACHED TABLE PUBLIC.CHECKSTATE(
    CHECKSTATEID INT NOT NULL,
    CHECKSTATENAME VARCHAR(100) NOT NULL
);
-- 4 = SELECT COUNT(*) FROM PUBLIC.CHECKSTATE;
INSERT INTO PUBLIC.CHECKSTATE(CHECKSTATEID, CHECKSTATENAME) VALUES(0, '(un check)');
INSERT INTO PUBLIC.CHECKSTATE(CHECKSTATEID, CHECKSTATENAME) VALUES(10, 'OK');
INSERT INTO PUBLIC.CHECKSTATE(CHECKSTATEID, CHECKSTATENAME) VALUES(20, 'NG');
INSERT INTO PUBLIC.CHECKSTATE(CHECKSTATEID, CHECKSTATENAME) VALUES(30, '(no match)');
CREATE PRIMARY KEY ON PUBLIC.CHECKSTATE(CHECKSTATEID);
CREATE CACHED TABLE PUBLIC.CHECKDETAIL(
    OUTPUTID INT NOT NULL,
    CHECKDATE TIMESTAMP NOT NULL,
    CHECKPOINTID INT NOT NULL,
    UPDDATE TIMESTAMP,
    CHECKSTATEID INT NOT NULL,
    VERSIONNO INT
);
-- 15 = SELECT COUNT(*) FROM PUBLIC.CHECKDETAIL;
INSERT INTO PUBLIC.CHECKDETAIL(OUTPUTID, CHECKDATE, CHECKPOINTID, UPDDATE, CHECKSTATEID, VERSIONNO) VALUES(1, TIMESTAMP '2007-05-07 08:48:42.859', 5, TIMESTAMP '2007-05-07 08:48:48.609', 10, 1);
INSERT INTO PUBLIC.CHECKDETAIL(OUTPUTID, CHECKDATE, CHECKPOINTID, UPDDATE, CHECKSTATEID, VERSIONNO) VALUES(1, TIMESTAMP '2007-05-07 14:27:25.5', 5, TIMESTAMP '2007-05-07 14:27:25.5', 0, 0);
INSERT INTO PUBLIC.CHECKDETAIL(OUTPUTID, CHECKDATE, CHECKPOINTID, UPDDATE, CHECKSTATEID, VERSIONNO) VALUES(1, TIMESTAMP '2007-05-07 14:27:25.5', 6, TIMESTAMP '2007-05-07 14:27:25.5', 0, 0);
INSERT INTO PUBLIC.CHECKDETAIL(OUTPUTID, CHECKDATE, CHECKPOINTID, UPDDATE, CHECKSTATEID, VERSIONNO) VALUES(203, TIMESTAMP '2007-05-07 14:30:11.812', 5, TIMESTAMP '2007-05-07 14:30:11.812', 0, 0);
INSERT INTO PUBLIC.CHECKDETAIL(OUTPUTID, CHECKDATE, CHECKPOINTID, UPDDATE, CHECKSTATEID, VERSIONNO) VALUES(206, TIMESTAMP '2007-05-10 23:32:57.968', 7, TIMESTAMP '2007-05-10 23:33:02.781', 10, 1);
INSERT INTO PUBLIC.CHECKDETAIL(OUTPUTID, CHECKDATE, CHECKPOINTID, UPDDATE, CHECKSTATEID, VERSIONNO) VALUES(219, TIMESTAMP '2007-05-11 23:20:36.671', 8, TIMESTAMP '2007-05-11 23:20:36.687', 0, 0);
INSERT INTO PUBLIC.CHECKDETAIL(OUTPUTID, CHECKDATE, CHECKPOINTID, UPDDATE, CHECKSTATEID, VERSIONNO) VALUES(219, TIMESTAMP '2007-05-11 23:21:35.187', 8, TIMESTAMP '2007-05-11 23:21:56.89', 20, 1);
INSERT INTO PUBLIC.CHECKDETAIL(OUTPUTID, CHECKDATE, CHECKPOINTID, UPDDATE, CHECKSTATEID, VERSIONNO) VALUES(219, TIMESTAMP '2007-05-11 23:21:35.187', 10, TIMESTAMP '2007-05-11 23:21:53.218', 10, 1);
INSERT INTO PUBLIC.CHECKDETAIL(OUTPUTID, CHECKDATE, CHECKPOINTID, UPDDATE, CHECKSTATEID, VERSIONNO) VALUES(208, TIMESTAMP '2007-05-11 23:24:52.562', 11, TIMESTAMP '2007-05-11 23:24:52.562', 0, 0);
INSERT INTO PUBLIC.CHECKDETAIL(OUTPUTID, CHECKDATE, CHECKPOINTID, UPDDATE, CHECKSTATEID, VERSIONNO) VALUES(2, TIMESTAMP '2007-06-24 00:39:52.109', 12, TIMESTAMP '2007-06-24 00:39:52.125', 0, 0);
INSERT INTO PUBLIC.CHECKDETAIL(OUTPUTID, CHECKDATE, CHECKPOINTID, UPDDATE, CHECKSTATEID, VERSIONNO) VALUES(2, TIMESTAMP '2007-06-24 00:39:52.109', 13, TIMESTAMP '2007-06-24 00:39:52.171', 0, 0);
INSERT INTO PUBLIC.CHECKDETAIL(OUTPUTID, CHECKDATE, CHECKPOINTID, UPDDATE, CHECKSTATEID, VERSIONNO) VALUES(2, TIMESTAMP '2007-06-24 00:39:58.406', 12, TIMESTAMP '2007-06-24 00:39:58.406', 0, 0);
INSERT INTO PUBLIC.CHECKDETAIL(OUTPUTID, CHECKDATE, CHECKPOINTID, UPDDATE, CHECKSTATEID, VERSIONNO) VALUES(2, TIMESTAMP '2007-06-24 00:39:58.406', 13, TIMESTAMP '2007-06-24 00:39:58.406', 0, 0);
INSERT INTO PUBLIC.CHECKDETAIL(OUTPUTID, CHECKDATE, CHECKPOINTID, UPDDATE, CHECKSTATEID, VERSIONNO) VALUES(2, TIMESTAMP '2007-06-24 00:40:04.14', 12, TIMESTAMP '2007-06-24 00:40:04.14', 0, 0);
INSERT INTO PUBLIC.CHECKDETAIL(OUTPUTID, CHECKDATE, CHECKPOINTID, UPDDATE, CHECKSTATEID, VERSIONNO) VALUES(2, TIMESTAMP '2007-06-24 00:40:04.14', 13, TIMESTAMP '2007-06-24 00:40:04.14', 0, 0);
CREATE PRIMARY KEY ON PUBLIC.CHECKDETAIL(OUTPUTID, CHECKDATE, CHECKPOINTID);
CREATE CACHED TABLE PUBLIC.CHECKPOINT(
    CHECKPOINTID INT NOT NULL,
    OUTPUTTYPEID INT NOT NULL,
    CHECKCONT VARCHAR(512),
    SEQ INT,
    DELETEFLG BOOLEAN,
    VERSIONNO INT
);
-- 9 = SELECT COUNT(*) FROM PUBLIC.CHECKPOINT;
INSERT INTO PUBLIC.CHECKPOINT(CHECKPOINTID, OUTPUTTYPEID, CHECKCONT, SEQ, DELETEFLG, VERSIONNO) VALUES(5, 1, STRINGDECODE('\u3061\u3083\u3093\u3068\u63d0\u6848\u3059\u308b\u3053\u3068'), 10, FALSE, 0);
INSERT INTO PUBLIC.CHECKPOINT(CHECKPOINTID, OUTPUTTYPEID, CHECKCONT, SEQ, DELETEFLG, VERSIONNO) VALUES(6, 1, STRINGDECODE('\u65e5\u672c\u8a9e\u3067\u66f8\u304b\u308c\u3066\u3044\u308b\u3053\u3068'), 20, FALSE, 2);
INSERT INTO PUBLIC.CHECKPOINT(CHECKPOINTID, OUTPUTTYPEID, CHECKCONT, SEQ, DELETEFLG, VERSIONNO) VALUES(7, 10, STRINGDECODE('\u6982\u5ff5\u304c\u30e2\u30c7\u30eb\u5316\u3055\u308c\u3066\u3044\u308b\u3053\u3068'), 10, FALSE, 0);
INSERT INTO PUBLIC.CHECKPOINT(CHECKPOINTID, OUTPUTTYPEID, CHECKCONT, SEQ, DELETEFLG, VERSIONNO) VALUES(8, 6, STRINGDECODE('\u57fa\u672c\u304c\u8a2d\u8a08\u3055\u308c\u3066\u3044\u308b\u3053\u3068'), 10, FALSE, 0);
INSERT INTO PUBLIC.CHECKPOINT(CHECKPOINTID, OUTPUTTYPEID, CHECKCONT, SEQ, DELETEFLG, VERSIONNO) VALUES(9, 3, STRINGDECODE('\u30c7\u30fc\u30bf\u304c\u30e2\u30c7\u30eb\u5316\u3055\u308c\u3066\u3044\u308b\u3053\u3068'), 10, FALSE, 0);
INSERT INTO PUBLIC.CHECKPOINT(CHECKPOINTID, OUTPUTTYPEID, CHECKCONT, SEQ, DELETEFLG, VERSIONNO) VALUES(10, 6, STRINGDECODE('\u6771\u4e2d\u91ce\u3092\u901a\u904e\u3057\u3066\u3044\u308b\u3053\u3068'), 20, FALSE, 0);
INSERT INTO PUBLIC.CHECKPOINT(CHECKPOINTID, OUTPUTTYPEID, CHECKCONT, SEQ, DELETEFLG, VERSIONNO) VALUES(11, 5, STRINGDECODE('\u5916\u90e8\u304c\u30a4\u30f3\u30bf\u30fc\u30d5\u30a7\u30fc\u30b9\u3055\u308c\u3066\u3044\u308b\u3053\u3068'), 10, FALSE, 0);
INSERT INTO PUBLIC.CHECKPOINT(CHECKPOINTID, OUTPUTTYPEID, CHECKCONT, SEQ, DELETEFLG, VERSIONNO) VALUES(12, 2, STRINGDECODE('\u8981\u4ef6\u304c\u5b9a\u7fa9\u3055\u308c\u3066\u3044\u308b\u3053\u3068'), 10, FALSE, 0);
INSERT INTO PUBLIC.CHECKPOINT(CHECKPOINTID, OUTPUTTYPEID, CHECKCONT, SEQ, DELETEFLG, VERSIONNO) VALUES(13, 2, STRINGDECODE('\u8981\u4ef6\u304c\u5b9a\u7fa9\u3055\u308c\u3066\u3044\u306a\u3044\u3053\u3068'), 20, FALSE, 0);
CREATE PRIMARY KEY ON PUBLIC.CHECKPOINT(CHECKPOINTID);
CREATE CACHED TABLE PUBLIC.REVIEWSTATETYPE(
    REVIEWSTATETYPEID INT NOT NULL,
    REVIEWSTATETYPENAME VARCHAR(100) NOT NULL
);
-- 4 = SELECT COUNT(*) FROM PUBLIC.REVIEWSTATETYPE;
INSERT INTO PUBLIC.REVIEWSTATETYPE(REVIEWSTATETYPEID, REVIEWSTATETYPENAME) VALUES(0, STRINGDECODE('\u672a\u5bfe\u5fdc'));
INSERT INTO PUBLIC.REVIEWSTATETYPE(REVIEWSTATETYPEID, REVIEWSTATETYPENAME) VALUES(20, STRINGDECODE('\u5bfe\u5fdc\u6e08'));
INSERT INTO PUBLIC.REVIEWSTATETYPE(REVIEWSTATETYPEID, REVIEWSTATETYPENAME) VALUES(80, STRINGDECODE('\u518d\u958b'));
INSERT INTO PUBLIC.REVIEWSTATETYPE(REVIEWSTATETYPEID, REVIEWSTATETYPENAME) VALUES(100, STRINGDECODE('\u78ba\u8a8d\u6e08\u307f'));
CREATE PRIMARY KEY ON PUBLIC.REVIEWSTATETYPE(REVIEWSTATETYPEID);
CREATE CACHED TABLE PUBLIC.REVIEWDETAIL(
    OUTPUTID INT NOT NULL,
    REVIEWDATE TIMESTAMP NOT NULL,
    SEQ INT NOT NULL,
    MEMO VARCHAR(65535),
    UPDDATE TIMESTAMP,
    UPDUSERNAME VARCHAR(50),
    REVIEWSTATETYPEID INT NOT NULL,
    VERSIONNO INT
);
-- 13 = SELECT COUNT(*) FROM PUBLIC.REVIEWDETAIL;
INSERT INTO PUBLIC.REVIEWDETAIL(OUTPUTID, REVIEWDATE, SEQ, MEMO, UPDDATE, UPDUSERNAME, REVIEWSTATETYPEID, VERSIONNO) VALUES(1, TIMESTAMP '2007-05-15 23:17:41.609', 1, STRINGDECODE('\u30a8\u30fc\u3063\u30c8\n\u3088\u30fc\u308f\u304b\u3089\u3093'), TIMESTAMP '2007-05-22 23:53:00.0', STRINGDECODE('\u5c0f\u91ce'), 0, 0);
INSERT INTO PUBLIC.REVIEWDETAIL(OUTPUTID, REVIEWDATE, SEQ, MEMO, UPDDATE, UPDUSERNAME, REVIEWSTATETYPEID, VERSIONNO) VALUES(1, TIMESTAMP '2007-05-19 14:28:06.531', 1, STRINGDECODE('\u307b\u307b\u307b\u30fc\u3044'), TIMESTAMP '2007-05-21 21:38:00.0', STRINGDECODE('\u3088\u30fc\u3061\u3087\u3093\u3079'), 0, 0);
INSERT INTO PUBLIC.REVIEWDETAIL(OUTPUTID, REVIEWDATE, SEQ, MEMO, UPDDATE, UPDUSERNAME, REVIEWSTATETYPEID, VERSIONNO) VALUES(1, TIMESTAMP '2007-05-19 14:28:06.531', 2, STRINGDECODE('\u3046\u3052\u3052\n\u304a\u30fc\u30fc\u30fc\u30fc\u30fc\u30fc\u30fc\u3063\u3068'), TIMESTAMP '2007-05-21 21:39:00.0', STRINGDECODE('\u5c0f\u91ce'), 100, 2);
INSERT INTO PUBLIC.REVIEWDETAIL(OUTPUTID, REVIEWDATE, SEQ, MEMO, UPDDATE, UPDUSERNAME, REVIEWSTATETYPEID, VERSIONNO) VALUES(214, TIMESTAMP '2007-05-19 15:19:21.546', 1, STRINGDECODE('yoyoyoyo\n\u3061\u3093\u307d'), TIMESTAMP '2007-05-21 22:37:00.0', 'yo', 0, 0);
INSERT INTO PUBLIC.REVIEWDETAIL(OUTPUTID, REVIEWDATE, SEQ, MEMO, UPDDATE, UPDUSERNAME, REVIEWSTATETYPEID, VERSIONNO) VALUES(214, TIMESTAMP '2007-05-19 15:19:21.546', 2, STRINGDECODE('\u306f\u3044\u305d\u30fc\u3067\u3059\u3002\n\u305d\u305d\u305d\u305d\u305d\u305d'), TIMESTAMP '2007-05-21 22:37:00.0', STRINGDECODE('\u3088\u30fc\u3061\u3087\u3093\u3079'), 20, 0);
INSERT INTO PUBLIC.REVIEWDETAIL(OUTPUTID, REVIEWDATE, SEQ, MEMO, UPDDATE, UPDUSERNAME, REVIEWSTATETYPEID, VERSIONNO) VALUES(203, TIMESTAMP '2007-05-22 00:00:31.703', 1, STRINGDECODE('\u3069\u30fc\u3086\u30fc\u6c17\u6301\u3061\uff1f\n\u305d\u30fc\u3086\u30fc\u6c17\u6301\u3061'), TIMESTAMP '2007-05-22 00:01:00.0', 'chan', 0, 0);
INSERT INTO PUBLIC.REVIEWDETAIL(OUTPUTID, REVIEWDATE, SEQ, MEMO, UPDDATE, UPDUSERNAME, REVIEWSTATETYPEID, VERSIONNO) VALUES(203, TIMESTAMP '2007-05-22 00:00:31.703', 2, STRINGDECODE('\u306a\u3093\u3061\u3085\u30fc\u3053\u3068\u306f\u306a\u3044\n\u305d\u30fc\u3067\u3059\u3002'), TIMESTAMP '2007-05-22 00:18:00.0', 'chan', 0, 0);
INSERT INTO PUBLIC.REVIEWDETAIL(OUTPUTID, REVIEWDATE, SEQ, MEMO, UPDDATE, UPDUSERNAME, REVIEWSTATETYPEID, VERSIONNO) VALUES(1, TIMESTAMP '2007-05-15 23:17:41.609', 2, STRINGDECODE('\u3055\u3089\u306b\n\u3088\u30fc\u308f\u304b\u3089\u3093\n\u3067\u3082\u306d'), TIMESTAMP '2007-05-23 00:07:00.0', STRINGDECODE('\u3088\u30fc\u3061\u3087\u3093\u3079'), 0, 1);
INSERT INTO PUBLIC.REVIEWDETAIL(OUTPUTID, REVIEWDATE, SEQ, MEMO, UPDDATE, UPDUSERNAME, REVIEWSTATETYPEID, VERSIONNO) VALUES(1, TIMESTAMP '2007-05-15 23:17:41.609', 3, STRINGDECODE('\u305d\u306e\u3046\u3048\n\u3088\u30fc\u308f\u304b\u3089\u3093'), TIMESTAMP '2007-05-23 00:08:00.0', STRINGDECODE('\u5c0f\u6c60'), 0, 2);
INSERT INTO PUBLIC.REVIEWDETAIL(OUTPUTID, REVIEWDATE, SEQ, MEMO, UPDDATE, UPDUSERNAME, REVIEWSTATETYPEID, VERSIONNO) VALUES(1, TIMESTAMP '2007-05-19 14:28:06.531', 3, STRINGDECODE('\u307a\u307a\u307a\u307a\u307a\n\u3061\u3093\u3060\u3057\u3093\u3060'), TIMESTAMP '2007-05-25 09:59:00.0', STRINGDECODE('\u3088\u30fc\u3061\u3087\u3093\u3079'), 100, 1);
INSERT INTO PUBLIC.REVIEWDETAIL(OUTPUTID, REVIEWDATE, SEQ, MEMO, UPDDATE, UPDUSERNAME, REVIEWSTATETYPEID, VERSIONNO) VALUES(2, TIMESTAMP '2007-05-27 23:09:28.406', 1, STRINGDECODE('\u3060\u3060\u3060\u3060\n\u3053\u308c\u306f\u3060\u3081'), TIMESTAMP '2007-05-27 23:09:00.0', 'chan', 0, 0);
INSERT INTO PUBLIC.REVIEWDETAIL(OUTPUTID, REVIEWDATE, SEQ, MEMO, UPDDATE, UPDUSERNAME, REVIEWSTATETYPEID, VERSIONNO) VALUES(2, TIMESTAMP '2007-05-27 23:09:28.406', 2, STRINGDECODE('\u30de\u30b9\u30af\n3\u59c9\u59b9'), TIMESTAMP '2007-05-27 23:10:00.0', 'chan', 0, 0);
INSERT INTO PUBLIC.REVIEWDETAIL(OUTPUTID, REVIEWDATE, SEQ, MEMO, UPDDATE, UPDUSERNAME, REVIEWSTATETYPEID, VERSIONNO) VALUES(1, TIMESTAMP '2007-05-15 23:17:41.609', 4, STRINGDECODE('\u3053\u306e\u3088\u3046\u306b\u3000\n\u3057\u3066\u3082\u3044\u3044\u3060'), TIMESTAMP '2007-06-10 23:04:00.0', STRINGDECODE('\u5c0f\u6c60'), 0, 0);
CREATE PRIMARY KEY ON PUBLIC.REVIEWDETAIL(OUTPUTID, REVIEWDATE, SEQ);
CREATE CACHED TABLE PUBLIC.REVIEW(
    OUTPUTID INT NOT NULL,
    REVIEWDATE TIMESTAMP NOT NULL,
    USERNAME VARCHAR(50),
    REVIEWI VARCHAR(50),
    REVIEWER1 VARCHAR(50),
    REVIEWER2 VARCHAR(50),
    REVIEWER3 VARCHAR(50),
    REMARK VARCHAR(1024),
    VERSIONNO INT
);
-- 5 = SELECT COUNT(*) FROM PUBLIC.REVIEW;
INSERT INTO PUBLIC.REVIEW(OUTPUTID, REVIEWDATE, USERNAME, REVIEWI, REVIEWER1, REVIEWER2, REVIEWER3, REMARK, VERSIONNO) VALUES(1, TIMESTAMP '2007-05-15 23:17:41.609', NULL, STRINGDECODE('\u591a\u3005\u826f\u7d14'), STRINGDECODE('\u5c0f\u6c60'), STRINGDECODE('\u5c0f\u91ce'), STRINGDECODE('\u6ff1\u5cf6'), STRINGDECODE('\u30d4\u30a2\u30ec\u30d3\u30e5\u30fc'), 2);
INSERT INTO PUBLIC.REVIEW(OUTPUTID, REVIEWDATE, USERNAME, REVIEWI, REVIEWER1, REVIEWER2, REVIEWER3, REMARK, VERSIONNO) VALUES(1, TIMESTAMP '2007-05-19 14:28:06.531', NULL, STRINGDECODE('\u591a\u3005\u826f\u7d14'), STRINGDECODE('\u3088\u30fc\u3061\u3087\u3093\u3079'), NULL, NULL, STRINGDECODE('\u3042\u307a\u307a\u307a\u307a'), 1);
INSERT INTO PUBLIC.REVIEW(OUTPUTID, REVIEWDATE, USERNAME, REVIEWI, REVIEWER1, REVIEWER2, REVIEWER3, REMARK, VERSIONNO) VALUES(214, TIMESTAMP '2007-05-19 15:19:21.546', NULL, STRINGDECODE('\u591a\u3005\u826f\u7d14'), NULL, NULL, NULL, NULL, 0);
INSERT INTO PUBLIC.REVIEW(OUTPUTID, REVIEWDATE, USERNAME, REVIEWI, REVIEWER1, REVIEWER2, REVIEWER3, REMARK, VERSIONNO) VALUES(203, TIMESTAMP '2007-05-22 00:00:31.703', NULL, STRINGDECODE('\u591a\u3005\u826f\u7d14'), 'chan', NULL, NULL, STRINGDECODE('\u3042\u3044\u3046\u3048\u304a\u3051\u3051\u3051\u3051\n\u305d\u305d\u305d\u305d\u3057\u3057\uff53\u306b\uff54\u3042\u305f\u3042\u305f\u305f\n\n'), 1);
INSERT INTO PUBLIC.REVIEW(OUTPUTID, REVIEWDATE, USERNAME, REVIEWI, REVIEWER1, REVIEWER2, REVIEWER3, REMARK, VERSIONNO) VALUES(2, TIMESTAMP '2007-05-27 23:09:28.406', NULL, STRINGDECODE('\u6355\u9be8\u67d4\u548c\u8ad6'), 'chan', NULL, NULL, STRINGDECODE('\u304f\u3051\u3051\u3051'), 0);
CREATE PRIMARY KEY ON PUBLIC.REVIEW(OUTPUTID, REVIEWDATE);
CREATE CACHED TABLE PUBLIC.WORK(
    DOCID INT NOT NULL,
    OUTPUTID INT NOT NULL,
    WORKTYPEID INT NOT NULL,
    USERNAME VARCHAR(50),
    VERSIONNO INT,
    POINTER VARCHAR(128),
    COMPDATE TIMESTAMP,
    NEWDATE TIMESTAMP,
    COMPFLG BOOLEAN,
    NEWFLG BOOLEAN
);
-- 25 = SELECT COUNT(*) FROM PUBLIC.WORK;
INSERT INTO PUBLIC.WORK(DOCID, OUTPUTID, WORKTYPEID, USERNAME, VERSIONNO, POINTER, COMPDATE, NEWDATE, COMPFLG, NEWFLG) VALUES(1059, 203, 1, '', 0, NULL, NULL, TIMESTAMP '2007-03-28 17:59:33.453', FALSE, NULL);
INSERT INTO PUBLIC.WORK(DOCID, OUTPUTID, WORKTYPEID, USERNAME, VERSIONNO, POINTER, COMPDATE, NEWDATE, COMPFLG, NEWFLG) VALUES(1060, 6, 3, '', 0, NULL, NULL, TIMESTAMP '2007-03-28 17:59:42.781', FALSE, NULL);
INSERT INTO PUBLIC.WORK(DOCID, OUTPUTID, WORKTYPEID, USERNAME, VERSIONNO, POINTER, COMPDATE, NEWDATE, COMPFLG, NEWFLG) VALUES(594, 203, 1, '', 0, NULL, NULL, TIMESTAMP '2007-03-28 21:35:28.25', FALSE, NULL);
INSERT INTO PUBLIC.WORK(DOCID, OUTPUTID, WORKTYPEID, USERNAME, VERSIONNO, POINTER, COMPDATE, NEWDATE, COMPFLG, NEWFLG) VALUES(86, 203, 1, '', 1, '', NULL, TIMESTAMP '2007-03-28 21:35:39.734', FALSE, NULL);
INSERT INTO PUBLIC.WORK(DOCID, OUTPUTID, WORKTYPEID, USERNAME, VERSIONNO, POINTER, COMPDATE, NEWDATE, COMPFLG, NEWFLG) VALUES(1057, 203, 1, '', 0, NULL, NULL, TIMESTAMP '2007-03-28 21:36:04.343', FALSE, NULL);
INSERT INTO PUBLIC.WORK(DOCID, OUTPUTID, WORKTYPEID, USERNAME, VERSIONNO, POINTER, COMPDATE, NEWDATE, COMPFLG, NEWFLG) VALUES(83, 1, 1, '', 1, '', TIMESTAMP '2007-04-21 12:32:27.359', TIMESTAMP '2007-03-30 14:31:20.953', TRUE, NULL);
INSERT INTO PUBLIC.WORK(DOCID, OUTPUTID, WORKTYPEID, USERNAME, VERSIONNO, POINTER, COMPDATE, NEWDATE, COMPFLG, NEWFLG) VALUES(125, 5, 5, '', 0, NULL, NULL, TIMESTAMP '2007-03-29 21:27:04.281', FALSE, NULL);
INSERT INTO PUBLIC.WORK(DOCID, OUTPUTID, WORKTYPEID, USERNAME, VERSIONNO, POINTER, COMPDATE, NEWDATE, COMPFLG, NEWFLG) VALUES(128, 5, 5, '', 0, NULL, NULL, TIMESTAMP '2007-03-29 21:27:13.031', FALSE, NULL);
INSERT INTO PUBLIC.WORK(DOCID, OUTPUTID, WORKTYPEID, USERNAME, VERSIONNO, POINTER, COMPDATE, NEWDATE, COMPFLG, NEWFLG) VALUES(129, 5, 5, '', 0, NULL, NULL, TIMESTAMP '2007-03-29 21:27:17.734', FALSE, NULL);
INSERT INTO PUBLIC.WORK(DOCID, OUTPUTID, WORKTYPEID, USERNAME, VERSIONNO, POINTER, COMPDATE, NEWDATE, COMPFLG, NEWFLG) VALUES(126, 5, 5, '', 0, NULL, NULL, TIMESTAMP '2007-03-29 21:27:21.937', FALSE, NULL);
INSERT INTO PUBLIC.WORK(DOCID, OUTPUTID, WORKTYPEID, USERNAME, VERSIONNO, POINTER, COMPDATE, NEWDATE, COMPFLG, NEWFLG) VALUES(127, 5, 5, '', 0, NULL, NULL, TIMESTAMP '2007-03-29 21:27:25.906', FALSE, NULL);
INSERT INTO PUBLIC.WORK(DOCID, OUTPUTID, WORKTYPEID, USERNAME, VERSIONNO, POINTER, COMPDATE, NEWDATE, COMPFLG, NEWFLG) VALUES(83, 205, 5, '', 0, NULL, TIMESTAMP '2007-06-12 09:06:31.781', TIMESTAMP '2007-06-12 09:06:31.781', TRUE, NULL);
INSERT INTO PUBLIC.WORK(DOCID, OUTPUTID, WORKTYPEID, USERNAME, VERSIONNO, POINTER, COMPDATE, NEWDATE, COMPFLG, NEWFLG) VALUES(1056, 203, 1, '', 0, NULL, NULL, TIMESTAMP '2007-03-31 00:00:41.968', FALSE, NULL);
INSERT INTO PUBLIC.WORK(DOCID, OUTPUTID, WORKTYPEID, USERNAME, VERSIONNO, POINTER, COMPDATE, NEWDATE, COMPFLG, NEWFLG) VALUES(787, 217, 15, '', 4, '', TIMESTAMP '2007-05-08 23:13:29.093', TIMESTAMP '2007-03-31 13:19:46.546', TRUE, NULL);
INSERT INTO PUBLIC.WORK(DOCID, OUTPUTID, WORKTYPEID, USERNAME, VERSIONNO, POINTER, COMPDATE, NEWDATE, COMPFLG, NEWFLG) VALUES(82, 1, 1, '', 1, '', TIMESTAMP '2007-05-10 23:40:08.671', TIMESTAMP '2007-04-05 14:41:28.187', TRUE, NULL);
INSERT INTO PUBLIC.WORK(DOCID, OUTPUTID, WORKTYPEID, USERNAME, VERSIONNO, POINTER, COMPDATE, NEWDATE, COMPFLG, NEWFLG) VALUES(86, 214, 9, '', 0, NULL, NULL, TIMESTAMP '2007-04-07 18:17:26.734', FALSE, NULL);
INSERT INTO PUBLIC.WORK(DOCID, OUTPUTID, WORKTYPEID, USERNAME, VERSIONNO, POINTER, COMPDATE, NEWDATE, COMPFLG, NEWFLG) VALUES(1429, 1, 1, '', 1, '', TIMESTAMP '2007-05-10 23:40:50.781', TIMESTAMP '2007-04-08 01:43:37.937', TRUE, NULL);
INSERT INTO PUBLIC.WORK(DOCID, OUTPUTID, WORKTYPEID, USERNAME, VERSIONNO, POINTER, COMPDATE, NEWDATE, COMPFLG, NEWFLG) VALUES(86, 208, 3, '', 0, NULL, NULL, TIMESTAMP '2007-04-21 11:16:07.812', FALSE, NULL);
INSERT INTO PUBLIC.WORK(DOCID, OUTPUTID, WORKTYPEID, USERNAME, VERSIONNO, POINTER, COMPDATE, NEWDATE, COMPFLG, NEWFLG) VALUES(82, 8, 5, '', 0, NULL, TIMESTAMP '2007-06-09 15:22:45.25', TIMESTAMP '2007-06-09 15:22:45.25', TRUE, NULL);
INSERT INTO PUBLIC.WORK(DOCID, OUTPUTID, WORKTYPEID, USERNAME, VERSIONNO, POINTER, COMPDATE, NEWDATE, COMPFLG, NEWFLG) VALUES(1421, 201, 5, '', 0, NULL, TIMESTAMP '2007-05-31 23:04:06.578', TIMESTAMP '2007-05-31 23:04:06.578', TRUE, NULL);
INSERT INTO PUBLIC.WORK(DOCID, OUTPUTID, WORKTYPEID, USERNAME, VERSIONNO, POINTER, COMPDATE, NEWDATE, COMPFLG, NEWFLG) VALUES(82, 2, 2, '', 0, NULL, TIMESTAMP '2007-06-11 00:37:02.734', TIMESTAMP '2007-06-11 00:37:02.734', TRUE, NULL);
INSERT INTO PUBLIC.WORK(DOCID, OUTPUTID, WORKTYPEID, USERNAME, VERSIONNO, POINTER, COMPDATE, NEWDATE, COMPFLG, NEWFLG) VALUES(787, 205, 5, '', 0, NULL, TIMESTAMP '2007-06-12 22:28:48.062', TIMESTAMP '2007-06-12 22:28:48.062', TRUE, NULL);
INSERT INTO PUBLIC.WORK(DOCID, OUTPUTID, WORKTYPEID, USERNAME, VERSIONNO, POINTER, COMPDATE, NEWDATE, COMPFLG, NEWFLG) VALUES(580, 221, 5, '', 0, NULL, TIMESTAMP '2007-06-12 22:38:10.046', TIMESTAMP '2007-06-12 22:38:10.046', TRUE, NULL);
INSERT INTO PUBLIC.WORK(DOCID, OUTPUTID, WORKTYPEID, USERNAME, VERSIONNO, POINTER, COMPDATE, NEWDATE, COMPFLG, NEWFLG) VALUES(580, 1, 1, '', 0, NULL, TIMESTAMP '2007-06-12 23:55:36.906', TIMESTAMP '2007-06-12 23:55:36.906', TRUE, NULL);
INSERT INTO PUBLIC.WORK(DOCID, OUTPUTID, WORKTYPEID, USERNAME, VERSIONNO, POINTER, COMPDATE, NEWDATE, COMPFLG, NEWFLG) VALUES(2326, 1, 1, '', 0, NULL, TIMESTAMP '2007-06-12 23:56:19.109', TIMESTAMP '2007-06-12 23:56:19.109', TRUE, NULL);
CREATE PRIMARY KEY ON PUBLIC.WORK(DOCID, WORKTYPEID);
CREATE INDEX PUBLIC.CONSTRAINT_INDEX_1 ON PUBLIC.WORK(WORKTYPEID);
CREATE INDEX PUBLIC.CONSTRAINT_INDEX_2 ON PUBLIC.WORK(OUTPUTID);
CREATE CACHED TABLE PUBLIC.OUTPUTPROPTYPE(
    OUTPUTPROPTYPEID INT NOT NULL,
    OUTPUTPROPTYPENAME VARCHAR(128),
    UNITNAME VARCHAR(20),
    DESCR VARCHAR(256),
    SEQ INT,
    VERSIONNO INT
);
-- 7 = SELECT COUNT(*) FROM PUBLIC.OUTPUTPROPTYPE;
INSERT INTO PUBLIC.OUTPUTPROPTYPE(OUTPUTPROPTYPEID, OUTPUTPROPTYPENAME, UNITNAME, DESCR, SEQ, VERSIONNO) VALUES(1, STRINGDECODE('\u5de5\u6570'), STRINGDECODE('\u4eba\u65e5'), STRINGDECODE('1\u6642\u9593\u306f\u30010.125'), 10, 0);
INSERT INTO PUBLIC.OUTPUTPROPTYPE(OUTPUTPROPTYPEID, OUTPUTPROPTYPENAME, UNITNAME, DESCR, SEQ, VERSIONNO) VALUES(2, STRINGDECODE('\u5168\u30b9\u30c6\u30c3\u30d7\u6570'), 'step', STRINGDECODE('\u30b3\u30e1\u30f3\u30c8\u3092\u542b\u3080'), 20, 1);
INSERT INTO PUBLIC.OUTPUTPROPTYPE(OUTPUTPROPTYPEID, OUTPUTPROPTYPENAME, UNITNAME, DESCR, SEQ, VERSIONNO) VALUES(4, STRINGDECODE('\u547d\u4ee4\u30b9\u30c6\u30c3\u30d7\u6570'), 'step', STRINGDECODE('\u30b3\u30e1\u30f3\u30c8\u3092\u542b\u307e\u306a\u3044'), 30, 1);
INSERT INTO PUBLIC.OUTPUTPROPTYPE(OUTPUTPROPTYPEID, OUTPUTPROPTYPENAME, UNITNAME, DESCR, SEQ, VERSIONNO) VALUES(5, STRINGDECODE('\u30c6\u30b9\u30c8\u9805\u76ee\u6570'), STRINGDECODE('\u9805\u76ee'), '', 40, 0);
INSERT INTO PUBLIC.OUTPUTPROPTYPE(OUTPUTPROPTYPEID, OUTPUTPROPTYPENAME, UNITNAME, DESCR, SEQ, VERSIONNO) VALUES(6, STRINGDECODE('\u753b\u9762\u6570'), STRINGDECODE('\u753b\u9762'), '', 50, 0);
INSERT INTO PUBLIC.OUTPUTPROPTYPE(OUTPUTPROPTYPEID, OUTPUTPROPTYPENAME, UNITNAME, DESCR, SEQ, VERSIONNO) VALUES(7, STRINGDECODE('\u30da\u30fc\u30b8\u6570'), STRINGDECODE('\u30da\u30fc\u30b8'), '', 15, 0);
INSERT INTO PUBLIC.OUTPUTPROPTYPE(OUTPUTPROPTYPEID, OUTPUTPROPTYPENAME, UNITNAME, DESCR, SEQ, VERSIONNO) VALUES(8, STRINGDECODE('\u6392\u51fa\u91cf'), STRINGDECODE('\u30ea\u30c3\u30c8\u30eb'), '', 990, 0);
CREATE PRIMARY KEY ON PUBLIC.OUTPUTPROPTYPE(OUTPUTPROPTYPEID);
CREATE CACHED TABLE PUBLIC.WORKPROP(
    DOCID INT NOT NULL,
    WORKTYPEID INT NOT NULL,
    OUTPUTPROPTYPEID INT NOT NULL,
    JISSEKIFLG BOOLEAN NOT NULL,
    VALUE NUMERIC(10, 2),
    VERSIONNO INT
);
-- 28 = SELECT COUNT(*) FROM PUBLIC.WORKPROP;
INSERT INTO PUBLIC.WORKPROP(DOCID, WORKTYPEID, OUTPUTPROPTYPEID, JISSEKIFLG, VALUE, VERSIONNO) VALUES(82, 5, 2, FALSE, 12.00, 0);
INSERT INTO PUBLIC.WORKPROP(DOCID, WORKTYPEID, OUTPUTPROPTYPEID, JISSEKIFLG, VALUE, VERSIONNO) VALUES(82, 1, 1, FALSE, 12.00, 0);
INSERT INTO PUBLIC.WORKPROP(DOCID, WORKTYPEID, OUTPUTPROPTYPEID, JISSEKIFLG, VALUE, VERSIONNO) VALUES(82, 5, 1, FALSE, 34.00, 0);
INSERT INTO PUBLIC.WORKPROP(DOCID, WORKTYPEID, OUTPUTPROPTYPEID, JISSEKIFLG, VALUE, VERSIONNO) VALUES(83, 1, 1, FALSE, 56.56, 1);
INSERT INTO PUBLIC.WORKPROP(DOCID, WORKTYPEID, OUTPUTPROPTYPEID, JISSEKIFLG, VALUE, VERSIONNO) VALUES(82, 1, 1, TRUE, 333.33, 1);
INSERT INTO PUBLIC.WORKPROP(DOCID, WORKTYPEID, OUTPUTPROPTYPEID, JISSEKIFLG, VALUE, VERSIONNO) VALUES(82, 5, 2, TRUE, 22.22, 1);
INSERT INTO PUBLIC.WORKPROP(DOCID, WORKTYPEID, OUTPUTPROPTYPEID, JISSEKIFLG, VALUE, VERSIONNO) VALUES(82, 5, 4, FALSE, 23.00, 0);
INSERT INTO PUBLIC.WORKPROP(DOCID, WORKTYPEID, OUTPUTPROPTYPEID, JISSEKIFLG, VALUE, VERSIONNO) VALUES(1059, 1, 1, FALSE, 1.10, 0);
INSERT INTO PUBLIC.WORKPROP(DOCID, WORKTYPEID, OUTPUTPROPTYPEID, JISSEKIFLG, VALUE, VERSIONNO) VALUES(594, 1, 1, FALSE, 2.20, 0);
INSERT INTO PUBLIC.WORKPROP(DOCID, WORKTYPEID, OUTPUTPROPTYPEID, JISSEKIFLG, VALUE, VERSIONNO) VALUES(86, 1, 1, FALSE, 3.30, 0);
INSERT INTO PUBLIC.WORKPROP(DOCID, WORKTYPEID, OUTPUTPROPTYPEID, JISSEKIFLG, VALUE, VERSIONNO) VALUES(1056, 1, 1, FALSE, 4.40, 0);
INSERT INTO PUBLIC.WORKPROP(DOCID, WORKTYPEID, OUTPUTPROPTYPEID, JISSEKIFLG, VALUE, VERSIONNO) VALUES(83, 1, 1, TRUE, 56.00, 1);
INSERT INTO PUBLIC.WORKPROP(DOCID, WORKTYPEID, OUTPUTPROPTYPEID, JISSEKIFLG, VALUE, VERSIONNO) VALUES(82, 2, 1, TRUE, 5.00, 0);
INSERT INTO PUBLIC.WORKPROP(DOCID, WORKTYPEID, OUTPUTPROPTYPEID, JISSEKIFLG, VALUE, VERSIONNO) VALUES(86, 1, 1, TRUE, 90.00, 0);
INSERT INTO PUBLIC.WORKPROP(DOCID, WORKTYPEID, OUTPUTPROPTYPEID, JISSEKIFLG, VALUE, VERSIONNO) VALUES(83, 5, 2, FALSE, 2000.00, 0);
INSERT INTO PUBLIC.WORKPROP(DOCID, WORKTYPEID, OUTPUTPROPTYPEID, JISSEKIFLG, VALUE, VERSIONNO) VALUES(83, 5, 4, FALSE, 100.00, 0);
INSERT INTO PUBLIC.WORKPROP(DOCID, WORKTYPEID, OUTPUTPROPTYPEID, JISSEKIFLG, VALUE, VERSIONNO) VALUES(83, 5, 4, TRUE, 150.00, 0);
INSERT INTO PUBLIC.WORKPROP(DOCID, WORKTYPEID, OUTPUTPROPTYPEID, JISSEKIFLG, VALUE, VERSIONNO) VALUES(83, 5, 1, FALSE, 10.00, 0);
INSERT INTO PUBLIC.WORKPROP(DOCID, WORKTYPEID, OUTPUTPROPTYPEID, JISSEKIFLG, VALUE, VERSIONNO) VALUES(83, 5, 1, TRUE, 33.00, 0);
INSERT INTO PUBLIC.WORKPROP(DOCID, WORKTYPEID, OUTPUTPROPTYPEID, JISSEKIFLG, VALUE, VERSIONNO) VALUES(787, 5, 1, FALSE, 12.00, 0);
INSERT INTO PUBLIC.WORKPROP(DOCID, WORKTYPEID, OUTPUTPROPTYPEID, JISSEKIFLG, VALUE, VERSIONNO) VALUES(787, 5, 2, TRUE, 234.00, 0);
INSERT INTO PUBLIC.WORKPROP(DOCID, WORKTYPEID, OUTPUTPROPTYPEID, JISSEKIFLG, VALUE, VERSIONNO) VALUES(83, 5, 2, TRUE, 120.00, 1);
INSERT INTO PUBLIC.WORKPROP(DOCID, WORKTYPEID, OUTPUTPROPTYPEID, JISSEKIFLG, VALUE, VERSIONNO) VALUES(1429, 1, 1, TRUE, 1.00, 0);
INSERT INTO PUBLIC.WORKPROP(DOCID, WORKTYPEID, OUTPUTPROPTYPEID, JISSEKIFLG, VALUE, VERSIONNO) VALUES(2326, 1, 1, TRUE, 334.00, 0);
INSERT INTO PUBLIC.WORKPROP(DOCID, WORKTYPEID, OUTPUTPROPTYPEID, JISSEKIFLG, VALUE, VERSIONNO) VALUES(580, 1, 1, FALSE, 12.00, 0);
INSERT INTO PUBLIC.WORKPROP(DOCID, WORKTYPEID, OUTPUTPROPTYPEID, JISSEKIFLG, VALUE, VERSIONNO) VALUES(580, 1, 1, TRUE, 5.00, 0);
INSERT INTO PUBLIC.WORKPROP(DOCID, WORKTYPEID, OUTPUTPROPTYPEID, JISSEKIFLG, VALUE, VERSIONNO) VALUES(82, 2, 7, FALSE, 45.00, 2);
INSERT INTO PUBLIC.WORKPROP(DOCID, WORKTYPEID, OUTPUTPROPTYPEID, JISSEKIFLG, VALUE, VERSIONNO) VALUES(82, 2, 7, TRUE, 99.00, 4);
CREATE PRIMARY KEY ON PUBLIC.WORKPROP(DOCID, WORKTYPEID, OUTPUTPROPTYPEID, JISSEKIFLG);
CREATE CACHED TABLE PUBLIC.OUTPUTTYPEPROPTYPE(
    OUTPUTTYPEID INT NOT NULL,
    OUTPUTPROPTYPEID INT NOT NULL
);
-- 20 = SELECT COUNT(*) FROM PUBLIC.OUTPUTTYPEPROPTYPE;
INSERT INTO PUBLIC.OUTPUTTYPEPROPTYPE(OUTPUTTYPEID, OUTPUTPROPTYPEID) VALUES(1, 1);
INSERT INTO PUBLIC.OUTPUTTYPEPROPTYPE(OUTPUTTYPEID, OUTPUTPROPTYPEID) VALUES(10, 1);
INSERT INTO PUBLIC.OUTPUTTYPEPROPTYPE(OUTPUTTYPEID, OUTPUTPROPTYPEID) VALUES(4, 1);
INSERT INTO PUBLIC.OUTPUTTYPEPROPTYPE(OUTPUTTYPEID, OUTPUTPROPTYPEID) VALUES(4, 6);
INSERT INTO PUBLIC.OUTPUTTYPEPROPTYPE(OUTPUTTYPEID, OUTPUTPROPTYPEID) VALUES(8, 1);
INSERT INTO PUBLIC.OUTPUTTYPEPROPTYPE(OUTPUTTYPEID, OUTPUTPROPTYPEID) VALUES(8, 2);
INSERT INTO PUBLIC.OUTPUTTYPEPROPTYPE(OUTPUTTYPEID, OUTPUTPROPTYPEID) VALUES(8, 4);
INSERT INTO PUBLIC.OUTPUTTYPEPROPTYPE(OUTPUTTYPEID, OUTPUTPROPTYPEID) VALUES(9, 1);
INSERT INTO PUBLIC.OUTPUTTYPEPROPTYPE(OUTPUTTYPEID, OUTPUTPROPTYPEID) VALUES(9, 5);
INSERT INTO PUBLIC.OUTPUTTYPEPROPTYPE(OUTPUTTYPEID, OUTPUTPROPTYPEID) VALUES(11, 1);
INSERT INTO PUBLIC.OUTPUTTYPEPROPTYPE(OUTPUTTYPEID, OUTPUTPROPTYPEID) VALUES(11, 5);
INSERT INTO PUBLIC.OUTPUTTYPEPROPTYPE(OUTPUTTYPEID, OUTPUTPROPTYPEID) VALUES(2, 1);
INSERT INTO PUBLIC.OUTPUTTYPEPROPTYPE(OUTPUTTYPEID, OUTPUTPROPTYPEID) VALUES(2, 7);
INSERT INTO PUBLIC.OUTPUTTYPEPROPTYPE(OUTPUTTYPEID, OUTPUTPROPTYPEID) VALUES(23, 1);
INSERT INTO PUBLIC.OUTPUTTYPEPROPTYPE(OUTPUTTYPEID, OUTPUTPROPTYPEID) VALUES(23, 7);
INSERT INTO PUBLIC.OUTPUTTYPEPROPTYPE(OUTPUTTYPEID, OUTPUTPROPTYPEID) VALUES(23, 2);
INSERT INTO PUBLIC.OUTPUTTYPEPROPTYPE(OUTPUTTYPEID, OUTPUTPROPTYPEID) VALUES(3, 1);
INSERT INTO PUBLIC.OUTPUTTYPEPROPTYPE(OUTPUTTYPEID, OUTPUTPROPTYPEID) VALUES(7, 1);
INSERT INTO PUBLIC.OUTPUTTYPEPROPTYPE(OUTPUTTYPEID, OUTPUTPROPTYPEID) VALUES(5, 1);
INSERT INTO PUBLIC.OUTPUTTYPEPROPTYPE(OUTPUTTYPEID, OUTPUTPROPTYPEID) VALUES(6, 1);
CREATE PRIMARY KEY ON PUBLIC.OUTPUTTYPEPROPTYPE(OUTPUTTYPEID, OUTPUTPROPTYPEID);
ALTER TABLE PUBLIC.WORK ADD CONSTRAINT PUBLIC.CONSTRAINT_3 FOREIGN KEY(OUTPUTID) REFERENCES PUBLIC.OUTPUT(OUTPUTID) ON DELETE CASCADE;
ALTER TABLE PUBLIC.CHECKPOINT ADD CONSTRAINT PUBLIC.CHECKPOINT_FK1 FOREIGN KEY(OUTPUTTYPEID) REFERENCES PUBLIC.OUTPUTTYPE(OUTPUTTYPEID);
ALTER TABLE PUBLIC.REVIEWDETAIL ADD CONSTRAINT PUBLIC.REVIEWDETAIL_FK1 FOREIGN KEY(REVIEWSTATETYPEID) REFERENCES PUBLIC.REVIEWSTATETYPE(REVIEWSTATETYPEID);
ALTER TABLE PUBLIC.WORK ADD CONSTRAINT PUBLIC.CONSTRAINT_2 FOREIGN KEY(DOCID) REFERENCES PUBLIC.DOC(DOCID) ON DELETE CASCADE;
ALTER TABLE PUBLIC.CHECKTBL ADD CONSTRAINT PUBLIC.CHECK_FK1 FOREIGN KEY(OUTPUTID) REFERENCES PUBLIC.OUTPUT(OUTPUTID) ON DELETE CASCADE;
ALTER TABLE PUBLIC.OUTPUTTYPEPROPTYPE ADD CONSTRAINT PUBLIC.OUTPUTTYPEPROPTYPE_FK2 FOREIGN KEY(OUTPUTPROPTYPEID) REFERENCES PUBLIC.OUTPUTPROPTYPE(OUTPUTPROPTYPEID) ON DELETE CASCADE;
ALTER TABLE PUBLIC.WORKPROP ADD CONSTRAINT PUBLIC.WORKPROP_FK2 FOREIGN KEY(OUTPUTPROPTYPEID) REFERENCES PUBLIC.OUTPUTPROPTYPE(OUTPUTPROPTYPEID);
ALTER TABLE PUBLIC.REVIEWDETAIL ADD CONSTRAINT PUBLIC.REVIEWDETAIL_FK2 FOREIGN KEY(OUTPUTID, REVIEWDATE) REFERENCES PUBLIC.REVIEW(OUTPUTID, REVIEWDATE) ON DELETE CASCADE;
ALTER TABLE PUBLIC.CHECKDETAIL ADD CONSTRAINT PUBLIC.CHECKDETAIL_FK2 FOREIGN KEY(CHECKSTATEID) REFERENCES PUBLIC.CHECKSTATE(CHECKSTATEID);
ALTER TABLE PUBLIC.OUTPUTTYPEPROPTYPE ADD CONSTRAINT PUBLIC.OUTPUTTYPEPROPTYPE_FK1 FOREIGN KEY(OUTPUTTYPEID) REFERENCES PUBLIC.OUTPUTTYPE(OUTPUTTYPEID) ON DELETE CASCADE;
ALTER TABLE PUBLIC.CHECKDETAIL ADD CONSTRAINT PUBLIC.CHECKDETAIL_FK3 FOREIGN KEY(OUTPUTID, CHECKDATE) REFERENCES PUBLIC.CHECKTBL(OUTPUTID, CHECKDATE) ON DELETE CASCADE;
ALTER TABLE PUBLIC.WORKPROP ADD CONSTRAINT PUBLIC.WORKPROP_FK1 FOREIGN KEY(DOCID, WORKTYPEID) REFERENCES PUBLIC.WORK(DOCID, WORKTYPEID) ON DELETE CASCADE;
ALTER TABLE PUBLIC.OUTPUT ADD CONSTRAINT PUBLIC.NAME_UNIQUE UNIQUE(NAME);
ALTER TABLE PUBLIC.WORK ADD CONSTRAINT PUBLIC.CONSTRAINT_1 FOREIGN KEY(WORKTYPEID) REFERENCES PUBLIC.WORKTYPE(WORKTYPEID);
ALTER TABLE PUBLIC.OUTPUTTYPE ADD CONSTRAINT PUBLIC.CONSTRAINT_0 FOREIGN KEY(WORKTYPEID) REFERENCES PUBLIC.WORKTYPE(WORKTYPEID);
ALTER TABLE PUBLIC.REVIEW ADD CONSTRAINT PUBLIC.REVIEW_FK1 FOREIGN KEY(OUTPUTID) REFERENCES PUBLIC.OUTPUT(OUTPUTID) ON DELETE CASCADE;
